:020000040804EE
:1000000000040020258A0408D9860408E186040833
:10001000358704083D870408458704080000000070
:10002000000000000000000000000000758A0408C5
:100030004D87040800000000DD34000003030000C9
:10004000758A0408758A0408758A0408758A040884
:10005000758A0408758A0408758A0408758A040874
:10006000758A0408758A0408758A04085D8704087F
:100070007D87040891870408A5870408B9870408C8
:10008000CD870408E1870408758A0408FD890408FF
:10009000118A0408758A0408758A0408758A040898
:1000A000758A0408758A0408758A0408758A040824
:1000B000758A0408758A0408758A0408758A040814
:1000C000758A0408F5870408098804081D8804084F
:1000D000758A04083188040845880408598804088A
:1000E000758A0408758A040800000000758A0408EF
:1000F000758A0408758A0408758A04086D880408DE
:10010000758A040881880408758A0408758A0408B9
:1001100095880408A9880408BD880408758A04081D
:10012000D1880408E5880408F98804080D890408C2
:100130002189040835890408758A0408758A040829
:1001400000000000000000000000000000000000AF
:10015000498904085D8904087189040885890408AF
:10016000758A0408758A0408758A0408758A040863
:10017000758A0408758A0408758A0408758A040853
:10018000758A0408758A040899890408AD890408E9
:10019000758A0408758A0408758A0408758A040833
:1001A000758A0408758A0408758A0408758A040823
:1001B000758A0408758A0408758A0408758A040813
:1001C000758A0408758A0408758A0408758A040803
:1001D000758A0408758A0408758A0408758A0408F3
:1001E000758A0408758A0408758A0408758A0408E3
:1001F000758A0408758A0408758A0408758A0408D3
:10020000758A0408758A0408758A0408758A0408C2
:10021000758A0408758A0408758A0408758A0408B2
:10022000758A0408758A0408758A040800000000AD
:10023000758A0408758A040800000000758A04089D
:10024000758A0408C1890408D5890408758A0408D8
:10025000758A0408758A0408758A0408758A040872
:10026000758A0408758A0408758A0408758A040862
:10027000758A0408758A0408E989040800000000EA
:10028000758A0408758A0408758A0408000000004D
:1002900000000000758A0408000000000000000053
:1002A00072B61D481D4901F1040101604FF0E020C4
:1002B0001B49C0F8081D1B481949096801601A4804
:1002C000016841F0010101604FF0E02017494161F0
:1002D0004FF0070101614FF00001C0F8181D4FF009
:1002E0007F41C0F81C1D1249C0F8201D7047FFF760
:1002F000FEBFFFF7FEBFFFF7FEBF01B5BDE801403F
:10030000704701B503F054F9BDE801407047FFF7AD
:10031000FEBFFFF7FEBF00008C2B01240000003061
:1003200000000000902B0124001000E0FF520700A5
:100330000000FF4080B596B000AFF860B9607A6009
:100340003B607B68033323F003037B60EFF3108390
:100350007B637B6B3B6372B63B6B7B65554B1B686A
:10036000BB640023FB64FB68BA6C1A627B6D7B6222
:100370007B6A83F3108800BF7968F86800F0B2F9EF
:100380007864EFF31083FB62FB6ABB6272B6BB6AF0
:100390007B657B6C002B02D00123FB6406E0FB68CD
:1003A0001B6ABA6C9A4201D10123FB64FB6C002BDF
:1003B000D9D0BB687A6C1A607B6C002B08D07B6D3F
:1003C0003B623B6A83F3108800BF00233B656CE00F
:1003D0003B68002B61D0384B1B68002B07D01023E3
:1003E0003B657B6DFB61FB6983F310885DE0BB6C53
:1003F000324A9A66BB6CFA68DA66BB6CBA68DA672E
:10040000BB6C7A689A67BB6CD3F8B0305A1CBB6C73
:10041000C3F8B020FB689B6A3B64FB689B6A5A1C6C
:10042000FB689A623B6C002B09D1FB68BA6C5A627C
:10043000BB6CBA6C1A67BB6CBA6C5A6711E0FB688C
:100440005B6AFB63BB6CFA6B1A67FB6B5B6FBB632E
:10045000BB6CBA6B5A67BB6BBA6C1A67FB6BBA6C36
:100460005A67BB6C09221A63BB6C01229A63BB6C8E
:100470003A68DA64104B1B6801330F4A13607B6DD6
:10048000BB61BB6983F3108800BFB86C02F036FB18
:10049000BB6CD3F884303B6507E07B6D7B617B6987
:1004A00083F3108800BF10233B653B6D1846583717
:1004B000BD4680BD942B0124302C0124C1040000D2
:1004C00080B58EB000AF78603960EFF310833B6287
:1004D0003B6AFB6172B6FB697B637B689B6E334A48
:1004E000934258D17B68D3F8B0303A689A4252D1DF
:1004F0007B68DB6E3B633B6B002B4CD03B6B1B681C
:100500002B4A934247D13B6B9B6A002B43D07B68BD
:1005100000229A663B6B9B6A5A1E3B6B9A623B6B4E
:100520009B6AFB62FB6A002B03D13B6B00225A6281
:1005300013E07B681B6FBB627B685B6F7B62BB6A8F
:100540007A6A5A677B6ABA6A1A673B6B5B6A7A682F
:100550009A4202D13B6BBA6A5A627B681B6B092BC9
:1005600019D17B681022C3F88420124B1B68013319
:10057000104A13607B6B3B613B6983F3108800BFBB
:10058000786802F0A7F9EFF31083BB61BB697B6168
:1005900072B67B697B637B6BFB60FB6883F31088BF
:1005A00000BF00BF3837BD4680BD00BFC10400009A
:1005B00045545942302C012480B58EB000AFF8600C
:1005C000B9607A603B6034220021F86804F09CFB3B
:1005D0003B6823F003033B60FB68BA685A60FB6822
:1005E0007A689A61FB683A68DA61FB687A681A612E
:1005F000FB687A685A613B68A3F10802FB689A605D
:10060000FB680222DA607B687B637A6B3B68134489
:100610007B637B6B043B7B63FB683B637B6BFB62B5
:10062000FB6A3A6B1A607B6B043B7B637B6BFB6200
:10063000FB6A7A681A607B683B633B6BFB62FB6A10
:100640007A6B1A607B687B637B6B04337B637B6BA9
:10065000BB62BB6A1F4A1A60FB6800221A62EFF392
:100660001083BB61BB697B6172B67B697B62FB688F
:10067000194A1A60194B1B68002B09D1184AFB68EC
:100680001360FB68FA68DA62FB68FA681A6311E0C3
:10069000134B1B683B623B6A1B6BFB613B6AFA684E
:1006A0001A63FB69FA68DA62FB68FA691A63FB6825
:1006B0003A6ADA62094B1B680133084A13607B6AA5
:1006C0003B613B6983F3108800BF0023184638372D
:1006D000BD4680BDEEEEFFFF45545942882B0124F4
:1006E000842B012480B497B000AF78603960002378
:1006F0007B64EFF310837B627B6A3B6272B63B6A7A
:100700007B657B689A687B68DB68023BDB0013448F
:100710003B643A683B6C9A4208D37B6DFB61FB6992
:1007200083F3108800BF00233B65DDE0724B1B683C
:10073000FB637B68FA6B1A627B685B693B657B686D
:10074000DB680133BB640023FB643B6D0433BB6394
:10075000BB6B7B637B6B1B68684A934243D17B6CAA
:10076000002B04D17B683A6D5A6101237B643B6D99
:100770003B633B6B1B68FB62FA6A3B6DD31AFB64FD
:10078000FB6C083BFB64FA6C3B689A4257D200232F
:10079000FB64FB6A0433BB63BB6B7B637B6B1B68D3
:1007A000564A934213D1FB6ABB62BB6A1A683B6B21
:1007B0001A607B68DB685A1E7B68DA607B685B695D
:1007C000FA6A9A4214D17B683A6D5A6110E0FB6A6A
:1007D000BB62BB6A1B683B65BB6C002B08D0BB6C63
:1007E000013BBB6404E03B6D3B633B6B1B683B65BB
:1007F000BB6C002B02D0BB6C013BBB647B6D3B61CF
:100800003B6983F3108800BFEFF31083BB61BB69C2
:100810007B6172B67B697B657B681B6AFA6B9A4267
:1008200009D07B685B693B657B68DB680133BB642F
:100830007B68FA6B1A62BB6C002B86D100E000BFAC
:10084000FB6C002B48D0FA6C3B68D31A132B1ED9D3
:100850003B6808333A6D1344FB62FB6ABB623B6D35
:100860003B633B6B1A68BB6A1A60FB6A0433BB6369
:10087000BB6B7B637B6B214A1A607B68DB685A1C0D
:100880007B68DA603B6BFA6A1A603B68FB643B6D1D
:100890000433BB63BB6B3B633B6B7A681A607B685A
:1008A0009A68FB6CD31AA3F108027B689A607B6894
:1008B0005B693A6D9A4205D13B6D3B633B6B1A68AD
:1008C0007B685A617B6DFB60FB6883F3108800BF17
:1008D0003B6D08333B6507E07B6DBB60BB6883F312
:1008E000108800BF00233B653B6D18465C37BD4652
:1008F0005DF8047B704700BF942B0124EEEEFFFFF0
:1009000080B59EB000AF786000233B670023FB6694
:10091000EFF310837B637B6B3B6372B63B6B7B6750
:100920007B68BB66BB6E002B27D0BB6E083BBB66EB
:10093000BB6E04337B667B6E3B663B6E1B687E4AF8
:10094000934217D0BB6E04337B667B6EFB65FB6DF9
:100950001B68FB66FB6E002B02D103233B670EE096
:10096000FB6E1B68754A934209D003233B67002343
:10097000FB6604E003233B6701E003233B67FB6E58
:10098000002B05D17B6FFB62FB6A83F31088CDE0FF
:100990006B4B1B68BB65FB6EBA6D1A62BB6E043392
:1009A0007B667B6E3B663B6E634A1A60BB6E7B6503
:1009B0007B6D1B683B65FB6E9B68396DBA6E8A1A4E
:1009C0001A44FB6E9A60FB6E5B69BA6E9A4202D261
:1009D000FB6EBA6E5A61FB6E9B6A002B00F0A08022
:1009E0008EE0FB6E5B6AFB64FB6C9B6FBB647B6F92
:1009F0003B623B6A83F3108800BFB96CF86EFFF767
:100A000071FEB866EFF31083BB62BB6A7B6272B69D
:100A10007B6A7B67FB6EBA6D1A62BB6E002B75D06A
:100A2000FB6E5B6AFA6C9A4247D1FB6C9B6FBA6CA7
:100A30009A4242D1FB6E9B6A5A1EFB6E9A62FB6E13
:100A40009B6A7B647B6C002B03D1FB6E00225A6295
:100A50000EE0FB6C1B6F3B64FB6E3A6C5A62FB6CE6
:100A60005B6FFB633B6CFA6B5A67FB6B3A6C1A6704
:100A7000FB6C00229A66FB6CDB6FBB63BB6BBA6ED0
:100A80001A600023BB66FB6C0022C3F884202D4B48
:100A90001B6801332B4A13607B6F7B617B6983F397
:100AA000108800BFF86C01F015FFEFF31083FB61B5
:100AB000FB69BB6172B6BB697B67BB6E002B1FD045
:100AC000BB6E083BBB66BB6E04337B667B6E3B66CE
:100AD0003B6E194A1A60BB6E7B657B6D1B683B657C
:100AE000FB6E9B68396DBA6E8A1A1A44FB6E9A6067
:100AF000FB6E5B69BA6E9A4202D2FB6EBA6E5A61A5
:100B0000FB6E9B6A002B7FF46CAF00E000BF7B6F35
:100B10003B613B6983F3108800BF01F0A1FE05E053
:100B20007B6FFB60FB6883F3108800BF3B6F184648
:100B30007837BD4680BD00BFEEEEFFFF45545942F9
:100B4000942B0124302C012480B58EB000AF786046
:100B50003960EFF31083FB61FB69BB6172B6BB695F
:100B60007B637B689B6E384A934262D17B68D3F883
:100B7000B0303A689A425CD17B68DB6E3B633B6B7A
:100B8000002B56D03B6B1B68304A934251D13B6BD4
:100B90005B69002B4DD07B6800229A663B6B5B69DA
:100BA000FB623B6B1B69BB62BB6A002B20D0FB6AFC
:100BB000013BFB623B6BFA6A5A61FB6A002B03D173
:100BC0003B6B00221A6116E07B681B6F7B627B68BF
:100BD0005B6F3B627B6A3A6A5A673B6A7A6A1A675A
:100BE000BA6A7B689A4206D13B6B7A6A1A6102E064
:100BF0003B6B0122DA607B681B6B072B19D17B688A
:100C00000722C3F88420124B1B680133104A13607B
:100C10007B6BFB60FB6883F3108800BF786801F092
:100C200059FEEFF310837B617B693B6172B63B69D0
:100C30007B637B6BBB60BB6883F3108800BF00BF26
:100C40003837BD4680BD00BF490B00004E445644B6
:100C5000302C012480B588B000AF7860396028223C
:100C60000021786804F050F87B683A685A60EFF326
:100C700010833B613B69FB6072B6FB68FB617B687C
:100C8000184A1A60184B1B68002B09D1174A7B6859
:100C900013607B687A689A617B687A68DA6111E030
:100CA000124B1B68BB61BB69DB697B61BB697A68FE
:100CB000DA617B697A689A617B687A69DA617B6854
:100CC000BA699A61084B1B680133074A1360FB69D4
:100CD000BB60BB6883F3108800BF00231846203731
:100CE000BD4680BD4E445644702B01246C2B01241C
:100CF00080B596B000AFF860B9607A603B60EFF302
:100D000010837B627B6A3B6272B63B6A7B65FB68E1
:100D10009B68FB64FB681B6ADA43FB6C1A403B6808
:100D20001A607B6803F002033B64FB681B6AFB6389
:100D3000FB6B002B04D0FB6BDB43FA6C1340FB64B2
:100D40003B6C022B0AD1FA6CBB681340BB64BA6CD3
:100D5000BB689A4206D00023BB6403E0FA6CBB6810
:100D60001340BB64BB6C002B26D07B6803F00103EF
:100D7000BB62BB6A012B1CD100237B64FB685B69EF
:100D8000002B05D0FB681B69002B01D101237B647C
:100D90007B6C012B06D1FB681A6ABB681A43FB689F
:100DA0001A6206E0FB689A68BB68DB431A40FB687E
:100DB0009A6000233B6573E03B6E002B6ED03E4B88
:100DC0001B68002B02D1BB68002B02D107233B65B7
:100DD00066E03A4B1B68BB63BB6B394A9A66BB6BD8
:100DE000BA689A67BB6B7A68C3F88020BB6B3A68B5
:100DF000DA67BB6BFA68DA66BB6BD3F8B0305A1CA3
:100E0000BB6BC3F8B020FB685B697B637B6B002B1B
:100E100009D1FB68BA6B1A61BB6BBA6B1A67BB6B03
:100E2000BA6B5A6711E0FB681B693B63BB6B3A6B9B
:100E30001A673B6B5B6FFB62BB6BFA6A5A67FB6AB4
:100E4000BA6B1A673B6BBA6B5A67FB685B695A1CD3
:100E5000FB685A61BB6B07221A63BB6B01229A6362
:100E6000BB6B3A6EDA64144B1B680133124A136091
:100E70007B6D7B617B6983F3108800BFB86B01F0E9
:100E80003DFEEFF31083FB61FB69BB6172B6BB698A
:100E90007B65BB6BD3F884303B6501E007233B6582
:100EA0007B6D3B613B6983F3108800BF3B6D184647
:100EB0005837BD4680BD00BF302C0124942B01243F
:100EC000490B000080B5A8B000AFF860B9607A6047
:100ED000EFF310833B653B6DFB6472B6FB6CC7F8A8
:100EE0009C307B6803F00203002B23D00023BB67F8
:100EF000FB685B69002B05D0FB681B69002B01D1E7
:100F00000123BB67BB6F012B07D1FB681A6ABB6863
:100F1000DB431A43FB681A6205E0FB689A68BB680A
:100F20001A40FB689A60D7F89C30BB64BB6C83F3B3
:100F30001088F0E1FB685B6A7B67FB689A68BB68B6
:100F40001A43FB689A60FB681B6A002B06D0FB689B
:100F50001A6ABB68DB431A40FB681A620023FB670E
:100F6000FB685B69C7F88830FB681B69002B00F0E1
:100F7000B981D7F88830012B70D1FB681B69C7F89D
:100F80009830FB689B68C7F88430D7F898309B6F1F
:100F9000FB66D7F89830D3F88030BB66BB6E03F0A1
:100FA00002037B667B6E022B0ED1D7F88420FB6E8A
:100FB0001340C7F88030D7F88020FB6E9A4209D0E2
:100FC0000023C7F8803005E0D7F88420FB6E13407B
:100FD000C7F88030D7F88030002B00F08A81D7F82E
:100FE0009830DB6F3B663B6ED7F884201A60BB6E8F
:100FF00003F00103FB65FB6D012B06D1FB689A68CA
:10100000FB6EDB431A40FB689A60FB6800221A61A2
:10101000FB6800225A61D7F8983000229A66D7F808
:1010200098300022C3F88420AD4B1B680133AC4AD2
:101030001360D7F89C30FB63FB6B83F3108800BF11
:10104000D7F8980001F046FCEFF310837B647B6CCB
:101050003B6472B63B6CC7F89C304AE1FB681B6985
:10106000C7F88C30D7F88C30C7F89830FB6800226E
:101070001A610023C7F894300023C7F89030FB684A
:101080009B68C7F88430964B1B680133944A136001
:101090000123FB67D7F89C303B633B6B83F31088DD
:1010A00000BFEFF31083BB63BB6B7B6372B67B6BDC
:1010B000C7F89C30FB68DB68002B11D0FB6800226E
:1010C000DA60D7F88C30C7F89830FB685B69C7F8EE
:1010D0008830FB689B68D7F884201343C7F88430B6
:1010E000D7F898301B6F3B67D7F898309B6FFB663B
:1010F000D7F89830D3F88030BB66BB6E03F002039C
:101100007B667B6E022B0ED1D7F88420FB6E1340DA
:10111000C7F88030D7F88020FB6E9A4209D00023B0
:10112000C7F8803005E0D7F88420FB6E1340C7F87D
:101130008030D7F898301B6B072B02D00123C7F8FB
:101140008030D7F88030002B6AD0D7F898301B6BEE
:10115000072B1ED1D7F89830DB6F3B663B6ED7F874
:1011600084201A60BB6E03F00103FB65FB6D012B4D
:1011700006D1FB689A68FB6EDB431A40FB689A60F5
:10118000D7F8983000229A66D7F898300022C3F832
:101190008420D7F898301B6FD7F898209A4203D153
:1011A0000023C7F88C3018E0D7F898301B6FBB6568
:1011B000D7F898305B6F7B65BB6D7A6D5A677B6D36
:1011C000BA6D1A67D7F88C20D7F898309A4204D1B4
:1011D000D7F898301B6FC7F88C30FB685B695A1ED4
:1011E000FB685A61D7F89430002B0CD1D7F89830AF
:1011F000C7F89430D7F89830C7F89030D7F89830BF
:1012000000221A670CE0D7F89030D7F898201A67B8
:10121000D7F8983000221A67D7F89830C7F890307E
:101220003B6FC7F89830D7F88830013BC7F8883053
:10123000D7F88830002B7FF42DAFFB68D7F88C20CF
:101240001A61FB681B6A002B0AD0FB689A68FB686E
:101250001B6ADB431A40FB689A60FB6800221A6233
:10126000D7F89C30FB62FB6A83F3108800BFD7F885
:101270009430C7F898301FE0D7F898301B6F3B6761
:10128000EFF310837B627B6A3B6272B63B6AC7F8FE
:101290009C30134B1B680133114A1360D7F89C3004
:1012A000BB62BB6A83F3108800BFD7F8980001F0D7
:1012B00011FB3B6FC7F89830D7F89830002BDBD183
:1012C000EFF31083FB61FB69BB6172B6BB69C7F8C2
:1012D0009C30034B1B68013B014A136009E000BFCF
:1012E000302C0124FB685B69002B02D0FB680122D3
:1012F000DA60D7F89C307B617B6983F3108800BF8C
:101300007B6F002B02D07B6FF8689847FB6F012B37
:1013100001D101F0A5FA00231846A037BD4680BDD3
:1013200080B500AF01F06CF901F0AAFE124B00226B
:101330001A60124B00221A60114B00221A60114BE6
:1013400000221A60104B00221A60104B00221A6013
:101350000F4B00221A600F4B00221A600E4B002226
:101360001A600E4B00221A600D4B00221A600D4BC2
:1013700000221A6000BF80BD5C2B0124602B012479
:10138000642B0124682B01246C2B0124702B012475
:101390007C2B0124802B0124842B0124882B012405
:1013A000742B0124782B012480B500AF104B1B68EF
:1013B00013F10F3F0CD00E4B4FF0F0321A60FEF7D6
:1013C0006FFFFFF7ADFF0B4B1B680133094A13603A
:1013D000074B4FF0F0321A60074B1B68184603F0BA
:1013E0009BFC034B00221A6002F062F800BF80BD34
:1013F00010040020302C01248C2B012480B58EB0E9
:1014000000AF78603960EFF310833B623B6AFB61A9
:1014100072B6FB697B637B689B6E334A934258D1FB
:101420007B68D3F8B0303A689A4252D17B68DB6E61
:101430003B633B6B002B4CD03B6B1B682B4A9342AE
:1014400047D13B6BDB69002B43D07B6800229A6657
:101450003B6BDB695A1E3B6BDA613B6BDB69FB6202
:10146000FB6A002B03D13B6B00229A6113E07B687F
:101470001B6FBB627B685B6F7B62BB6A7A6A5A6771
:101480007B6ABA6A1A673B6B9B697A689A4202D197
:101490003B6BBA6A9A617B681B6B0D2B19D17B6819
:1014A0001D22C3F88420124B1B680133104A1360BD
:1014B0007B6B3B613B6983F3108800BF786801F068
:1014C00009FAEFF31083BB61BB697B6172B67B697C
:1014D0007B637B6BFB60FB6883F3108800BF00BFFE
:1014E0003837BD4680BD00BFFD1300004554554D43
:1014F000302C012480B58AB000AF7860EFF3108300
:10150000FB61FB69BB6172B6BB697B621A4B1B68EE
:101510000133194A13607B68D3F8A4303B623B6AFD
:10152000002B17D03B6A01229A607B6AFB60FB6844
:1015300083F3108800BF386A00F000FBEFF31083DC
:101540007B617B693B6172B63B697B627B68D3F8E8
:10155000A4303B623B6A002BDDD1074B1B68013B8B
:10156000054A13607B6ABB60BB6883F3108800BFC9
:1015700000BF2837BD4680BD302C012480B58AB01D
:1015800000AFF860B9607A6034220021F86803F097
:10159000BBFBFB68BA685A60FB687A681A61EFF3B4
:1015A0001083BB61BB697B6172B67B697B62FB6840
:1015B0001A4A1A601A4B1B4A1A601B4B1B68002BF5
:1015C00009D11A4AFB681360FB68FA681A62FB6863
:1015D000FA685A6211E0154B1B683B623B6A5B6A12
:1015E000FB613B6AFA685A62FB69FA681A62FB6837
:1015F000FA695A62FB683A6A1A620B4B1B6801333C
:10160000094A13607B6A3B613B6983F3108800BF22
:10161000002318462837BD4680BD00BF4554554DB0
:10162000342C0124F5140000782B0124742B0124A0
:1016300080B592B000AF78603960EFF310837B62C1
:101640007B6A3B6272B63B6A3B647A4B1B68FB6306
:101650007B689B68002B44D17B6801229A607B6881
:10166000FA6BDA60FB6B002B32D07B681B69012BB5
:1016700006D1FB6BDA6A7B685A617B6820229A622A
:10168000FB6BD3F8A430FB62FB6A002B0FD0FB6A24
:101690001B6BBB62FB6A7A681A63BB6A7A68DA62A0
:1016A0007B68BA6A1A637B68FA6ADA6209E0FB6BE4
:1016B0007A68C3F8A4207B687A68DA627B687A6803
:1016C0001A63FB6BD3F8A0305A1CFB6BC3F8A02045
:1016D0003B6CFB61FB6983F3108800BF00237B64D4
:1016E000A2E07B68DB68FA6B9A420DD17B689B684D
:1016F0005A1C7B689A603B6CBB61BB6983F31088A2
:1017000000BF00237B648FE03B68002B00F08480E7
:10171000494B1B68002B08D03B6C7B617B6983F3D2
:10172000108800BF1D237B647EE07B68DB68BB63A1
:10173000FB6B424A9A66FB6B7A68DA66FB6BD3F8FE
:10174000B0305A1CFB6BC3F8B0207B68DB69002B00
:1017500009D17B68FA6B9A61FB6BFA6B1A67FB6BBA
:10176000FA6B5A6711E07B689B697B63FB6B7A6B52
:101770001A677B6B5B6F3B63FB6B3A6B5A673B6B28
:10178000FA6B1A677B6BFA6B5A677B68DB695A1CCA
:101790007B68DA61FB6B0D221A63FB6B01229A6393
:1017A000FB6B3A68DA64244B1B680133224A1360EE
:1017B0003B6C3B613B6983F3108800BF7B681B690E
:1017C000012B21D17B689A6AFB6BDB6A9A4203D9B1
:1017D000FB6BDA6A7B689A62FB6BDA6ABB6BD3F8E5
:1017E0009C309A4204D2FB6BDA6ABB6BC3F89C2034
:1017F000BB6BDA6AFB6BDB6A9A4205D9FB6BDB6A6F
:101800001946B86B00F0CEF8F86B01F077F9FB6B76
:10181000D3F884307B6407E03B6CFB60FB6883F3A8
:10182000108800BF1D237B647B6C18464837BD467B
:1018300080BD00BF942B0124302C0124FD13000037
:1018400080B592B000AF7860EFF310837B627B6A63
:101850003B6272B63B6A7B647B68DB697B637B6B54
:10186000012B05D87B6CFB61FB6983F3108892E048
:101870007B6B022B14D17B689B69BB63BB6B1B6FBB
:10188000FB62FB6ADA6ABB6BDB6A9A4202D27B6854
:10189000FA6A9A617B6CBB61BB6983F310887AE05A
:1018A0007B689B69BB63BB6BFB63FB6B1B6F3B6420
:1018B0003B4B1B6801333A4A136000233B633B6C8C
:1018C000DA6AFB6BDB6A9A4201D23B6CFB637B6C8E
:1018D000FB60FB6883F3108800BFEFF310837B612C
:1018E0007B693B6172B63B697B647B689B69BA6BC1
:1018F0009A4202D001233B6306E07B68DB697A6B86
:101900009A4201D001233B633B6B002B03D13B6C1C
:101910001B6F3B640CE07B689B69BB637B68DB6986
:101920007B63BB6BFB63FB6B1B6F3B6400233B6305
:101930003A6CBB6B9A42C2D1194B1B68013B184AE7
:101940001360FA6BBB6B9A421DD0FB6B1B6FFB6283
:10195000FB6B5B6FBB62FB6ABA6A5A67BB6AFA6A67
:101960001A67BB6B5B6FBB62FB6BBA6B1A67FB6B77
:10197000BA6A5A67BB6AFA6B1A67BB6BFA6B5A672B
:101980007B68FA6B9A617B6CBB60BB6883F31088E1
:1019900000BF00F065FF002318464837BD4680BDF4
:1019A000302C012480B592B000AF78603960EFF33D
:1019B00010833B633B6BFB6272B6FB6A7B647B68A4
:1019C0001B6B002B17D07B683A68DA627B68D3F810
:1019D00098303A689A4205D97B68D3F898207B689A
:1019E000DA6302E07B683A68DA637B6CBB62BB6AED
:1019F00083F3108896E04D4B1B683B647B68DB6A81
:101A0000FB634B4B1B680233494A13607B680E2211
:101A10001A637B6801229A637B680022DA647B6C1C
:101A2000FB61FB6983F3108800BF786801F066F8FA
:101A3000EFF310837B627B6A3B6272B63B6A7B6426
:101A40007B683A68DA627B68D3F898303A689A42E1
:101A500005D97B68D3F898207B68DA6302E07B685D
:101A60003A68DA637B6C3B613B6983F3108800BFA3
:101A7000786800F02FFFEFF31083BB61BB697B61D7
:101A800072B67B697B64294B1B68BB637A68BB6B4E
:101A90009A4241D07B681B6B002B3DD17B68DA6A90
:101AA000BB6BDB6A9A4211D87A683B6C9A4233D19D
:101AB0001E4A7B681360FA6B3B689A422CD27B68A3
:101AC000DB6A1C497A6841F8232025E07B68DA6BE1
:101AD0007B68DB6A9A421FD27B68DA6BBB6BDB6A7E
:101AE0009A420DD8114A7B681360FA6B3B689A42A0
:101AF00012D27B68DB6A0F497A6841F823200BE039
:101B00007B68DB6A012202FA03F37B630A4B1A68E3
:101B10007B6B1343084A13607B6CFB60FB6883F3A9
:101B2000108800BF00BF4837BD4680BD982B0124F8
:101B3000302C0124B02B0124A82B012480B5A6B0A1
:101B400000AF78602023C7F88830EFF31083FB657F
:101B5000FB6DBB6572B6BB6DC7F894307B689B6844
:101B6000002B00F0FF817B68DB68FB67A34B1B68E1
:101B7000BB677B68DB68BA6F9A420DD0A04B1B68CD
:101B8000002B09D1D7F894307B657B6D83F31088E7
:101B900000BF1E23C7F88830D7F88830202B40F0CC
:101BA000EB817B689B685A1E7B689A607B689B68A8
:101BB000002B0AD0D7F894303B653B6D83F3108837
:101BC00000BF0023C7F88830D6E1FB6F002B0AD195
:101BD000D7F89430FB64FB6C83F3108800BF0023BC
:101BE000C7F88830C8E1FB6FD3F8A0305A1EFB6FEE
:101BF000C3F8A020FB6FD3F8A030002B04D1FB6FFB
:101C00000022C3F8A42019E07B68DB6AC7F884309F
:101C10007B681B6B7B67D7F884307A6F1A637B6FA6
:101C2000D7F88420DA62FB6FD3F8A4307A689A423E
:101C300004D1FB6FD7F88420C3F8A4207B689B698C
:101C4000002B10D17B681B69002B0CD17B68002214
:101C5000DA60D7F89430BB64BB6C83F3108800BFA4
:101C60000023C7F88830D7F88830202B40F08481D3
:101C70000023C7F89030FB6FD3F89430C7F88C304E
:101C80007B681B69012B55D15D4B1B6801335C4A96
:101C90001360D7F894307B647B6C83F3108800BFAB
:101CA0002023C7F88030FB6FD3F8A430C7F8843006
:101CB0001FE0D7F884301B69012B0BD1D7F8843093
:101CC0009B6AD7F880209A4204D9D7F884309B6A5F
:101CD000C7F88030D7F88430DB6AC7F88430FB6FF0
:101CE000D3F8A430D7F884209A4202D10023C7F851
:101CF0008430D7F88430002BDBD1EFF310833B64C2
:101D00003B6CFB6372B6FB6BC7F894303C4B1B68B3
:101D1000013B3B4A1360FB6FD7F88020C3F89C203F
:101D2000D7F88020D7F88C309A4203D2D7F8803089
:101D3000C7F88C307B68DB69012B20D97B681B6975
:101D4000012B1CD12E4B1B6801332D4A1360D7F891
:101D500094303B633B6B83F3108800BF7868FFF7D8
:101D60006FFDEFF31083BB63BB6B7B6372B67B6B62
:101D7000C7F89430224B1B68013B214A13607B68F3
:101D80009B69002B3ED11E4B1B6801331C4A13601C
:101D9000D7F89430FB62FB6A83F3108800BF7B683E
:101DA00020229A627B68DB68DB6AD7F88C209A4233
:101DB00006D07B68DB68D7F88C101846FFF7F2FD79
:101DC000EFF310837B627B6A3B6272B63B6AC7F8B3
:101DD00094300B4B1B68013B094A13607B6800225F
:101DE000DA60D7F89430BB62BB6A83F3108800BF17
:101DF00000F036FD0023C7F88830BDE0942B0124A5
:101E0000302C01247B689B69FB677B681B69012B75
:101E10000AD17B68DB68C7F89030FB6FDA6A7B68B1
:101E20005A617B6820229A62FB6FD3F8A0303B672F
:101E30003B6F002B0AD1FB6F7A68C3F8A4207B6844
:101E40007A68DA627B687A681A6316E0FB6FD3F807
:101E5000A430C7F88430D7F884301B6B7B67D7F881
:101E600084307A681A637B6F7A68DA627B687A6F8B
:101E70001A637B68D7F88420DA623B6F5A1CFB6FC9
:101E8000C3F8A0207B6801229A607B68FA6FDA6051
:101E90007B68DB695A1E7B68DA617B68DB69FB66FD
:101EA000FB6E002B03D17B6800229A610EE0FB6F72
:101EB0001B6FBB667B68BA6E9A61FB6F5B6F7B665C
:101EC000BB6E7A6E5A677B6EBA6E1A67FB6F002222
:101ED0009A66FB6F0022C3F884202A4B1B680133EB
:101EE000284A1360D7F89430FB61FB6983F31088AC
:101EF00000BF7B681B69012B2DD17B68DB69002B40
:101F00001CD07868FFF79CFCEFF31083BB61BB69C2
:101F10007B6172B67B69C7F894307B689B693B66CE
:101F20003B6E002B03D03B6EDA6A7B689A62D7F86F
:101F300094303B613B6983F3108800BFD7F8903041
:101F4000DB6AD7F88C209A4205D0D7F88C10D7F8E6
:101F50009000FFF727FDF86F00F0BCFC0023C7F8E6
:101F6000883009E0D7F89430FB60FB6883F3108871
:101F700000BF1E23C7F88830D7F888301846983736
:101F8000BD4680BD302C012480B58CB000AFF86018
:101F9000B9607A603B603C220021F86802F0B4FE30
:101FA000FB68BA685A60FB687A689A607B689B0035
:101FB000BA6BB2FBF3F3FB62FB6A7A6802FB03F3D2
:101FC000BB62FB683A689A61FB689A69BB6A9B00CE
:101FD0001A44FB68DA61FB683A681A62FB683A687F
:101FE0005A62FB68FA6A5A61FB68FA6ADA60EFF3D0
:101FF0001083BB61BB697B6172B67B697B62FB68E6
:10200000184A1A60184B1B68002B09D1174AFB6845
:102010001360FB68FA681A63FB68FA685A6311E098
:10202000124B1B683B623B6A5B6BFB613B6AFA6865
:102030005A63FB69FA681A63FB68FA695A63FB68BA
:102040003A6A1A63084B1B680133074A13607B6ABC
:102050003B613B6983F3108800BF0023184630378B
:10206000BD4680BD55455551682B0124642B012484
:1020700080B58EB000AF7860396000237B63EFF3EA
:102080001083BB61BB697B6172B67B693B637B6814
:102090001B69FB62FB6A002B24D17B689B683A6852
:1020A0009A4208D83B6B3B613B6983F3108800BFC1
:1020B00021237B6353E07B689B685A1C7B689A6092
:1020C0007B68DB69FB613B6BFB60FB6883F310881B
:1020D00000BFFB69002B02D0FB697868984700239A
:1020E0007B633CE07B68DB68BB62FB6A013BFB62B5
:1020F000FB6A002B03D17B680022DA600EE0BB6A2A
:102100001B6F7B627B687A6ADA60BB6A5B6F3B62DB
:102110007B6A3A6A5A673B6A7A6A1A677B68FA6A24
:102120001A61BB6A00229A66BB6A0022C3F8842047
:102130007B68DB69FB610C4B1B6801330A4A136047
:102140003B6BBB60BB6883F3108800BFB86A00F0CC
:10215000C1FBFB69002B02D0FB69786898477B6B59
:1021600018463837BD4680BD302C012480B58EB06E
:1021700000AF78603960EFF310833B623B6AFB612C
:1021800072B6FB697B637B689B6E334A934258D17E
:102190007B68D3F8B0303A689A4252D17B68DB6EE4
:1021A0003B633B6B002B4CD03B6B1B682B4A934231
:1021B00047D13B6B1B69002B43D07B6800229A669A
:1021C0003B6B1B695A1E3B6B1A613B6B1B69FB62C5
:1021D000FB6A002B03D13B6B0022DA6013E07B68C3
:1021E0001B6FBB627B685B6F7B62BB6A7A6A5A67F4
:1021F0007B6ABA6A1A673B6BDB687A689A4202D1DB
:102200003B6BBA6ADA607B681B6B062B19D17B6863
:102210000D22C3F88420124B1B680133104A13604F
:102220007B6B3B613B6983F3108800BF786800F0EB
:1022300051FBEFF31083BB61BB697B6172B67B69B5
:102240007B637B6BFB60FB6883F3108800BF00BF80
:102250003837BD4680BD00BF6D210000414D45535C
:10226000302C012480B58AB000AFF860B9607A6084
:1022700020220021F86802F047FDFB68BA685A6026
:10228000FB687A689A60EFF31083BB61BB697B617E
:1022900072B67B697B62FB68184A1A60184B1B6830
:1022A000002B09D1174AFB681360FB68FA685A6172
:1022B000FB68FA689A6111E0124B1B683B623B6A4B
:1022C0009B69FB613B6AFA689A61FB69FA685A612B
:1022D000FB68FA699A61FB683A6A5A61084B1B68A5
:1022E0000133074A13607B6A3B613B6983F31088C3
:1022F00000BF002318462837BD4680BD414D4553D9
:10230000602B01245C2B012480B58EB000AF786077
:10231000396000237B63EFF310833B623B6AFB6110
:1023200072B6FB693B637B689B68002B0AD07B68B5
:102330009B685A1E7B689A603B6BBB61BB6983F3E9
:10234000108868E03B68002B5DD0354B1B68002B84
:1023500008D03B6B7B617B6983F3108800BF0D2342
:102360007B6358E02F4B1B68FB62FB6A2E4A9A6620
:10237000FB6A7A68DA66FB6AD3F8B0305A1CFB6AEB
:10238000C3F8B0207B681B69002B09D17B68FA6A0F
:10239000DA60FB6AFA6A1A67FB6AFA6A5A6711E03E
:1023A0007B68DB68BB62FB6ABA6A1A67BB6A5B6FF1
:1023B0007B62FB6A7A6A5A677B6AFA6A1A67BB6A47
:1023C000FA6A5A677B681B695A1C7B681A61FB6A48
:1023D00006221A63FB6A01229A63FB6A3A68DA648E
:1023E0000F4B1B6801330E4A13603B6B3B613B692B
:1023F00083F3108800BFF86A00F080FBFB6AD3F813
:1024000084307B6307E03B6BFB60FB6883F31088E1
:1024100000BF0D237B637B6B18463837BD4680BDFC
:10242000302C0124942B01246D21000080B592B042
:1024300000AFF860B9607A603B6000233B647A6D5E
:10244000EF21386D02F060FCB4220021F86802F040
:102450005BFCFB68BA689A62FB687A685A64FB683E
:102460003A689A64FB683A6DDA60FB687A6D5A6183
:10247000FB68BA6DDA62FB68BA6DC3F89420FB683A
:102480003A6E9A61FB683A6EDA61FB682022C3F803
:102490009C203B6DFB637B6D013BFA6B1344FB633C
:1024A000FB68FA6B1A61FB68FA6DDA63FB68FA6D18
:1024B000C3F89820FB6803221A63FB68484A5A65F0
:1024C000FA68FB689A654749F86801F051F8EFF33C
:1024D0001083FB62FB6ABB6272B6BB6ABB63FB68BC
:1024E000414A1A60414B1B68002B0BD1404AFB68E4
:1024F0001360FB68FA68C3F88820FB68FA68C3F8C1
:102500008C2016E03A4B1B687B637B6BD3F88C30D6
:102510003B637B6BFA68C3F88C203B6BFA68C3F8AB
:102520008820FB683A6BC3F88C20FB687A6BC3F891
:1025300088202E4B1B6801332C4A13602D4B1B68DF
:1025400001332C4A13607B6E012B29D1EFF30583F5
:102550007B627A6A284B1B681343B3F1F03F0DD3BB
:10256000264B1B687B647B6C002B09D07B6CDB6B80
:102570003B647B6CDA6A7B6CDA6301E000237B648A
:10258000BB6B3B623B6A83F3108800BFF86800F0C6
:10259000A1F97B6C002B1ED07B6C3A6CDA631AE0DD
:1025A000BB6B3B613B6983F3108800BFEFF3108383
:1025B000BB61BB697B6172B67B69BB630D4B1B68FA
:1025C000013B0C4A1360BB6BFB61FB6983F3108812
:1025D00000BF00F045F9002318464837BD4680BDCE
:1025E000C12E00008126000044524854A02B012433
:1025F0009C2B0124302C012410040020982B012452
:1026000080B500AF134B00221A60134B00221A60F2
:10261000124B00221A60124B00221A60114B20222A
:102620001A6080220021104802F06EFB0F4B00223E
:102630001A600F4B00221A600E4B00221A600E4BDC
:1026400000221A600D4B1B6843F080730B4A136025
:1026500000BF80BD942B0124982B0124A42B0124BE
:10266000A82B0124AC2B0124B02B01249C2B01248A
:10267000A02B0124302C0124342C0124382C0124DB
:1026800080B58CB000AF334B1B68FB62EFF3108357
:10269000BB61BB697B6172B67B69BB62FB6AD3F8C5
:1026A000AC307B62BB6AFB61FB6983F3108800BFBF
:1026B0007B6A002B03D07B6A0021F86A9847FB6A8B
:1026C0005B6CFA6A926C10469847234B1B68002B90
:1026D00003D0214B1B68F86A9847EFF310837B60A7
:1026E0007B683B6072B63B68BB62FB6AD3F8AC3078
:1026F0007B62FB6A01221A63FB6A01229A63FB6A0E
:102700000022DA64154B1B680133144A1360BB6A5C
:10271000BB60BB6883F3108800BFEFF31483FB60DA
:10272000FB683B623B6A23F004033B623B6A3B610C
:102730003B6983F3148800BF7B6A002B03D07B6A5C
:102740000121F86A9847F86A00F0D8F900BF3037DD
:10275000BD4680BD942B0124342C0124302C01244F
:1027600080B58EB000AF7860EFF31083BB62BB6AB8
:102770007B6272B67B6A3B63354B1B68FB62FB6A0C
:10278000002B08D13B6B3B623B6A83F3108800BF90
:1027900013237B6356E0EFF30583FB61FA692D4B4E
:1027A0001B681343002B08D03B6BBB61BB6983F3F1
:1027B000108800BF13237B6344E0FB6A264A9342E0
:1027C00008D13B6B7B617B6983F3108800BF1323C7
:1027D0007B6337E07B68002B08D13B6B3B613B6937
:1027E00083F3108800BF00237B632BE01B4B1B6827
:1027F000002B08D03B6BFB60FB6883F3108800BFA5
:1028000013237B631EE0FB6A04221A63FB6A012226
:102810009A63FB6A0022C3F88420FB6A7A68DA6450
:102820000E4B1B6801330D4A13603B6BBB60BB68EA
:1028300083F3108800BFF86A00F060F9FB6AD3F8F0
:1028400084307B637B6B18463837BD4680BD00BF44
:10285000942B012410040020E02C0124302C0124AE
:1028600080B489B000AF174B1B68FB61FB69002B7C
:1028700021D1154B1B68BB61144B1B687B61BA6986
:102880007B699A4217D0124B4FF080521A60EFF3D7
:1028900005833B613B69002B0CD1EFF31083FB6098
:1028A000FB68BB6062B600BFBB687B607B6883F37C
:1028B000108800BF00BF00BF2437BD465DF8047B11
:1028C000704700BF302C0124942B0124982B012445
:1028D00004ED00E080B596B000AF7860EFF31083B0
:1028E0007B637B6B3B6372B63B6B7B657B685B6E2C
:1028F000002B05D07B684C33184600F09FFC02E0AB
:102900007B680022DA64754B1B68013B734A1360D5
:102910007B689B6B002B40F096807B681B6B002BC9
:1029200000F0AA807B685B6B002B40F085807B68A1
:1029300000221A637B68DB6A3B65694A3B6D52F88B
:102940002330FB64FB6C002B66D165493B6D7A68D4
:1029500041F823207B687A681A627B687A685A6239
:1029600001223B6D02FA03F37B645E4B1A687B6CB9
:1029700013435C4A13605C4B1B683A6D9A427BD2EE
:10298000594A3B6D1360594B1B683B643B6C002BF1
:1029900003D1564A7B6813606EE03B6CDB6B3A6D8B
:1029A0009A4269D23B6CDA6B3B6CDB6A9A420BD081
:1029B0003B6CDB6A012202FA03F37B644C4B1A681E
:1029C0007B6C13434A4A1360484A7B6813607B6DF3
:1029D000FB62FB6A83F3108800BF404B1B68FB63FC
:1029E000FB6B002B74D1434B4FF080521A60EFF316
:1029F0000583BB62BB6A002B0CD1EFF310837B62B3
:102A00007B6A3B6262B600BF3B6AFB61FB6983F392
:102A1000108800BF00BF5BE0FB6C5B6ABB64BB6CF3
:102A20007A681A62FB6C7A685A627B68BA6C5A627E
:102A30007B68FA6C1A621FE07B6800225A637B682D
:102A400003221A6318E07B681B6B012B14D07B6890
:102A50001B6B022B10D07B685B6B002B06D17B6855
:102A600000229A637B6800221A6305E07B680022DB
:102A70005A637B6803221A631F4B1B68BB637B6D21
:102A8000BB61BB6983F3108800BF184B1B68BA6B2E
:102A90009A4220D0114B1B68FB63FB6B002B1AD1B1
:102AA000144B4FF080521A60EFF305837B617B6912
:102AB000002B0FD1EFF310833B613B69FB6062B6E3
:102AC00000BFFB68BB60BB6883F3108800BF01E0F8
:102AD00000BF00E000BF5837BD4680BD302C012448
:102AE000B02B0124A42B0124AC2B0124982B01240E
:102AF000A82B012404ED00E0942B012480B5A0B0A4
:102B000000AF78605A4B1B68BB67EFF310837B659F
:102B10007B6D3B6572B63B6DFB677A68BB6F9A4213
:102B200012D17B68DB6C7B677B6F002B08D07B6FDF
:102B3000B3F1FF3F04D07B684C33184600F01CFB18
:102B40007B68DB694B4A13604B4B1B68013B4A4A6D
:102B500013607B689B6B012B40F022817B68002215
:102B60009A637B68DB6A3B677B681B6AFB66FA6E6D
:102B70007B689A4227D07B685B6ABB65FB6EBA6D47
:102B80005A62BB6DFA6E1A623C4A3B6F52F82330B0
:102B90007A689A4240F08B8038493B6FFA6E41F870
:102BA0002320374B1B68002B00F0818001223B6FF4
:102BB00002FA03F3BB66324B1A68BB6EDB43134069
:102BC0002F4A136073E02D4A3B6F002142F8231017
:102BD00001223B6F02FA03F3BB662A4B1A68BB6EF5
:102BE000DB431340274A1360254B1B68002B0BD097
:102BF00001223B6F02FA03F3BB66214B1A68BB6EDE
:102C0000DB4313401E4A136000237B661D4B1B6889
:102C10003B663B6E002B3DD11B4B20221A601B4BA9
:102C200000221A60FB6FFB64FB6C83F3108800BF0B
:102C3000114B1B68FB65FB6D002B40F0DB80144BD8
:102C40004FF080521A60EFF30583BB64BB6C002B1E
:102C50000CD1EFF310837B647B6C3B6462B600BFE6
:102C60003B6CFB63FB6B83F3108800BF00BFC1E0CC
:102C7000942B0124A0310124302C0124B02B0124F9
:102C8000A82B0124A42B0124AC2B0124982B012474
:102C900004ED00E03B6E93FAA3F33B663B6EB3FAA0
:102CA00083F3BB667A6EBB6E1344564A1360564B71
:102CB0001B687A689A4273D1524B1B68534A52F888
:102CC0002330514A1360524B1B68002B43D0514BA9
:102CD0001B6801334F4A1360FB6F3B633B6B83F30D
:102CE000108800BFEFF31083BB63BB6B7B6372B6CE
:102CF0007B6BFB67474B1B68013B464A1360002315
:102D00007B66434B1B683B663B6E93FAA3F33B66C3
:102D10003B6EB3FA83F3BB667A6EBB6E13443B67BC
:102D20003A4A3B6F52F82330DA6B364B1B689A42B3
:102D300011D8364A3B6F52F82330334A13600122D0
:102D40003B6F02FA03F3BB66314B1A68BB6EDB4381
:102D500013402F4A1360FB6FFB62FB6A83F31088FA
:102D600000BF2C4B1B68FB65FB6D002B44D12A4B2D
:102D70004FF080521A60EFF30583BB62BB6A002BF1
:102D80000CD1EFF310837B627B6A3B6262B600BFBB
:102D90003B6AFB61FB6983F3108800BF00BF2BE037
:102DA000FB6FBB61BB6983F3108800BF164B1B68C8
:102DB000BA6F9A4222D0174B1B68FB65FB6D002B44
:102DC0001CD1154B4FF080521A60EFF305837B61E5
:102DD0007B69002B0CD1EFF310833B613B69FB60F7
:102DE00062B600BFFB68BB60BB6883F3108800BF9E
:102DF00000BF03E000BF02E000BF00E000BF80377B
:102E0000BD4680BDAC2B0124982B0124B02B01249E
:102E1000A82B0124302C012404ED00E080B487B0FD
:102E200000AF214B1B687B61EFF31083FB60FB68F5
:102E3000BB6072B6BB683B611C4B00221A607B69A9
:102E4000002B24D07B691B6B002B20D17B69DA69B6
:102E50007B699A617B699B69154A13607B691B6A70
:102E60007A699A4213D07B69DA6A7B69DB6B9A4292
:102E70000DD17B69DB6A7A69126A0E4941F8232019
:102E80000D4B1B680B4A52F823300C4A13603B6908
:102E90007B607B6883F3108800BF00BF1C37BD4692
:102EA0005DF8047B704700BF942B0124402C012463
:102EB000A0310124B02B0124AC2B0124982B012438
:102EC00080B58AB000AF78607B687B62EFF31083D7
:102ED0007B617B693B6172B63B693B627B6A1B6BC2
:102EE000042B0ED1134B1B680133124A13603B6A4B
:102EF000FB60FB6883F3108800BF786AFFF7EAFC89
:102F000013E07B6A9B6EFB617B6AD3F8B030BB61D8
:102F10003B6ABB60BB6883F3108800BFFB69002B72
:102F200003D0FB69B969786A984700BF2837BD4666
:102F300080BD00BF302C012480B487B000AFEFF318
:102F40001083BB60BB687B6072B67B687B61084B9B
:102F50001B683B617B69FB60FB6883F3108800BFE3
:102F60003B6918461C37BD465DF8047B704700BFBF
:102F70003C2C012480B58AB000AFF860B9607A605B
:102F80003B602C220021F86801F0BEFEFB68BA68A5
:102F90005A60FB683A6B9A60FB687A6BDA60FB6890
:102FA0007A681A61FB683A685A61EFF31083BB6173
:102FB000BB697B6172B67B697B62FB681C4A1A60E5
:102FC0001C4B1B68002B09D11B4AFB681360FB6874
:102FD000FA685A62FB68FA689A6211E0164B1B683D
:102FE0003B623B6A9B6AFB613B6AFA689A62FB69D7
:102FF000FA685A62FB68FA699A62FB683A6A5A622E
:103000000C4B1B6801330B4A1360BB6B012B04D1C3
:10301000FB680833184600F0AFF87B6A3B613B69F8
:1030200083F3108800BF002318462837BD4680BDB3
:103030004D495441D82C0124D42C012480B584B0AE
:1030400000AFEFF310837B607B683B6072B63B6838
:10305000FB60094B1B680133074A1360FB68BB60C8
:10306000BB6883F3108800BF0448FFF733FC00BF40
:103070001037BD4680BD00BF302C0124E02C012458
:1030800090B589B006AF284B00221A60274B00226A
:103090001A60274B00221A60264B00221A60264B2A
:1030A00000221A6080220021244801F02DFE244BCA
:1030B000224A1A60234B214A1A60234B234A1A6082
:1030C000214B1B680433204A1360214B214A1A60AC
:1030D000214B4FF480621A60204B00221A601C4B77
:1030E0001B681D4A12681D4909681C4800680024B5
:1030F0000594002404940390029101920093184BCC
:10310000184A19491948FFF791F978607B68002B34
:10311000E5D1174B00221A60164B00221A6000BF3F
:103120000C37BD4690BD00BF3C2C0124A0310124CA
:10313000402C0124D02C0124DC2C0124442C01241B
:10314000C42C0124CC2C0124C82C0124C02C012423
:10315000942D0124A02D0124982D01249C2D0124BF
:103160004D495441AD320000A4FD0708E02C012474
:10317000D42C0124D82C012480B489B000AF78600D
:103180007B681B687B617B69002B4AD07B69B3F14C
:10319000FF3F46D07B689B69002B42D17B69202B87
:1031A00002D91F23BB6102E07B69013BBB61204B5D
:1031B0001A68BB699B001344FB611E4B1B68FA69CC
:1031C0009A420BD31B4B1B68FA69D31A9B103B61C5
:1031D000194B1A683B699B001344FB61FB691B6830
:1031E000002B09D17B687A681A617B687A685A611A
:1031F000FB697A681A6011E0FB691B68FB60FB6879
:103200005B69BB60BB687A681A61FB687A685A615F
:103210007B68FA681A617B68BA685A617B68FA69E8
:103220009A6100BF2437BD465DF8047B704700BF3C
:10323000CC2C0124C82C0124C42C012480B487B0D8
:1032400000AF78607B689B697B617B69002B26D02F
:103250007B681B693B617A683B699A4208D17B694C
:103260001B687A689A4217D17B6900221A6013E0C2
:103270007B685B69FB603B69FA685A61FB683A6985
:103280001A617B691B687A689A4205D13B697A6941
:103290009A617B693A691A607B6800229A6100BF73
:1032A0001C37BD465DF8047B7047000080B598B0C0
:1032B00000AF786000237B657B68734A934240F0DF
:1032C000DE80EFF310833B643B6CFB6372B6FB6BF9
:1032D000FB656E4B1B681B68FB60FB68002B03D013
:1032E000FB6807F10C029A61684B1B6800221A60A8
:1032F000664B1B680433654A1360644B1A68644B61
:103300001B689A4203D1634B1B68604A1360624B8F
:1033100000221A60FB6D3B633B6B83F3108800BF98
:10332000EFF31083BB63BB6B7B6372B67B6BFB6598
:103330007FE0FB68FB64FB681B69BB640023BB6028
:10334000FA6CBB6C9A4202D10023FB600EE0FB6C6E
:103350005B697B64BB6C7A6C5A617B6CBA6C1A617A
:10336000BB6C07F10C029A61BB6CFB60FB6C1B68C9
:10337000202B11D9FB6C1B68A3F12002FB6C1A6097
:103380000023BB65FB6C07F108029A61FB6CFA6CC9
:103390001A61FB6CBB601AE0FB6C9B68BB65FB6C45
:1033A000DB687B65FB6C5A68FB6C1A60FB6C1B6806
:1033B000002B09D0FB6C07F108029A61FB6CFA6CD8
:1033C0001A61FB6CBB6002E0FB6C00229A61334A1D
:1033D000FB6C1360FB6DFB62FB6A83F3108800BF1C
:1033E000BB6D002B02D0BB6D786D9847EFF3108357
:1033F000BB62BB6A7B6272B67B6AFB65274B0022AD
:103400001A60BB68FA6C9A4205D1FB6C00229A6183
:10341000F86CFFF7B1FEFB6DBB61BB6983F31088ED
:1034200000BFEFF310833B623B6AFB6172B6FB693E
:10343000FB65FB68002B7FF47CAF174B1B68002BF0
:1034400016D1174B3B653B6D03221A633B6D01227E
:103450009A63144B1B680133124A1360FB6D7B6146
:103460007B6983F3108800BF386DFFF747FB28E7BF
:10347000FB6D3B613B6983F3108800BF21E700BF10
:103480006037BD4680BD00BF4D495441CC2C01245E
:10349000C82C0124C42C0124D02C0124DC2C0124B0
:1034A000E02C0124302C012400000000000000006A
:1034B0004FF000002A4A1060EFF3148020F004005F
:1034C00080F3148862B64FF080504FF0E021C1F8CD
:1034D000040DBFF34F8FBFF36F8FFEE72148224AE1
:1034E0004FF00003016891B10360EFF3098C2CE900
:1034F000F00F1EF0100F01D12CED108A1B4C4CF870
:1035000004ED2568C1F808C00DB18D61236072B665
:103510001168B1B1016062B64F68144C8D6907F152
:1035200001074F602560D1F808C05CF804EB1EF07D
:10353000100F01D1BCEC108ABCE8F00F8CF30988A5
:10354000704772B61168016009B962B6F9E74FF0C9
:1035500000674FF0E028C8F8047D62B6DCE77047EA
:10356000302C0124942B0124982B0124A031012418
:10357000026922F00702A2F144026FF00203136015
:103580004FF0000353609360D36013615361936104
:10359000D361136253629362D362136353634FF038
:1035A000FF339363D1634FF080731364826070477D
:1035B0002249086800F101000860214B1A683AB1FD
:1035C000A2F101021A601AB91E4B4FF001001860F7
:1035D0001D490868026822B11C4B4FF001021A60B5
:1035E00008E000F104001A4B1A68904201D1194B0F
:1035F00018680860134B1A6812B914490868D0B1EA
:103600002DE901401149086808B1FFF717FD0D4B7E
:103610001A6872B1FFF702FC0F48016849B90F48F8
:1036200001680F4A13680F484FF08052994200D04A
:103630000260BDE80140BFF34F8F70473C2C01246E
:10364000A0310124402C0124CC2C0124D02C0124B5
:10365000C82C0124C42C0124302C0124942B0124D7
:10366000982B012404ED00E080B58AB000AFF8602B
:10367000B9607A603B6000237B62FB68002B02D15B
:1036800002237B6229E0FB681B682D4A934202D02B
:1036900002237B6221E0BB68002B02D103237B6203
:1036A0001BE07B68002B02D105237B6215E0FB68E1
:1036B000DB697A689A4202D905237B620DE03B6898
:1036C000002B0AD0EFF30583FB61FA691D4B1B68E1
:1036D0001343002B01D004237B627B6A002B08D1AB
:1036E000194B1B683B623B6A184A934201D1132372
:1036F0007B627B6A002B14D1EFF30583BB61BA694F
:10370000104B1B681343002B0BD0EFF305837B6139
:103710007A690C4B1B681343B3F1F03F01D21323BA
:103720007B627B6A002B06D13B687A68B968F868CF
:10373000FCF700FE78627B6A18462837BD4680BDDC
:103740004554594210040020942B0124E02C0124FC
:1037500080B592B000AFF860B9607A603B6000233A
:103760007B64FB68002B02D102237B6475E03B6D18
:10377000342B02D002237B646FE0EFF31083FB62F3
:10378000FB6ABB6272B6BB6ABB633B4B1B6801330F
:10379000394A1360BB6B3B633B6B83F3108800BFFC
:1037A000364B1B68FB6300233B6409E0FA68FB6B44
:1037B0009A420BD0FB6BDB6AFB633B6C01333B64CF
:1037C0002F4B1B683A6C9A42F0D300E000BFEFF336
:1037D00010833B623B6AFB6172B6FB69BB63264B9D
:1037E0001B68013B244A1360BB6B7B627B6A83F3DB
:1037F000108800BFFFF734F8FA68FB6B9A4202D1D9
:1038000002237B6429E07B68002B02D103237B64C5
:1038100023E03B68632B02D805237B641DE0194B32
:103820001B687B637B6B184A934201D113237B6433
:10383000EFF30583BB61BA69144B1B681343002B7C
:103840000BD0EFF305837B617A69104B1B68134340
:10385000B3F1F03F01D213237B647B6C002B06D1C4
:103860003B687A68B968F868FCF7A6FE78647B6CF8
:1038700018464837BD4680BD302C0124842B0124D6
:10388000882B0124942B0124E02C01241004002017
:1038900080B586B000AF786000237B617B68002B29
:1038A00002D103237B611DE0144B1B683B613B6924
:1038B000134A934201D113237B61EFF30583FB602D
:1038C000FA68104B1B681343002B0BD0EFF30583F2
:1038D000BB60BA680B4B1B681343B3F1F03F01D2D6
:1038E00013237B617B69002B03D17868FDF708F80F
:1038F00078617B6918461837BD4680BD942B01243A
:10390000E02C01241004002080B592B000AFF860D4
:10391000B9607A6000237B64FB68002B02D1062328
:103920007B6469E07B68282B02D006237B6463E01C
:10393000EFF31083FB62FB6ABB6272B6BB6ABB63C8
:10394000344B1B680133334A1360BB6B3B633B6BE7
:1039500083F3108800BF304B1B68FB6300233B647C
:1039600009E0FA68FB6B9A420BD0FB6B9B69FB6327
:103970003B6C01333B64294B1B683A6C9A42F0D391
:1039800000E000BFEFF310833B623B6AFB6172B65D
:10399000FB69BB631F4B1B68013B1E4A1360BB6B7B
:1039A0007B627B6A83F3108800BFFEF759FFFA68D9
:1039B000FB6B9A4202D106237B641DE0184B1B6807
:1039C0007B637B6B174A934201D113237B64EFF334
:1039D0000583BB61BA69144B1B681343002B0BD0E2
:1039E000EFF305837B617A690F4B1B681343B3F1D7
:1039F000F03F01D213237B647B6C002B04D1B968A8
:103A0000F868FDF727F978647B6C18464837BD469F
:103A100080BD00BF302C01246C2B0124702B0124AD
:103A2000942B0124E02C01241004002080B58AB0DE
:103A300002AFF860B9607A603B600023FB61FB680D
:103A4000002B02D10623FB6125E0FB681B681E4AA0
:103A5000934202D00623FB611DE03B68002B02D19C
:103A60000323FB6117E0BB6A002B14D0EFF305833F
:103A70007B617A69154B1B681343002B02D004232A
:103A8000FB6108E0124B1B68BB61BB69114A9342A2
:103A900001D10423FB61FB69002B04D17B68032B5C
:103AA00001D90823FB61FB69002B08D1BB6A009395
:103AB0003B687A68B968F868FDF71AF9F861FB693C
:103AC00018462037BD4680BD4E44564410040020A1
:103AD000942B0124E02C012480B586B000AFF8605F
:103AE000B9607A6000237B61FB68002B02D106235A
:103AF0007B610FE0FB681B680D4A934202D00623EE
:103B00007B6107E07B68022B04D07B68002B01D02F
:103B100008237B617B69002B05D17A68B968F86856
:103B2000FDF7D0F978617B6918461837BD4680BD2E
:103B30004E44564480B592B000AFF860B9607A60E8
:103B40003B6000237B64FB68002B02D11C237B6459
:103B500053E03B68342B02D01C237B644DE0EFF331
:103B60001083FB62FB6ABB6272B6BB6ABB633A4BF3
:103B70001B680133384A1360BB6B3B633B6B83F3B9
:103B8000108800BF354B1B68FB6300233B6409E0D2
:103B9000FA68FB6B9A420BD0FB6B1B6AFB633B6CB6
:103BA00001333B642E4B1B683A6C9A42F0D300E021
:103BB00000BFEFF310833B623B6AFB6172B6FB69A7
:103BC000BB63254B1B68013B234A1360BB6B7B62C5
:103BD0007B6A83F3108800BFFEF742FEFA68FB6B36
:103BE0009A4202D11C237B6407E07B68012B04D03E
:103BF0007B68002B01D01F237B647B6C002B1DD1C5
:103C0000184B1B687B637B6B174A934201D11323CC
:103C10007B64EFF30583BB61BA69144B1B681343E4
:103C2000002B0BD0EFF305837B617A690F4B1B6888
:103C30001343B3F1F03F01D213237B647B6C002B61
:103C400005D17A68B968F868FDF798FC78647B6CF0
:103C500018464837BD4680BD302C0124742B012402
:103C6000782B0124942B0124E02C01241004002043
:103C700080B588B000AF786039600023FB617B6855
:103C8000002B02D11C23FB611FE07B681B68214ACB
:103C9000934202D01C23FB6117E03B68002B14D039
:103CA000EFF305837B617A691B4B1B681343002B81
:103CB00002D00423FB6108E0184B1B68BB61BB69A1
:103CC000174A934201D10423FB61FB69002B14D1F5
:103CD000EFF305833B613A690F4B1B681343002BDD
:103CE0000BD0EFF30583FB60FA680B4B1B681343A3
:103CF000B3F1F03F01D21323FB61FB69002B04D128
:103D000039687868FDF794FCF861FB69184620373C
:103D1000BD4680BD4554554D10040020942B012410
:103D2000E02C012480B586B000AF786000237B6171
:103D30007B68002B02D11C237B611CE07B681B6825
:103D4000134A934202D01C237B6114E0EFF30583F6
:103D50003B613A690F4B1B681343002B0BD0EFF309
:103D60000583FB60FA680B4B1B681343B3F1F03F0C
:103D700001D213237B617B69002B03D17868FDF7A7
:103D8000DDFE78617B6918461837BD4680BD00BFEF
:103D90004554554D1004002080B594B002AFF86032
:103DA000B9607A603B6000237B64FB68002B02D122
:103DB00009237B6483E07B6D3C2B02D009237B6469
:103DC0007DE0EFF31083FB62FB6ABB6272B6BB6AF5
:103DD000BB63434B1B680133414A1360BB6B3B63BE
:103DE0003B6B83F3108800BF3E4B1B68FB630023D3
:103DF0003B6409E0FA68FB6B9A420BD0FB6B1B6BD0
:103E0000FB633B6C01333B64374B1B683A6C9A4253
:103E1000F0D300E000BFEFF310833B623B6AFB612D
:103E200072B6FB69BB632E4B1B68013B2C4A1360C7
:103E3000BB6B7B627B6A83F3108800BFFEF710FDCB
:103E4000FA68FB6B9A4202D109237B6437E03B6836
:103E5000002B02D103237B6431E07B68002B02D16D
:103E600005237B642BE07B68102B02D905237B6440
:103E700025E03B6D9B087A689A4202D905237B6452
:103E80001DE01A4B1B687B637B6B194A934201D17F
:103E900013237B64EFF30583BB61BA69154B1B6881
:103EA0001343002B0BD0EFF305837B617A69114B31
:103EB0001B681343B3F1F03F01D213237B647B6C87
:103EC000002B08D13B6D00933B687A68B968F868AD
:103ED000FEF75AF878647B6C18464837BD4680BDBB
:103EE000302C0124642B0124682B0124942B012401
:103EF000E02C01241004002080B584B000AF78606D
:103F000039607B68002B02D10C23FB6012E07B68D8
:103F10001B680B4A934202D00C23FB600AE03B680B
:103F2000002B02D12223FB6004E039687868FEF799
:103F30009FF8F860FB6818461037BD4680BD00BF8B
:103F4000414D455380B592B000AFF860B9607A60DA
:103F50003B6000237B64FB68002B02D10C237B6455
:103F600054E03B68202B02D00C237B644EE0EFF33F
:103F70001083FB62FB6ABB6272B6BB6ABB63364BE3
:103F80001B680133344A1360BB6B3B633B6B83F3A9
:103F9000108800BF314B1B68FB6300233B6409E0C2
:103FA000FA68FB6B9A420BD0FB6B5B69FB633B6C63
:103FB00001333B642A4B1B683A6C9A42F0D300E011
:103FC00000BFEFF310833B623B6AFB6172B6FB6993
:103FD000BB63214B1B68013B1F4A1360BB6B7B62B9
:103FE0007B6A83F3108800BFFEF73AFCFA68FB6B2C
:103FF0009A4202D10C237B6408E01A4B1B687B6356
:104000007B6B194A934201D113237B647B6C002B99
:1040100014D1EFF30583BB61BA69144B1B681343DA
:10402000002B0BD0EFF305837B617A690F4B1B6884
:104030001343B3F1F03F01D213237B647B6C002B5D
:1040400005D17A68B968F868FEF70CF978647B6C7A
:1040500018464837BD4680BD302C01245C2B012416
:10406000602B0124942B0124E02C01241004002057
:1040700080B586B000AF7860396000237B617B68D3
:10408000002B02D10C237B611FE07B681B68154A63
:10409000934202D00C237B6117E03B68002B14D0C5
:1040A000EFF30583FB60FA680F4B1B681343002B8B
:1040B00002D004237B6108E00C4B1B683B613B6929
:1040C0000B4A934201D104237B617B69002B04D10D
:1040D00039687868FEF718F978617B6918461837EF
:1040E000BD4680BD414D455310040020942B012452
:1040F000E02C012480B59AB006AFF860B9607A6010
:104100003B600023FB64FB68002B02D10E23FB64A1
:10411000BBE03B6FB42B02D00E23FB64B5E0EFF3A2
:104120001083BB62BB6A7B6272B67B6AFB63644BC3
:104130001B680133624A1360FB6BFB62FB6A83F30B
:10414000108800BF0023BB645E4B1B683B64BB6DE3
:10415000BB63FB6D013BBA6B1344BB63BB6B7B63FF
:1041600000237B642BE0FA683B6C9A4201D1012367
:10417000BB64BB6C012B28D03B6CDB68BA6D9A42E8
:1041800008D33B6C1B69BA6D9A4203D20023BB650E
:104190000123BB643B6CDB687A6B9A4208D33B6CAF
:1041A0001B697A6B9A4203D20023BB650123BB646F
:1041B0003B6CD3F888303B647B6C01337B64424BAF
:1041C0001B687A6C9A42CED300E000BFEFF31083F5
:1041D000FB61FB69BB6172B6BB69FB63384B1B6853
:1041E000013B374A1360FB6B3B623B6A83F31088E9
:1041F00000BFFEF735FBFA683B6C9A4202D10E23F2
:10420000FB6442E0BB6D002B02D10323FB643CE066
:104210007B68002B02D10323FB6436E0FB6DC72BC8
:1042200002D80523FB6430E03B6E1F2B02D90F231D
:10423000FB642AE07A6E3B6E9A4202D91823FB6433
:1042400023E0FB6E012B02D91023FB641DE01F4B02
:104250001B683B633B6B1E4A934201D11323FB64F3
:10426000EFF305837B617A691A4B1B681343002BBC
:104270000BD0EFF305833B613A69164B1B68134380
:10428000B3F1F03F01D21323FB64FB6C002B12D17E
:10429000FB6E0593BB6E04937B6E03933B6E0293A0
:1042A000FB6D0193BB6D00933B687A68B968F86851
:1042B000FEF7BCF8F864FB6C18465037BD4680BD6D
:1042C000302C01249C2B0124A02B0124942B0124AD
:1042D000E02C01241004002080B596B004AFF860F3
:1042E000B9607A603B6000237B64FB68002B02D1DD
:1042F00015237B6459E0FB6D2C2B02D015237B64C6
:1043000053E0EFF31083FB62FB6ABB6272B6BB6AD9
:10431000BB63414B1B6801333F4A1360BB6B3B637C
:104320003B6B83F3108800BF3C4B1B68FB6300238F
:104330003B6409E0FA68FB6B9A420BD0FB6B5B6A4B
:10434000FB633B6C01333B64354B1B683A6C9A4210
:10435000F0D300E000BFEFF310833B623B6AFB61E8
:1043600072B6FB69BB632C4B1B68013B2A4A136086
:10437000BB6B7B627B6A83F3108800BFFEF770FA29
:10438000FA68FB6B9A4202D115237B640DE03B6D0A
:10439000002B02D116237B6407E0BB6D012B04D0F8
:1043A000BB6D002B01D017237B647B6C002B1DD1D0
:1043B0001C4B1B687B637B6B1B4A934201D113230D
:1043C0007B64EFF30583BB61BA69184B1B68134329
:1043D000002B0BD0EFF305837B617A69134B1B68CD
:1043E0001343B3F1F03F01D213237B647B6C002BAA
:1043F0000CD1BB6D02937B6D01933B6D00933B68C9
:104400007A68B968F868FEF7B5FD78647B6C184681
:104410004837BD4680BD00BF302C0124D42C012478
:10442000D82C0124942B0124E02C0124100400201A
:1044300080B483B000AF78607B681A697B68DB6802
:104440009A420CBF01230023DBB218460C37BD464D
:104450005DF8047B704780B483B000AF78607B6800
:104460001A697B68DB68D21A7B685B681340184660
:104470000C37BD465DF8047B7047000080B584B002
:1044800000AFF860B9607A607B685A1E7B681340A1
:10449000002B05D00B4B0C4A0C210C4800F038FCCB
:1044A000FB68BA681A607B685A1EFB685A60FB6832
:1044B0000022DA60FB6800221A6100BF1037BD4697
:1044C00080BD00BF04FE0708141508082CFE07086D
:1044D00090B589B000AFF860B9607A60BB687B6165
:1044E000FB685C68F868FFF7B6FF0346E31A3B61B8
:1044F0003A697B68934228BF13463B61FB685A6860
:10450000FB681B69D31A0133FB61FA693B699A4264
:1045100004D93B69FB610023BB6103E03A69FB6995
:10452000D31ABB61FB681A68FB681B691344FA69FC
:104530007969184600F0F8FBBB69002B08D0FB68CE
:1045400018687A69FB691344BA69194600F0ECFBF4
:10455000FB681A693B691A44FB685B681A40FB6890
:104560001A613B6918462437BD4690BD80B588B0B6
:1045700000AFF860B9607A60BB687B61F868FFF7EC
:1045800057FF0346002B01D000233DE0F868FFF7FA
:1045900062FF38613A697B68934228BF13463B61EA
:1045A000FB685A68FB68DB68D31A0133FB61FA6960
:1045B0003B699A4204D93B69FB610023BB6103E07C
:1045C0003A69FB69D31ABB61FB681A68FB68DB6850
:1045D0001344FA691946786900F0A6FBBB69002B01
:1045E00008D07A69FB69D018FB681B68BA6919465C
:1045F00000F09AFBFB68DA683B691A44FB685B6869
:104600001A40FB68DA603B6918462037BD4680BD1A
:1046100080B582B000AF7860044B1B68796818469B
:1046200000F086F800BF0837BD4680BDDC120024CC
:1046300080B582B000AF7860044B5B68796818463B
:1046400000F076F800BF0837BD4680BDDC120024BC
:1046500080B582B000AF7860044B9B6879681846DB
:1046600000F066F800BF0837BD4680BDDC120024AC
:1046700080B582B000AF7860044BDB68796818467B
:1046800000F056F800BF0837BD4680BDDC1200249C
:1046900080B582B000AF7860044B1B69796818461A
:1046A00000F046F800BF0837BD4680BDDC1200248C
:1046B00080B582B000AF7860044B5B6979681846BA
:1046C00000F036F800BF0837BD4680BDDC1200247C
:1046D00080B582B000AF7860044B9B69796818465A
:1046E00000F026F800BF0837BD4680BDDC1200246C
:1046F00080B582B000AF7860044BDB6979681846FA
:1047000000F016F800BF0837BD4680BDDC1200245B
:1047100080B582B000AF7860044B1B6A7968184698
:1047200000F006F800BF0837BD4680BDDC1200244B
:1047300080B58CB000AF786039607B681B68BB6265
:104740000023FB62EFF310837B617B693B6172B6F0
:104750003B697B627B6803F58053012283F8282044
:104760003A6840F242331340002B41D0BB6A5B6A87
:10477000984703463B62BB6A9B6A00211920984711
:104780007B681B6AFB617B682433FA699A4204D117
:104790007B68243303F5807301E07B6824337A68F7
:1047A00013627B689B8BBB617B6800229A83BB6A28
:1047B0009B697A68126A4FF48071104698470246E6
:1047C0007B681A613B6ABA699A420BD27B6803F52F
:1047D0004970FA69BB69D1183A6ABB69D31A1A469B
:1047E000FFF776FE7B681B69002B01D00223FB627A
:1047F0003B6803F00103002B26D07B6803F54E7065
:104800007B6803F509734FF480721946FFF7AEFE1B
:1048100003469AB27B68DA837B68DB8B002B0BD074
:10482000BB6A5B697A6802F509707A68D28B1146B7
:10483000984702467B685A617B685B69002B03D00E
:10484000FB6A43F00403FB627B6AFB60FB6883F353
:10485000108800BF7B6803F580530022F96A184670
:10486000FFF73AF900BF3037BD4680BD80B58CB048
:1048700002AF78607B683B624FF0FF337B623B6A3C
:104880001B68FB61FB699B683A6A9269104698470E
:10489000FB691B6902209847FB699B6A3A6A916829
:1048A0003A6AD2680A4342F001003A6A52681146F5
:1048B0009847FB699B6A012115209847FB699B6A11
:1048C0000121162098473B6A03F124023B6A1A62D1
:1048D000FB699B693A6A126A4FF4807110469847E7
:1048E00002463B6A1A613B6A03F58053002283F853
:1048F00028200023BB603B6A1B69002B03D13B6A65
:104900005B69002B01D0012301E04FF0FF337B6294
:104910003B6A03F5805393F82830002B05D17B6A5E
:10492000B3F1FF3F01D164237B623B6A03F5805002
:1049300007F108027B6A0093134601220721FFF763
:1049400075F8BB6803F00203002B0AD0FB699B6972
:104950003A6A126A4FF480711046984702463B6AE1
:104960001A61BB6803F00403002B0BD0FB695B6981
:104970003A6A02F509703A6AD28B114698470246A4
:104980003B6A1A61BB6803F00103002B30D03B6A1D
:10499000DB8B002B2CD1EFF310833B613B69FB6079
:1049A00072B6FB68BB613B6A03F54E703B6A03F568
:1049B00009734FF480721946FFF7D8FD03469AB287
:1049C0003B6ADA83BB697B617B6983F3108800BF34
:1049D0003B6ADB8B002B0BD0FB695B693A6A02F503
:1049E00009703A6AD28B1146984702463B6A5A616F
:1049F0003B6A03F5805393F82830002B7FF479AF9E
:104A0000FB699B693A6A126A4FF4807110469847B5
:104A100002463B6A1A616CE780B58EB000AFF86061
:104A2000B9607A6000237B63314AFB6852F8233017
:104A30003B63FB68002B08DBFB68082B05DCBB68CD
:104A4000002B02D03B6B002B02D14FF0FF334AE02A
:104A5000EFF31083FB61FB69BB6172B6BB69FB625C
:104A60003B6B03F549737A68B9681846FFF77EFD1A
:104A700003467B637B6B7A689A422DD93B6B1B683C
:104A80005B6A98470346BB623B6B9B8B1A46BB6ACB
:104A9000934221DD3B6B9B8B1A46BB6A9B1A7B6260
:104AA0007B6B7A68D31A7A6A934228BF13463B62BB
:104AB0007B6BBA68D0183B6B1B6A3A6B928B1344C2
:104AC0003A6A194600F030F97A6B3B6A13447B630B
:104AD000BB6A9AB23B6B9A83FB6A7B617B6983F307
:104AE000108800BF7B6B18463837BD4680BD00BFBD
:104AF000DC12002480B58AB000AFF860B9607A603B
:104B000000237B621C4AFB6852F823303B62FB683F
:104B1000002B08DBFB68082B05DCBB68002B02D0F0
:104B20003B6A002B02D14FF0FF3320E0EFF31083FC
:104B30007B617B693B6172B63B69FB613B6A03F554
:104B40004E737A68B9681846FFF7C2FC03467B6269
:104B5000FB69BB61BB6983F3108800BF3B6A03F547
:104B60008053002201211846FEF7B6FF7B6A1846E3
:104B70002837BD4680BD00BFDC12002480B592B04E
:104B800008AFF860B9607A603B6000233B6107F1D1
:104B90001001002342F29C72F868FEF765FD3B6944
:104BA000002B02D14FF0FF3380E03B6942F29C7250
:104BB0000021184600F0A8F8EFF31083FB61FB69B1
:104BC000BB6172B6BB693B6200237B6214E0394A69
:104BD0007B6A52F82330002B0BD13A6935497B6A46
:104BE00041F823203B6934497A6A51F822209A61BE
:104BF00005E07B6A01337B627B6A082BE7D93B6A5D
:104C00007B617B6983F3108800BF7B6A082B06D920
:104C10003B691846FEF73CFE4FF0FF3346E03B6928
:104C200003F549703B6903F553734FF4006219466D
:104C3000FFF724FC3B6903F54E703B6903F64C33E8
:104C40004FF480621946FFF719FC3B69BA681A6095
:104C50003B697A685A603B693A689A603B693A6B8B
:104C6000DA603B6903F58053282214491846FEF7A1
:104C70004BFE3B6903F64C703B6919463A6941F2B9
:104C80002C031344B42206920122059200220492BE
:104C9000112203921122029241F27072019200934A
:104CA0000B46074A0749FFF725FA7B6A184628375B
:104CB000BD4680BDDC1200246810080874FC07089B
:104CC0006D48000080FC070880B500AF0C4BD3F89E
:104CD0001B00D3F81F104FF0C8024FF0000300F084
:104CE0001FF813430AD1064B5B79002B06D1054B05
:104CF0005B6903F58053002283F8282000BF80BD44
:104D0000FC440124DC1200245FF800F09FBE070879
:104D10005FF800F0F1B207085FF800F0F54E040804
:104D20005FF800F0A9F807085FF800F011CB07085A
:104D30000348044B834202D0034B03B1184770472A
:104D40007C1B00207C1B0020000000000548064B57
:104D50001B1AD90F01EBA301491002D0034B03B179
:104D6000184770477C1B00207C1B002000000000BF
:104D700010B5064C237843B9FFF7DAFF044B13B1A3
:104D80000448AFF300800123237010BD000000240D
:104D900000000000304D040808B5054B1BB1054963
:104DA0000548AFF30080BDE80840FFF7CFBF00BF64
:104DB0000000000004000024304D040880B483B0DB
:104DC00000AF786000BFFDE780B588B000AF07F1A5
:104DD0000C0300221A605A609A60DA601A612F4B45
:104DE000D3F8E0302D4A43F48073C2F8E0302B4B07
:104DF000D3F8E03003F48073BB60BB68274BD3F873
:104E0000E030264A43F00103C2F8E030234BD3F8E8
:104E1000E03003F001037B607B6800224FF4005117
:104E20001F4807F0D5FA00224FF480411C4807F0D4
:104E3000CFFA012208211B4807F0CAFA4FF40053A9
:104E4000FB6001233B6100237B610023BB6107F111
:104E50000C031946124807F023F94FF48043FB6016
:104E600001233B6100237B610023BB6107F10C033D
:104E700019460B4807F014F90823FB6001233B6136
:104E800000237B610023BB6107F10C031946054831
:104E900007F006F900BF2037BD4680BD0044025828
:104EA000002002580000025880B582B000AF786040
:104EB000FFF78AFF4FF4FA703AF0BAFE4FF4005150
:104EC000044807F08AFA4FF48041024807F085FA57
:104ED00000BFEFE70020025880B582B000AF7860D5
:104EE000396001F083FA3AF08BFE00231846083748
:104EF000BD4680BD80B58CB008AF7860244A254B94
:104F0000D31AFB604FF0FF33BB6034230093FB6880
:104F1000204A214921483AF097FEB4230693012301
:104F20000593002304931F2303931F2302934FF43D
:104F3000807301931A4B009300231A4A1A491B48A5
:104F40003AF06AFEBB68B422069201220592002262
:104F500004921B2203921B2202924FF48052019270
:104F6000134A0092134A144914483AF055FE0B486C
:104F700000F0A2FE094800F04BFF084800F0DCFEFC
:104F8000064821F00FFB00BF1037BD4680BD00BFB3
:104F9000008004300000003050FC07088412002418
:104FA000D0000024BD4D04085CFC07081C00002450
:104FB00084020024A94E040864FC0708D0010024E0
:104FC00080B582B000AF78607B6803F00103002BEE
:104FD00003D0012103483AF0FBFD00BF0837BD466E
:104FE00080BD00BFBC12002480B586B000AF7860E1
:104FF000184B3B619F23FB60174B1B685B6A0121C9
:1050000013209847144B1B68DB6907F1100107F167
:105010000C00042298474FF4FA7110483AF004FE4D
:1050200078610D4B1B685B6A0021132098477B69F0
:10503000002B03D13B691A0A7B681A607B69002B3D
:1050400001D1002301E04FF0FF3318461837BD4669
:1050500080BD00BF68EFCDABB8120024BC120024A5
:1050600080B588B000AF78600023FB6105233B82E8
:105070007B68BB611A4B1B685B6A01211320984750
:10508000174B1B68DB6907F10C0107F110000222C6
:1050900098474FF4FA7113483AF0C6FD7861104B07
:1050A0001B685B6A0021132098477B69002B03D0A3
:1050B0004FF0FF33FB610DE07B7B03F00103002B1E
:1050C00002D10023FB6105E005203AF0B1FDBB6988
:1050D000002BCFD1FB6918462037BD4680BD00BFED
:1050E000B8120024BC12002480B582B000AF0623A1
:1050F000FB7000237B60114B1B685B6A012113204E
:1051000098470E4B1B685B69FA1C012110469847B3
:105110004FF4FA710A483AF087FD0346002B02D09B
:105120004FF0FF337B60054B1B685B6A0021132047
:1051300098477B6818460837BD4680BDB8120024E2
:10514000BC12002480B588B000AFF860B9607A6006
:10515000FB68FB610B233B74FB691B0CDBB27B74AC
:10516000FB691B0ADBB2BB74FB69DBB2FB74FF2378
:105170003B75204B1B685B6A012113209847002177
:105180001D483AF051FD1B4B1B685B6907F110028B
:105190000521104698474FF4FA7117483AF044FD3C
:1051A0000346002B08D0134B1B685B6A00211320B9
:1051B00098474FF0FF3318E00E4B1B689B697968E6
:1051C000B86898474FF4FA710B483AF02DFDB86172
:1051D000084B1B685B6A002113209847BB69002BB2
:1051E00002D04FF0FF3300E07B6818462037BD4601
:1051F00080BD00BFB8120024BC12002480B58CB062
:1052000000AFF860B9607A60FB68FB627B68BB62E4
:10521000BB687B6200233B626DE0FFF765FF38628D
:105220003B6A002B01DA3B6A69E0FB6ADBB2C3F53B
:105230008073FB61FA69BB6A934228BF1346FB6126
:1052400002233B75FB6A1B0CDBB27B75FB6A1B0AF6
:10525000DBB2BB75FB6ADBB2FB752B4B1B685B6A71
:10526000012113209847002128483AF0DDFC264B05
:105270001B685B6907F114020421104698474FF43C
:10528000FA7122483AF0D0FC0346002B08D01E4B9E
:105290001B685B6A0021132098474FF0FF332EE014
:1052A000194B1B685B69F969786A98474FF4FA7182
:1052B00016483AF0B9FCB861134B1B685B6A0021D1
:1052C00013209847BB69002B06D14FF47A70FFF783
:1052D000C7FE0346002B02DA4FF0FF330FE0BA6A35
:1052E000FB69D31ABB62FA6AFB691344FB627A6AF0
:1052F000FB6913447B62BB6A002B8ED17B68184626
:105300003037BD4680BD00BFB8120024BC12002457
:1053100080B588B000AF786039600023FB617B689E
:10532000BB617A683B6813447B6143E0FFF7DCFEB6
:105330000346002B02DA6FF0010340E052233B7377
:10534000BB691B0CDBB27B73BB691B0ADBB2BB7393
:10535000BB69DBB2FB731C4B1B685B6A012113202A
:105360009847194B1B685B6907F10C020421104632
:1053700098474FF4FA7115483AF056FC3861124BD1
:105380001B685B6A0021132098473B69002B06D1FC
:105390004FF47A70FFF764FE0346002B02DA6FF0D9
:1053A00002030CE0BB6903F50043BB61FB6903F535
:1053B0000043FB61BA697B699A42B7D3FB6918461F
:1053C0002037BD4680BD00BFB8120024BC120024A7
:1053D00080B584B000AF786039600023FB601D4B5E
:1053E0001B68002B02D17B68002B02D14FF0FF33EA
:1053F0002BE020230022184918483AF021FC154AD6
:105400007B681360134B1B689B6815489847114BCA
:105410001B681B69022098470E4B1B685B6A114989
:10542000114898470B4B1B685B6A00211320984773
:1054300006E00023FB6007F10C031846FFF7D4FDDC
:10544000FB680A4A9342F4D1002318461037BD4640
:1054500080BD00BFB812002468FC0708BC120024FD
:10546000C14F040800127A0001800800C8401800EB
:1054700080B582B000AF78600022796803483AF0C6
:10548000C3FB00BF0837BD4680BD00BF001300242A
:1054900090B589B002AFF8607A603B600B46FB7252
:1054A00000237B6107F1140300220092012240F2E5
:1054B000FF1119483AF088FBFB689C69F87A0023D1
:1054C0003A687968A0470346002B05D0134B144A6D
:1054D0002B21144835F00CFF07F11403022200922F
:1054E000012240F2FF110C483AF06EFB0346002BFC
:1054F00002D04FF0FF330AE07B6903F00203002B78
:1055000004D0FB685B6A9847034600E03B68184696
:105510001C37BD4690BD00BF0013002488FC07085F
:105520008C100808CCFC070890B589B002AFF86071
:105530007A603B600B46FB7200237B6107F114032A
:1055400000220092012240F2FF1119483AF03CFB80
:10555000FB685C69F87A00233A687968A0470346DB
:10556000002B05D0134B144A4621144835F0C0FED9
:1055700007F1140302220092012240F2FF110C48AD
:105580003AF022FB0346002B02D04FF0FF330AE033
:105590007B6903F00203002B04D0FB685B6A984729
:1055A000034600E03B6818461C37BD4690BD00BF6F
:1055B00000130024ECFC07089C100808CCFC07082A
:1055C0002DE9B0438AB000AFF860B9607A6007F1A6
:1055D000100204232821F868FFF75AFF0346042B22
:1055E00002D04FF0FF338FE03B7C03F03F037B831F
:1055F0007B8B1B029BB27A7C13447B837B8B7B610E
:10560000444B1B68002B44DD7B699BB2A3F5005320
:105610009AB2404B1B68013B11B23F4A22F813106B
:105620003C4B1B68013B3B4A13603A4B1B68002B09
:105630002FD14FF000024FF00003C7E908230023E9
:10564000FB6112E0344AFB6932F913301BB2DA17FE
:105650001C461546D7E9082312EB040843EB05095D
:10566000C7E90889FB690133FB61FB69092BE9DDA7
:10567000D7E908013AF0EAF841EC150BB2EE046BF9
:1056800085EE067BFDEEC77B17EE903A1AB2234BF0
:105690001A80224BB3F900301A467B699B1A7B6152
:1056A0007B6907EE903AF8EEE77A9FED1D7A77EE88
:1056B000C77A37EEA77ADFED1B6AC7EE267AB7EE18
:1056C000007A77EEC77ABB68C3ED007ABB7C7B8338
:1056D0007B8BDB009AB2FB7C5B09DBB203F0070338
:1056E0009BB213447B837B8B07EE903AF8EEE77A0C
:1056F0009FED0D7A67EE877A9FED0C7A77EEC77A89
:105700007B68C3ED007A002318462837BD46BDE804
:10571000B08300BF000400202C13002428130024B1
:105720009AC9CC449AC94C460000C83D0000484282
:1057300080B584B000AF786039600023FB6032E050
:10574000FB68DBB25B00DBB2603BDBB23B7207F1B4
:105750000802012377217868FFF7E6FE0346012B54
:1057600002D04FF0FF3322E007F108020223772135
:105770007868FFF78DFE0346022B02D04FF0FF330F
:1057800015E03B7A1B029AB27B7A1846FB685B00F5
:1057900039680B44024492B21A8005203AF048FA64
:1057A000FB680133FB60FB68072BC9D9002318464F
:1057B0001037BD4680BD80B586B000AFF860B960D7
:1057C0007A6000237B6144233B7507F114020123B7
:1057D0007721F868FFF7A8FE0346012B02D04FF0AF
:1057E000FF3361E003203AF023FA00233B7507F111
:1057F000140201237721F868FFF796FE0346012B78
:1058000002D04FF0FF334FE007F11402032377215A
:10581000F868FFF73DFE0346032B02D04FF0FF333D
:1058200042E03B7D1A047B7D1B021344BA7D134486
:105830001A46BB681A6052233B7507F11402012314
:105840007721F868FFF770FE0346012B02D04FF076
:10585000FF3329E002203AF0EBF900233B7507F112
:10586000140201237721F868FFF75EFE0346012B3F
:1058700002D04FF0FF3317E007F114020323772122
:10588000F868FFF705FE0346032B02D04FF0FF3305
:105890000AE03B7D1A047B7D1B021344BA7D13444E
:1058A0001A467B681A60002318461837BD4680BD2B
:1058B00080B5A4B000AF7860B34B7B6700233B6238
:1058C0000023FB617B6F9B68B04898477B6F1B6927
:1058D000022098477B6F9B6A0121022098477B6FCB
:1058E0009B6A00210320984707F10C031946786F43
:1058F000FFF71EFF02203AF09BF907F1240207F19F
:1059000028031946786FFFF75BFE02203AF090F902
:1059100007F11C0207F120031946786FFFF74BFFD0
:105920003B6A3B67FB69FB66FB89BB663B8A7B6620
:105930007B8A3B66BB8AFB65FB8ABB653B8B7B65D1
:105940004FF000024FF00003C7E922234FF000029E
:105950004FF00003C7E920234FF000024FF000038F
:10596000C7E91E23BB6D1B02FA6ED31A3B653B6D64
:1059700007EE903AB8EEE76B7B6D07EE903AF8EEE3
:10598000E77AB7EEE75A9FED704B85EE047B26EE83
:10599000077B9FED6F6B37EE067BF7EEC77BC7ED9E
:1059A000137A7B6E07EE903AB8EEE77B9FED6A6B59
:1059B00027EE066BFB6D07EE903AB8EEE75B3B6DAA
:1059C00007EE903AB8EEE77B25EE075B9FED644B60
:1059D00085EE047B36EE077B87ED107BBB6E07EE12
:1059E000903AB8EEE77B9FED606B27EE066B3B6E5F
:1059F00007EE903AB8EEE75B3B6D07EE903AB8EEF3
:105A0000E77B25EE075B9FED5A4B85EE047B36EE78
:105A1000077B87ED0E7B3B6F07EE903AB8EEE76BA6
:105A20009FED535B86EE057BF7EEC74B97ED0E6B54
:105A30009FED515B86EE057BF7EEC77B64EEA77AA0
:105A4000B7EEE76A97ED105B9FED474B85EE047B61
:105A500036EE477BF7EEC77BC7ED0D7AD7ED137AAD
:105A60009FED4B7AF4EEC77AF1EE10FA40F1968092
:105A70003B6D07EE903AB8EEE76B3B6D07EE903A60
:105A8000B8EEE77B26EE076B9FED3D5B86EE057B70
:105A900087ED227BD7ED137A9FED3D7A37EEC77AFB
:105AA000D7ED137ADFED3A6A77EEE67A67EE277A7A
:105AB000C7ED0C7AD7ED0C7AB7EEE77AB0EE046B4F
:105AC00027EE067B87ED207BD7ED0C7AB7EEE77AE1
:105AD000B7EE046B27EE067B87ED1E7BD7ED137ABE
:105AE0009FED2C7AF4EEC77AF1EE10FA68D5D7ED77
:105AF000137A9FED297A37EE877AD7ED137ADFEDA7
:105B0000266A77EEA67A67EE277AC7ED0C7AD7ED8C
:105B10000C7AB1EE0C7A67EE877AB7EEE77A97EDFA
:105B2000206B36EE077B87ED207BD7ED0C7AB7EE46
:105B3000E77AB1EE066B27EE067B97ED1E6B36EE2D
:105B4000077B87ED1E7B3BE000000000000060410A
:105B50000000000000409F40000000000000F040F6
:105B60000000000000006040000000000000E04075
:105B70000000000000007040000000000000B04184
:105B8000000000000000E0C1501108087154040832
:105B90000000FA440080BBC40080BB444FF0000208
:105BA0004FF00003C7E922234FF000024FF000033B
:105BB000C7E920234FF000024FF00003C7E91E237E
:105BC00097ED0E6B97ED1E7B36EE477B87ED0E7BD8
:105BD00097ED106B97ED207B36EE477B87ED107BC2
:105BE000D7ED137AB7EEE76A97ED227B36EE477B67
:105BF000F7EEC77BC7ED137A3B6F07EE903AB8EE2E
:105C0000E76B9FED1B5B86EE057BF7EEC74B97EDD1
:105C10000E6B9FED195B86EE057BF7EEC77B64EE9E
:105C2000A77AB7EEE76A97ED105B9FED154B85EE0F
:105C3000047B36EE477BF7EEC77BC7ED0D7A97ED19
:105C4000137ADFED116AC7EE267A104BC3ED027AA4
:105C50000E4A7B6B13600E4BFB6297ED0A7AD7ED11
:105C60000B7A67EE277A094BC3ED017A42E600BF53
:105C70000000000000007040000000000000B04183
:105C8000000000000000E0400000C8424013002473
:105C90000E76D74580B483B000AF78607B68054A44
:105CA00007CA83E80700002318460C37BD465DF895
:105CB000047B70474013002480B58AB008AF786039
:105CC00028220F490F4839F073FFB42306930123AC
:105CD0000593002304931B2303931B2302934FF488
:105CE00000630193084B00930023084A08490948C0
:105CF00039F092FF002318460837BD4680BD00BF2B
:105D000030FD07080013002400140024B1580408D3
:105D100040FD07084C13002480B584B000AF7860C4
:105D20007B68FB6000224FF40061F86839F06CFF7B
:105D300000BF1037BD4680BD80B58AB008AF78601F
:105D40007B68B422069201220592002204921C2252
:105D500003921C2202924FF420520192054A0092B3
:105D6000054A0649064839F057FF00BF0837BD46C7
:105D700080BD00BFB41C0024855D040848FD0708F1
:105D8000001C002480B58AB004AF78600023FB605B
:105D900028221949194839F00BFF184A2C2303937C
:105DA0000123029305230193052300931346144A0C
:105DB0001449154839F020FF07F10C034FF0FF326A
:105DC000009201224FF400610C4839F0FDFE39F0D9
:105DD000F3FE786112F098FD39F0EEFE38613A6911
:105DE0007B69D21A094B1B689A42E5D93A697B69EB
:105DF000D31A064A1360DFE754FD0708E044002485
:105E0000195D040860FD0708B44400240845002417
:105E100080B58AB008AF78607B68B4220692012210
:105E20000592002204921C2203921C2202924FF43B
:105E300040520192054A0092054A0649064839F047
:105E4000EBFE00BF0837BD4680BD00BFC045002443
:105E50005D5E04086CFD07080C45002480B582B027
:105E600000AF786012F042FD012039F0E1FE12F03F
:105E700045FD00BFF8E7000080B584B000AF786052
:105E80003960094B1B687A689A4201D1074B00E0E0
:105E9000074BFB6000220221F86839F0B5FE00BF15
:105EA0001037BD4680BD00BFC8750024BC760024F5
:105EB0005CC8002480B594B000AF786039600023DE
:105EC000BB64274B1B687A689A4206D1254BFB645A
:105ED000254B7B640023BB6405E0244BFB64244B0F
:105EE0007B640123BB643B6803F00103002B33D0C8
:105EF00007F13403083307F10C024021786805F0FC
:105F00005DFE0346002B27D1FB687B63BB699BB218
:105F10003B87BB6C342202FB03F3164A13444FF059
:105F2000FF31184639F04CFEBB6C1B01124A13447A
:105F300007F134011022184636F0EAFDBB6C34221A
:105F400002FB03F30B4A1344184639F045FE0022C6
:105F50000121F86C39F058FE00BF5037BD4680BDB6
:105F6000C8750024BC760024807600245CC8002418
:105F700020C80024281901240819012480B58CB0F8
:105F800002AF786039607B6800229A607B680022EB
:105F9000DA607B6800221A747B6800225A747B687E
:105FA00000229A747B6802225A617B6807229A61F8
:105FB0007B681722DA617B6808221A627B680222FA
:105FC0005A627B6807229A627B681722DA627B68D2
:105FD00008221A637B6800225A637B6810229A6346
:105FE0007B680022DA637B6802221A647B680422E1
:105FF0005A647B6802229A647B680422DA647B68B4
:1060000000221A657B6804225A657B6800229A6523
:106010007B680022DA657B6802221A667B680022B0
:106020005A667B6804229A66786805F013FB03467B
:10603000002B01D000BFFDE70023BB603B68FB6085
:1060400000233B6101237B610023BB6140F2FF73AE
:10605000FB6107F108031946786805F0E5FC0123A8
:106060000093012302220221786805F019FD022223
:106070000121786805F02DFD00220121786805F0E6
:1060800059FE786805F04FFD00BF2837BD4680BD3A
:1060900080B58EB000AFF860B9603B601346FB710D
:1060A000FB68002B0CDBFB68012B09DC1E4AFB683C
:1060B00045F2A01101FB03F313441B68002B02D12E
:1060C0004FF0FF332BE0BB683B61FB7983F00103AA
:1060D000DBB2002B01D0002301E04FF080437B6155
:1060E0000023BB613B6CFB6100233B6200237B62AE
:1060F0000023BB620023FB6200233B630A4AFB6868
:1061000045F2A01101FB03F313441B6807F11001D2
:106110003A68184605F020FD03467B633B6C184641
:106120003837BD4680BD00BFC8750024B0B58AB001
:1061300002AF78600023BB6107F1080300221A60F8
:106140005A609A60DA607B6845F2A01202FB03F3A2
:106150002C4A1344FB61FB691B687A681146184698
:10616000FFF70CFFFB6903F1F40007F118034FF090
:10617000FF3200920122012139F026FDBB6903F0B4
:106180000103002B3AD07B68342202FB03F31E4A42
:1061900013444FF0FF31184639F012FD7B681B01A4
:1061A0001A4A98187B681B01194A13441022194691
:1061B00036F0AEFC7B68342202FB03F3124A134430
:1061C000184639F009FDFB69D3F81C410F4A7B687A
:1061D0001B01134418680D4A7B681B0113440733E5
:1061E00019787B681B010833084A1A44074D7B68FD
:1061F0001B012B4404331B88A047B3E7012039F06F
:1062000017FDAFE7C875002428190124901901244F
:106210000819012480B58EB008AFF860B9607A60C3
:1062200000237B6110E07B6945F2A01202FB03F3BF
:106230002D4A13443B613B691B68002B08D00023A7
:106240003B617B6901337B617B69012BEBD900E00A
:1062500000BF3B69002B02D14FF0FF3340E03B69A8
:10626000BA681A603B697A68C3F81C217B693422DA
:1062700002FB03F31D4A9818342301221C4939F00C
:10628000DBFC3B6903F1B8003B6903F590733C22EA
:106290000192802200921022164939F0A1FC3B693C
:1062A000F43328221449184639F082FC3B69181D42
:1062B0007A693B6903F5D073B421069101210591F8
:1062C0000021049116210391162102914FF4A0415F
:1062D000019100931346094A094939F09DFC7B69F5
:1062E00018461837BD4680BDC875002428190124FA
:1062F00078FD070888FD070894FD07082D6104084C
:10630000A0FD070880B483B000AF786000BFFDE750
:1063100080B400AF01231846BD465DF8047B70478A
:1063200080B582B000AF7860396036F05FFB03461D
:1063300016221A604FF0FF3318460837BD4680BD5D
:1063400080B582B000AF78604FF0FF317868FFF71A
:10635000E7FF00BFFDE780B485B000AFF860B9602B
:106360007A6000BFFDE780B485B000AFF860B96027
:106370007A6000BFFDE780B483B000AF78604FF073
:10638000FF3318460C37BD465DF8047B704780B478
:1063900083B000AF786039603B684FF400525A60B8
:1063A000002318460C37BD465DF8047B704780B467
:1063B00083B000AF7860012318460C37BD465DF806
:1063C000047B704780B485B000AFF860B9607A6034
:1063D000002318461437BD465DF8047B704780B42F
:1063E00000AF72B600BF00BFFDE7000080B500AF90
:1063F000174B5B6903F40033002B1BD1BFF34F8FA6
:1064000000BFBFF36F8F00BF114B0022C3F85022B3
:10641000BFF34F8F00BFBFF36F8F00BF0C4B5B69A3
:106420000B4A43F400335361BFF34F8F00BFBFF3F8
:106430006F8F00E000BF0BF06DFE00F00BF800F076
:10644000BFF800F019F900F0EFF800BF80BD00BF01
:1064500000ED00E080B59EB000AF07F12C034C22A8
:106460000021184635F01BFD07F10C032022002106
:10647000184635F014FD022007F028FD0023BB600C
:106480004C4BDB6A4B4A23F00103D362494BDB6A76
:1064900003F00103BB60484B9B69474A43F4404308
:1064A0009361454B9B6903F44043BB60BB6800BFED
:1064B000414B9B6903F40053B3F5005FF8D13F4BA8
:1064C000D3F8F4303D4A43F00203C2F8F4303B4BBA
:1064D000D3F8F43003F002037B607B6800233B6059
:1064E000354B9B69344A43F440439361324B9B697B
:1064F00003F440433B602F4BDB6A2E4A43F0010319
:10650000D3622C4BDB6A03F001033B603B6800BFA6
:10651000294B9B6903F40053B3F5005FF8D11923AD
:10652000FB624FF4A0233B6301233B648023BB64E5
:106530002023FB6402233B6502237B650523BB65A7
:10654000C023FB6502233B6604237B660223BB66F4
:106550000823FB6600233B6700237B6707F12C03BE
:10656000184607F0D7FC0346002B01D0FFF737FF92
:106570003F23FB6003233B6100237B610823BB6156
:106580004023FB6140233B624FF480637B624023E6
:10659000BB6207F10C030421184608F009F8034612
:1065A000002B01D0FFF71BFF0BF016FE00BF783762
:1065B000BD4680BD000400580048025800440258FF
:1065C00080B5B0B000AF3B46C0220021184635F080
:1065D00066FC144A4FF00003C7E900231923BB608F
:1065E0004FF48073FB6004233B6104237B6102232F
:1065F000BB610023FB6100233B6200237B6202231B
:10660000BB644FF000533B673B46184608F056FA10
:106610000346002B01D0FFF7E2FE00BFC037BD46A6
:1066200080BD00BF0080000180B582B000AF114B7B
:10663000D3F8E0300F4A43F40013C2F8E0300D4BBA
:10664000D3F8E03003F400137B607B680022002164
:10665000812002F0D9FA812002F008FB00220021FB
:10666000822002F0D1FA822002F000FB00BF08373E
:10667000BD4680BD0044025880B582B000AF514B8A
:10668000D3F8D8304F4A43F00103C2F8D8304D4B0D
:10669000D3F8D83003F001037B607B68494BD3F813
:1066A000D830484A43F00203C2F8D830454BD3F8FB
:1066B000D83003F002033B603B6800220F210B201F
:1066C00002F0A2FA0B2002F0D1FA00220F210C20D6
:1066D00002F09AFA0C2002F0C9FA00220F210D20D4
:1066E00002F092FA0D2002F0C1FA00220F210E20D2
:1066F00002F08AFA0E2002F0B9FA00220F210F20D0
:1067000002F082FA0F2002F0B1FA00220F211020CD
:1067100002F07AFA102002F0A9FA00220F211120CB
:1067200002F072FA112002F0A1FA00220F212F20AC
:1067300002F06AFA2F2002F099FA00220F21382085
:1067400002F062FA382002F091FA00220F2139207B
:1067500002F05AFA392002F089FA00220F213A2079
:1067600002F052FA3A2002F081FA00220F213B2077
:1067700002F04AFA3B2002F079FA00220F213C2075
:1067800002F042FA3C2002F071FA00220F2144206C
:1067900002F03AFA442002F069FA00220F21452063
:1067A00002F032FA452002F061FA00220021462070
:1067B00002F02AFA462002F059FA00BF0837BD4617
:1067C00080BD00BF0044025880B582B000AF786041
:1067D0007B681B68044A934201D10BF0C9FC00BFDF
:1067E0000837BD4680BD00BF0010004080B483B0B4
:1067F00000AF0A4BD3F8F430084A43F00203C2F862
:10680000F430064BD3F8F43003F002037B607B686E
:1068100000BF0C37BD465DF8047B7047004402584A
:1068200080B58EB000AF786007F1240300221A60B3
:106830005A609A60DA601A617B681B684D4A93421D
:1068400040F093804C4BD3F8D8304B4A43F400438C
:10685000C2F8D830484BD3F8D83003F400433B6239
:106860003B6A454BD3F8D830434A43F48033C2F8EF
:10687000D830414BD3F8D83003F48033FB61FB6947
:106880003D4BD3F8D8303C4A43F40033C2F8D830FB
:10689000394BD3F8D83003F40033BB61BB69364BB6
:1068A000D3F8E030344A43F04003C2F8E030324BD2
:1068B000D3F8E03003F040037B617B692E4BD3F8C3
:1068C000E0302D4A43F00403C2F8E0302A4BD3F8FD
:1068D000E03003F004033B613B69274BD3F8E03021
:1068E000254A43F00103C2F8E030234BD3F8E030EF
:1068F00003F00103FB60FB684FF460537B620223EB
:10690000BB620023FB6200233B630B237B6307F125
:1069100024031946194805F0C3FB32237B62022386
:10692000BB620023FB6200233B630B237B6307F105
:1069300024031946124805F0B3FB86237B62022329
:10694000BB620023FB6200233B630B237B6307F1E5
:10695000240319460B4805F0A3FB002200213D202B
:1069600002F052F93D2002F081F900BF3837BD46F0
:1069700080BD00BF00800240004402580018025849
:10698000000802580000025880B582B000AF78605D
:106990007B681B68174A934227D1174BD3F8D8302E
:1069A000154A23F40043C2F8D830134BD3F8D8303B
:1069B000114A23F48033C2F8D8300F4BD3F8D830C3
:1069C0000D4A23F40033C2F8D8304FF460510B481D
:1069D00005F05CFC32210A4805F058FC8621094884
:1069E00005F054FC3D2002F04FF900BF0837BD46CA
:1069F00080BD00BF008002400044025800180258C9
:106A0000000802580000025880B58CB000AF7860D2
:106A100007F11C0300221A605A609A60DA601A615A
:106A20007B681B684E4A934248D14E4B1B6801332A
:106A30004C4A13604B4B1B68012B0ED14A4BD3F8C9
:106A4000EC30494A43F48073C2F8EC30464BD3F83B
:106A5000EC3003F48073BB61BB69434BD3F8E03087
:106A6000414A43F08003C2F8E0303F4BD3F8E030B6
:106A700003F080037B617B694FF4C043FB61022319
:106A80003B6200237B620323BB620923FB6207F1A5
:106A90001C031946354805F003FB00220F21132083
:106AA00002F0B2F8132002F0E1F800220F211520C5
:106AB00002F0AAF8152002F0D9F84CE07B681B68B8
:106AC0002B4A934247D1274B1B680133254A136059
:106AD000244B1B68012B0ED1234BD3F8EC30224AF8
:106AE00043F48073C2F8EC301F4BD3F8EC3003F45E
:106AF00080733B613B691C4BD3F8E0301A4A43F08A
:106B00000203C2F8E030184BD3F8E03003F0020380
:106B1000FB60FB684FF48253FB6102233B6200235E
:106B20007B620323BB620923FB6207F11C03194646
:106B3000104805F0B5FA00220F21142002F064F885
:106B4000142002F093F800220F21162002F05CF8C6
:106B5000162002F08BF800BF3037BD4680BD00BF65
:106B600000A00040082B012400440258001C0258D9
:106B700000A400400004025880B5BAB000AF7860AD
:106B800007F1D40300221A605A609A60DA601A6131
:106B900007F11403C0220021184635F080F97B6804
:106BA0001B682E4A934254D108237B610023BB61AA
:106BB0004FF44053C7F8983007F11403184607F014
:106BC0007DFF0346002B01D0FFF709FC244BD3F8CF
:106BD000E030234A43F08003C2F8E030204BD3F882
:106BE000E03003F080033B613B693023C7F8D430C9
:106BF0001223C7F8D8300023C7F8DC300023C7F8C9
:106C0000E0300423C7F8E43007F1D40319461548EF
:106C100005F046FA124BD3F8E830114A43F48003EA
:106C2000C2F8E8300E4BD3F8E83003F48003FB6081
:106C3000FB6800220021212001F0E6FF212002F064
:106C400015F800220021222001F0DEFF222002F0B0
:106C50000DF800BFE837BD4680BD00BF00580040BA
:106C600000440258001C025880B582B000AF786022
:106C70007B681B680E4A934215D10E4BD3F8E8305F
:106C80000C4A23F48003C2F8E83010210A4805F0CA
:106C9000FDFA2021084805F0F9FA212001F0F4FF5F
:106CA000222001F0F1FF00BF0837BD4680BD00BFC4
:106CB0000058004000440258001C025880B5B4B08F
:106CC00000AF786007F11003C0220021184635F0AC
:106CD000E6F87B681B681D4A934232D14FF40022CC
:106CE0004FF00003C7E904231923BB614FF48073FD
:106CF000FB6104233B6204237B620223BB6200230B
:106D0000FB6200233B6300237B630023C7F8B4309E
:106D100007F11003184607F0D1FE0346002B01D0FF
:106D2000FFF75DFB0A4BD3F8E030094A43F080736C
:106D3000C2F8E030064BD3F8E03003F08073FB601C
:106D4000FB6800BFD037BD4680BD00BF0060025861
:106D50000044025880B5CCB000AF07F59873A3F596
:106D60009673186007F58E7300221A605A609A6055
:106D7000DA601A6107F15C03C0220021184635F081
:106D80008EF807F59873A3F596731B681B685C4A29
:106D9000934240F0C3800423FB6500233B6600233D
:106DA000C7F8F03007F15C03184607F087FE03468A
:106DB000002B01D0FFF713FB524BD3F8F430514AAC
:106DC00043F00803C2F8F4304E4BD3F8F43003F02C
:106DD0000803BB65BB6D4B4BD3F8E030494A43F029
:106DE0000103C2F8E030474BD3F8E03003F0010371
:106DF0007B657B6D4FF4C063C7F81C310223C7F875
:106E000020310023C7F824310323C7F82831032396
:106E1000C7F82C3107F58E7319463B4805F040F949
:106E20003A4B3B4A1A60394B09225A60374B0022D1
:106E30009A60364B0022DA60344B4FF480621A615C
:106E4000324B00225A61314B00229A612F4B0022B3
:106E5000DA612E4B00221A622C4802F005F9034633
:106E6000002B01D0FFF7BBFA07F59873A3F59673D3
:106E70001B68264AC3F88020244A07F59873A3F5B7
:106E800096731B689363234B234A1A60214B0A2293
:106E90005A60204B40229A601E4B0022DA601D4B44
:106EA0004FF480621A611B4B00225A61194B002279
:106EB0009A61184B0022DA61164B00221A621548BB
:106EC00002F0D2F80346002B01D0FFF788FA07F54D
:106ED0009873A3F596731B680E4ADA670D4A07F597
:106EE0009873A3F596731B68936300220F218E207D
:106EF00001F08AFE8E2001F0B9FE00F03BBF00BF1A
:106F0000000C005800440258000002582C210124B3
:106F100008540258A42101241C54025807F5987300
:106F2000A3F596731B681B68714A934240F0F0808A
:106F30000223FB6500233B660023C7F8D43007F12A
:106F40005C03184607F0BAFD0346002B01D0FFF79B
:106F500046FA684BD3F8E830664A43F40023C2F897
:106F6000E830644BD3F8E83003F400233B653B6D15
:106F7000604BD3F8E0305F4A43F48073C2F8E030EE
:106F80005C4BD3F8E03003F48073FB64FB6C594B2B
:106F9000D3F8E030574A43F00103C2F8E030554BD4
:106FA000D3F8E03003F00103BB64BB6C4FF4007313
:106FB000C7F81C310223C7F820310023C7F8243159
:106FC0000323C7F828310823C7F82C3107F58E733F
:106FD0001946494805F064F84FF48053C7F81C314E
:106FE0000223C7F820310023C7F824310323C7F850
:106FF00028310623C7F82C3107F58E7319463F4810
:1070000005F04EF83E4B3F4A1A603D4B3F225A6016
:107010003B4B00229A603A4B0022DA60384B4FF427
:1070200080621A61364B00225A61354B00229A6108
:10703000334B0022DA61324B00221A62304B0022BD
:107040005A622F4802F010F80346002B01D0FFF7D8
:10705000C6F907F59873A3F596731B68284AC3F819
:107060008020274A07F59873A3F596731B689363EE
:10707000254B264A1A60244B40225A60224B40225C
:107080009A60214B0022DA601F4B4FF480621A6134
:107090001D4B00225A611C4B00229A611A4B0022A0
:1070A000DA61194B00221A62174B00225A62164805
:1070B00001F0DAFF0346002B01D0FFF790F907F546
:1070C0009873A3F596731B680F4ADA670E4A07F5A3
:1070D0009873A3F596731B68936300220F213420E5
:1070E00001F092FD342001F0C1FD00F043BE00BF6D
:1070F000004C004000440258002002580000025892
:107100001C220124A000024094220124B800024065
:1071100007F59873A3F596731B681B685E4A934244
:1071200040F0C8800223FB6500233B660023C7F8BC
:10713000D43007F15C03184607F0C0FC0346002B6F
:1071400001D0FFF74CF9554BD3F8E830534A43F4DC
:107150008013C2F8E830514BD3F8E83003F48013C1
:107160007B647B6C4D4BD3F8E0304C4A43F0020318
:10717000C2F8E030494BD3F8E03003F002033B643F
:107180003B6C42F22003C7F81C310223C7F82031C0
:107190000023C7F824310323C7F828310E23C7F88A
:1071A0002C3107F58E7319463D4804F079FF3D4BAD
:1071B0003D4A1A603B4B41225A603A4B00229A608A
:1071C000384B0022DA60374B4FF480621A61354B3E
:1071D00000225A61334B00229A61324B0022DA615D
:1071E000304B00221A622F4B00225A622D4801F0C8
:1071F0003BFF0346002B01D0FFF7F1F807F598732A
:10720000A3F596731B68274AC3F88020254A07F523
:107210009873A3F596731B689363244B244A1A60F2
:10722000224B42225A60214B40229A601F4B00227F
:10723000DA601E4B4FF480621A611C4B00225A61C7
:107240001A4B00229A61194B0022DA61174B002277
:107250001A62164B00225A62144801F005FF0346D9
:10726000002B01D0FFF7BBF807F59873A3F59673D1
:107270001B680E4ADA670D4A07F59873A3F59673F3
:107280001B68936300220F21352001F0BDFC3520DF
:1072900001F0ECFC00F06EBD0050004000440258CC
:1072A000000402580C23012410040240842301240A
:1072B0002804024007F59873A3F596731B681B68B2
:1072C000714A934240F0F0800223FB6500233B6645
:1072D0000023C7F8D43007F15C03184607F0EEFB33
:1072E0000346002B01D0FFF77AF8684BD3F8E8305B
:1072F000664A43F08043C2F8E830644BD3F8E83084
:1073000003F08043FB63FB6B604BD3F8E0305F4AD4
:1073100043F00103C2F8E0305C4BD3F8E03003F0F7
:107320000103BB63BB6B594BD3F8E030574A43F0C2
:107330002003C2F8E030554BD3F8E03003F02003CF
:107340007B637B6B4FF40143C7F81C310223C7F802
:1073500020310023C7F824310323C7F828310B2339
:10736000C7F82C3107F58E731946494804F098FE8A
:107370004FF48073C7F81C310223C7F82031002373
:10738000C7F824310323C7F828310723C7F82C3165
:1073900007F58E7319463F4804F082FE3E4B3F4A84
:1073A0001A603D4B4F225A603B4B00229A603A4B89
:1073B0000022DA60384B4FF480621A61364B0022AB
:1073C0005A61354B00229A61334B0022DA61324B0D
:1073D00000221A62304B00225A622F4801F044FE0C
:1073E0000346002B01D0FEF7FAFF07F59873A3F5CB
:1073F00096731B68284AC3F88020274A07F59873BC
:10740000A3F596731B689363254B264A1A60244B99
:1074100050225A60224B40229A60214B0022DA60AF
:107420001F4B4FF480621A611D4B00225A611C4BA6
:1074300000229A611A4B0022DA61194B00221A626B
:10744000174B00225A62164801F00EFE0346002B2D
:1074500001D0FEF7C4FF07F59873A3F596731B6878
:107460000F4ADA670E4A07F59873A3F596731B68FF
:10747000936300220F21522001F0C6FB522001F03D
:10748000F5FB00F077BC00BF0078004000440258D4
:107490000000025800140258FC230124700402402A
:1074A000742401248804024007F59873A3F59673A9
:1074B0001B681B68664A934240F0D8800223FB6534
:1074C00000233B660023C7F8D43007F15C0318465D
:1074D00007F0F4FA0346002B01D0FEF780FF5D4B66
:1074E000D3F8E8305B4A43F00043C2F8E830594B28
:1074F000D3F8E83003F0004207F59873A3F58073E2
:107500001A6007F59873A3F580731B68514BD3F885
:10751000E030504A43F40073C2F8E0304D4BD3F8EA
:10752000E03003F4007207F59873A3F582731A60D4
:1075300007F59873A3F582731B684FF44073C7F87F
:107540001C310223C7F820310023C7F8243103235C
:10755000C7F828310823C7F82C3107F58E73194670
:107560003D4804F09DFD3D4B3D4A1A603B4B512286
:107570005A603A4B00229A60384B0022DA60374B4F
:107580004FF480621A61354B00225A61334B00225E
:107590009A61324B0022DA61304B00221A622F4B83
:1075A00000225A622D4801F05FFD0346002B01D0F6
:1075B000FEF715FF07F59873A3F596731B68274A26
:1075C000C3F88020254A07F59873A3F596731B68C6
:1075D0009363244B244A1A60224B52225A60214B57
:1075E00040229A601F4B0022DA601E4B4FF48062EB
:1075F0001A611C4B00225A611A4B00229A61194BE6
:107600000022DA61174B00221A62164B00225A62DE
:10761000144801F029FD0346002B01D0FEF7DFFEE0
:1076200007F59873A3F596731B680E4ADA670D4A3F
:1076300007F59873A3F596731B68936300220F21D7
:10764000532001F0E1FA532001F010FB92E300BF58
:10765000007C00400044025800240258EC2401241D
:10766000A004024064250124B804024007F5987381
:10767000A3F596731B681B686D4A934240F0E68041
:107680000123FB6500233B660023C7F8D83007F1D0
:107690005C03184607F012FA0346002B01D0FEF7F0
:1076A0009EFE644BD3F8F030624A43F01003C2F8F8
:1076B000F030604BD3F8F03003F0100207F5987308
:1076C000A3F584731A6007F59873A3F584731B6898
:1076D000584BD3F8E030574A43F00203C2F8E03089
:1076E000544BD3F8E03003F0020207F59873A3F58A
:1076F00086731A6007F59873A3F586731B684FF4B9
:107700004043C7F81C310223C7F820310023C7F8D3
:1077100024310323C7F828310423C7F82C3107F597
:107720008E731946444804F0BBFC444B444A1A602B
:10773000424B29225A60414B00229A603F4B002263
:10774000DA603E4B4FF480621A613C4B00225A6172
:107750003A4B00229A61394B0022DA61374B002202
:107760001A62364B00225A62344801F07DFC03460F
:10777000002B01D0FEF733FE07F59873A3F596733F
:107780001B682E4AC3F880202C4A07F59873A3F58E
:1077900096731B6893632B4B2B4A1A60294B2A2242
:1077A0005A60284B40229A60264B0022DA60254B13
:1077B0004FF480621A61234B00225A61214B002250
:1077C0009A61204B0022DA611E4B00221A621D4B87
:1077D00000225A621B4801F047FC0346002B01D0EF
:1077E000FEF7FDFD07F59873A3F596731B68154A20
:1077F000DA67144A07F59873A3F596731B689363C9
:1078000000220F21252001F0FFF9252001F02EFA9A
:1078100007F59873A3F596731E2118680AF0A0F86F
:1078200007F59873A3F5967318680AF0A5F8A1E216
:10783000001001400044025800040258DC250124D5
:1078400010000240542601242800024007F59873D6
:10785000A3F596731B681B68654A934240F0D68077
:107860000223FB6500233B660023C7F8D43007F1F1
:107870005C03184607F022F90346002B01D0FEF7FF
:10788000AEFD5C4BD3F8E8305A4A43F40033C2F8FB
:10789000E830584BD3F8E83003F4003207F598731A
:1078A000A3F588731A6007F59873A3F588731B68AE
:1078B000504BD3F8E0304F4A43F00803C2F8E030B1
:1078C0004C4BD3F8E03003F0080207F59873A3F5AA
:1078D0008A731A6007F59873A3F58A731B6860238F
:1078E000C7F81C310223C7F820310023C7F8243120
:1078F0000323C7F828310723C7F82C3107F58E7307
:1079000019463D4804F0CCFB3C4B3D4A1A603B4BCA
:107910002B225A60394B00229A60384B0022DA60E1
:10792000364B4FF480621A61344B00225A61334B5C
:1079300000229A61314B0022DA61304B00221A6238
:107940002E4B00225A622D4801F08EFB0346002B7D
:1079500001D0FEF744FD07F59873A3F596731B68F5
:10796000264AC3F88020254A07F59873A3F5967335
:107970001B689363234B244A1A60224B2C225A60C3
:10798000204B40229A601F4B0022DA601D4B4FF4BF
:1079900080621A611B4B00225A611A4B00229A61C5
:1079A000184B0022DA61174B00221A62154B002295
:1079B0005A62144801F058FB0346002B01D0FEF731
:1079C0000EFD07F59873A3F596731B680D4ADA67E9
:1079D0000C4A07F59873A3F596731B68936300220E
:1079E0000F21262001F010F9262001F03FF9C1E116
:1079F0000044004000440258000C0258CC260124E8
:107A000040000240442701245800024007F59873C3
:107A1000A3F596731B681B68664A934240F0D880B2
:107A20000223FB6500233B660023C7F8D43007F12F
:107A30005C03184607F042F80346002B01D0FEF71E
:107A4000CEFC5D4BD3F8E8305B4A43F48023C2F8A8
:107A5000E830594BD3F8E83003F4802207F59873E7
:107A6000A3F58C731A6007F59873A3F58C731B68E4
:107A7000514BD3F8E030504A43F00203C2F8E030F3
:107A80004D4BD3F8E03003F0020207F59873A3F5ED
:107A90008E731A6007F59873A3F58E731B684FF405
:107AA0004063C7F81C310223C7F820310023C7F810
:107AB00024310323C7F828310723C7F82C3107F5F1
:107AC0008E7319463D4804F0EBFA3D4B3D4A1A606F
:107AD0003B4B2D225A603A4B00229A60384B0022D1
:107AE000DA60374B4FF480621A61354B00225A61DD
:107AF000334B00229A61324B0022DA61304B002274
:107B00001A622F4B00225A622D4801F0ADFA03464B
:107B1000002B01D0FEF763FC07F59873A3F596736D
:107B20001B68274AC3F88020254A07F59873A3F5F8
:107B300096731B689363244B244A1A60224B2E22AF
:107B40005A60214B40229A601F4B0022DA601E4B84
:107B50004FF480621A611C4B00225A611A4B0022BA
:107B60009A61194B0022DA61174B00221A62164BF8
:107B700000225A62144801F077FA0346002B01D024
:107B8000FEF72DFC07F59873A3F596731B680E4A54
:107B9000DA670D4A07F59873A3F596731B6893632C
:107BA00000220F21272001F02FF8272001F05EF896
:107BB000E0E000BF004800400044025800040258C2
:107BC000BC270124700002403428012488000240B0
:107BD00007F59873A3F596731B681B68684A934270
:107BE00040F0C8800123FB6500233B660023C7F8F3
:107BF000D83007F15C03184606F060FF0346002BFF
:107C000001D0FEF7ECFB5F4BD3F8F0305D4A43F058
:107C10002003C2F8F0305B4BD3F8F03003F02002C1
:107C200007F59873A3F590731A6007F59873A3F599
:107C300090731B68534BD3F8E030524A43F0400333
:107C4000C2F8E0304F4BD3F8E03003F0400207F5C4
:107C50009873A3F592731A6007F59873A3F592735E
:107C60001B684FF48443C7F81C310223C7F8203146
:107C70000023C7F824310323C7F828310723C7F8A6
:107C80002C3107F58E7319463F4804F009FA3F4B33
:107C90003F4A1A603D4B47225A603C4B00229A6093
:107CA0003A4B0022DA60394B4FF480621A61374B4D
:107CB00000225A61354B00229A61344B0022DA616E
:107CC000324B00221A62314B00225A622F4801F0D7
:107CD000CBF90346002B01D0FEF781FB07F5987323
:107CE000A3F596731B68294AC3F88020274A07F535
:107CF0009873A3F596731B689363264B264A1A6004
:107D0000244B48225A60234B40229A60214B002288
:107D1000DA60204B4FF480621A611E4B00225A61D8
:107D20001C4B00229A611B4B0022DA61194B002286
:107D30001A62184B00225A62164801F095F9034660
:107D4000002B01D0FEF74BFB07F59873A3F5967354
:107D50001B68104ADA670F4A07F59873A3F5967304
:107D60001B68936300220F21472000F04DFF47203E
:107D700000F07CFF00BF07F59877BD4680BD00BFCF
:107D8000001401400044025800180258AC28012495
:107D900040040240242901245804024080B582B0E6
:107DA00000AF78607B681B68994A93421BD1994B5E
:107DB000D3F8F430974A23F00803C2F8F4304FF4B4
:107DC000C061954804F062FA7B68D3F880301846A9
:107DD00001F012FB7B68DB6F184601F00DFB8E2073
:107DE00000F052FF0FE17B681B688C4A934220D160
:107DF000884BD3F8E830874A23F40023C2F8E830F0
:107E00004FF40071864804F041FA4FF480518248E3
:107E100004F03CFA7B68D3F88030184601F0ECFAA5
:107E20007B68DB6F184601F0E7FA342000F02CFF86
:107E3000E9E07B681B687B4A93421BD1754BD3F802
:107E4000E830744A23F48013C2F8E83042F220018B
:107E5000754804F01BFA7B68D3F88030184601F0AF
:107E6000CBFA7B68DB6F184601F0C6FA352000F0CC
:107E70000BFFC8E07B681B686C4A934220D1654BBE
:107E8000D3F8E830634A23F08043C2F8E8304FF477
:107E90000141614804F0FAF94FF48071644804F03C
:107EA000F5F97B68D3F88030184601F0A5FA7B68B5
:107EB000DB6F184601F0A0FA522000F0E5FEA2E0C8
:107EC0007B681B685B4A93421BD1524BD3F8E83066
:107ED000504A23F00043C2F8E8304FF4407156484E
:107EE00004F0D4F97B68D3F88030184601F084FAA6
:107EF0007B68DB6F184601F07FFA532000F0C4FE68
:107F000081E07B681B684D4A93421BD1414BD3F8FB
:107F1000F030404A23F01003C2F8F0304FF44041F3
:107F2000414804F0B3F97B68D3F88030184601F07B
:107F300063FA7B68DB6F184601F05EFA252000F0DB
:107F4000A3FE60E07B681B683D4A93421AD1314B27
:107F5000D3F8E8302F4A23F40033C2F8E830602128
:107F6000384804F093F97B68D3F88030184601F064
:107F700043FA7B68DB6F184601F03EFA262000F0DA
:107F800083FE40E07B681B682F4A93421BD1214B44
:107F9000D3F8E8301F4A23F48023C2F8E8304FF4C6
:107FA0004061214804F072F97B68D3F880301846AC
:107FB00001F022FA7B68DB6F184601F01DFA2720DA
:107FC00000F062FE1FE07B681B68204A93421AD1D2
:107FD000104BD3F8F0300F4A23F02003C2F8F030F2
:107FE0004FF484411A4804F051F97B68D3F880308B
:107FF000184601F001FA7B68DB6F184601F0FCF9C6
:10800000472000F041FE00BF0837BD4680BD00BFDD
:10801000000C00580044025800000258004C004078
:108020000020025800500040000402580078004030
:1080300000140258007C0040002402580010014047
:1080400000440040000C0258004800400014014069
:108050000018025880B58AB000AF786007F11403A9
:1080600000221A605A609A60DA601A617B681B68A5
:108070002E4A934255D12E4BD3F8D4302C4A43F498
:108080008033C2F8D4302A4BD3F8D43003F4803391
:108090003B613B69264BD3F8E030254A43F00403AB
:1080A000C2F8E030224BD3F8E03003F00403FB6069
:1080B000FB681F4BD3F8E0301D4A43F00803C2F8B9
:1080C000E0301B4BD3F8E03003F00803BB60BB6823
:1080D0004FF4F8537B610223BB610023FB61032350
:1080E0003B620C237B6207F114031946114803F02D
:1080F000D7FF04237B610223BB610023FB610323C1
:108100003B620C237B6207F1140319460A4803F013
:10811000C7FF00220F21312000F076FD312000F052
:10812000A5FD00BF2837BD4680BD00BF00700052CE
:108130000044025800080258000C025880B582B072
:1081400000AF78607B681B680D4A934213D10D4BDA
:10815000D3F8D4300B4A23F48033C2F8D4304FF430
:10816000F851094804F092F80421084804F08EF808
:10817000312000F089FD00BF0837BD4680BD00BF3B
:10818000007000520044025800080258000C0258C7
:1081900080B58CB000AF786007F11C0300221A6034
:1081A0005A609A60DA601A617B681B684D4A934294
:1081B00040F094804C4BD3F8F0304B4A43F480535A
:1081C000C2F8F030484BD3F8F03003F48053BB6171
:1081D000BB69454BD3F8E030434A43F04003C2F853
:1081E000E030414BD3F8E03003F040037B617B6922
:1081F0003D4BD3F8E0303C4A43F00203C2F8E03094
:10820000394BD3F8E03003F002033B613B69364B56
:10821000D3F8E030344A43F00803C2F8E030324B80
:10822000D3F8E03003F00803FB60FB682E4BD3F873
:10823000E0302D4A43F00103C2F8E0302A4BD3F876
:10824000E03003F00103BB60BB684FF48063FB6167
:1082500002233B6202237B620323BB620523FB6292
:1082600007F11C031946214803F01AFF1023FB6194
:1082700002233B6202237B620323BB620523FB6272
:1082800007F11C0319461A4803F00AFF8023FB611B
:1082900002233B6202237B620323BB620523FB6252
:1082A00007F11C031946134803F0FAFE2023FB6173
:1082B00002233B6202237B620323BB620523FB6232
:1082C00007F11C0319460C4803F0EAFE00220F21B7
:1082D000232000F099FC232000F0C8FC00BF3037B9
:1082E000BD4680BD003001400044025800180258CD
:1082F00000040258000C02580000025880B582B0F9
:1083000000AF78607B681B68114A93421BD1114B08
:10831000D3F8F0300F4A23F48053C2F8F0304FF412
:1083200080610D4803F0B2FF10210C4803F0AEFF4E
:1083300080210B4803F0AAFF20210A4803F0A6FF82
:10834000232000F0A1FC00BF0837BD4680BD00BF60
:10835000003001400044025800180258000402583E
:10836000000C02580000025880B485B000AF78605D
:108370007B681B68164A93420FD1164BD3F8E8303E
:10838000144A43F00203C2F8E830124BD3F8E83045
:1083900003F00203FB60FB6813E07B681B680E4A76
:1083A00093420ED10B4BD3F8E8300A4A43F0040352
:1083B000C2F8E830074BD3F8E83003F00403BB60A1
:1083C000BB6800BF1437BD465DF8047B704700BF33
:1083D00000040040004402580008004080B485B00A
:1083E00000AF78607B681B680B4A93420ED10B4B41
:1083F000D3F8E830094A43F00803C2F8E830074BE5
:10840000D3F8E83003F00803FB60FB6800BF1437C3
:10841000BD465DF8047B7047000C004000440258E4
:1084200080B58EB000AF786007F1240300221A6097
:108430005A609A60DA601A617B681B68674A9342E7
:108440003ED1674BD3F8E030654A43F00403C2F8ED
:10845000E030634BD3F8E03003F004033B623B6A47
:108460005F4BD3F8E0305E4A43F00203C2F8E030DD
:108470005B4BD3F8E03003F00203FB61FB69C023E0
:108480007B620223BB620023FB6203233B63022364
:108490007B6307F124031946524803F001FE0323CE
:1084A0007B620223BB620023FB6203233B63022344
:1084B0007B6307F1240319464B4803F0F1FD89E083
:1084C0007B681B68494A934240D1454BD3F8E03062
:1084D000434A43F00203C2F8E030414BD3F8E030A6
:1084E00003F00203BB61BB693D4BD3F8E0303C4A6B
:1084F00043F00803C2F8E030394BD3F8E03003F022
:1085000008037B617B694FF440737B620223BB628B
:108510000023FB6203233B6302237B6307F12403F5
:108520001946314803F0BCFD4FF440537B620223EF
:10853000BB620023FB6203233B6302237B6307F1DF
:10854000240319462A4803F0ABFD43E07B681B680F
:10855000284A93423ED1224BD3F8E030204A43F4DC
:108560008073C2F8E0301E4BD3F8E03003F4807320
:108570003B613B691A4BD3F8E030194A43F0800362
:10858000C2F8E030164BD3F8E03003F08003FB6014
:10859000FB6801237B620223BB620023FB6203238F
:1085A0003B6302237B6307F124031946124803F05F
:1085B00077FD4FF4E0537B620223BB620023FB6232
:1085C00003233B6302237B6307F1240319460B4813
:1085D00003F066FD00BF3837BD4680BD0004004093
:1085E00000440258000802580004025800080040E5
:1085F000000C0258000C004000200258001C0258D9
:1086000080B590B000AF78607B680F2B27D8002230
:108610007968362000F0F8FA362000F027FB294A66
:108620007B681360284BD3F8E830274A43F01003E7
:10863000C2F8E830244BD3F8E83003F01003FB60B5
:10864000FB6807F1100207F114031146184606F003
:108650001BF9BB6ABB63BB6B002B06D101E0012396
:108660002BE006F0EDF8F86304E006F0E9F80346C5
:108670005B00FB63FB6B154AA2FB03239B0C013BD6
:108680007B63134B134A1A60114B40F2E732DA60F6
:108690000F4A7B6B53600E4B00221A610C4B002279
:1086A0009A600B4808F044F80346002B04D10848B0
:1086B00007F002FF034600E0012318464037BD469D
:1086C00080BD00BF180400200044025883DE1B4315
:1086D0000C2B01240010004080B400AF00BFFDE768
:1086E00080B487B000AFEFF308837B607B687B6169
:1086F0007B699B693B617B695B69FB600B4B9B6A98
:10870000BB60BB68B3F5024F03D0BB68B3F5806FA5
:1087100005D1BB681B0A1A46054B1A6000E0FEE74C
:108720001C37BD465DF8047B704700BF00ED00E0DC
:108730006C4D022480B400AF00BFFDE780B400AFF1
:1087400000BFFDE780B400AF00BFFDE780B400AF1D
:1087500000BFBD465DF8047B7047000080B500AFE8
:10876000044B1B680133034A1360034801F032FCD9
:1087700000BF80BD582B0124DC25012480B500AF4B
:10878000024801F027FC00BF80BD00BF5426012431
:1087900080B500AF024801F01DFC00BF80BD00BFE6
:1087A000CC26012480B500AF024801F013FC00BFC5
:1087B00080BD00BF4427012480B500AF024801F00E
:1087C00009FC00BF80BD00BFBC27012480B500AFFD
:1087D000024801F0FFFB00BF80BD00BF3428012428
:1087E00080B500AF024801F0F5FB00BF80BD00BFBF
:1087F0001C22012480B500AF024804F0CBFB00BF6F
:1088000080BD00BFA41B012480B500AF024805F065
:108810006FF800BF80BD00BFA41B012480B500AF6E
:10882000024807F01FFD00BF80BD00BF9C29012446
:1088300080B500AF024808F029FC00BF80BD00BF32
:10884000DC1E012480B500AF024808F01FFC00BF09
:1088500080BD00BF701F012480B500AF024808F042
:1088600015FC00BF80BD00BF0420012480B500AF0F
:10887000024801F0AFFB00BF80BD00BF942201247D
:1088800080B500AF02480AF0CDF900BF80BD00BF3F
:108890006054012480B500AF024808F0F7FB00BF28
:1088A00080BD00BF8C1C012480B500AF024808F0D9
:1088B000EDFB00BF80BD00BF201D012480B500AFCF
:1088C000024807F03CFE00BF80BD00BF0C2B012416
:1088D00080B500AF024801F07DFB00BF80BD00BF46
:1088E0000C23012480B500AF024801F073FB00BFE8
:1088F00080BD00BF8423012480B500AF024801F091
:1089000069FB00BF80BD00BFAC28012480B500AF6B
:10891000024801F05FFB00BF80BD00BF2429012495
:1089200080B500AF024801F055FB00BF80BD00BF1D
:10893000FC23012480B500AF024802F0B8FA00BF62
:1089400080BD00BFB419012480B500AF024801F01A
:1089500041FB00BF80BD00BF7424012480B500AF7F
:10896000024801F037FB00BF80BD00BFEC240124AA
:1089700080B500AF024801F02DFB00BF80BD00BFF5
:108980006425012480B500AF024808F07FFB00BFDA
:1089900080BD00BF9820012480B500AF024808F0D8
:1089A00075FB00BF80BD00BFB41D012480B500AFC2
:1089B000024808F06BFB00BF80BD00BF481E0124C9
:1089C00080B500AF024801F005FB00BF80BD00BFCD
:1089D0002C21012480B500AF024801F0FBFA00BF52
:1089E00080BD00BFA421012480B500AF024808F07B
:1089F0004DFB00BF80BD00BFF81B012480B500AF58
:108A0000024803F0E5F900BF80BD00BF641A0124ED
:108A100080B500AF024803F0DBF900BF80BD00BFA6
:108A2000041B0124DFF834D000F054F80C480D4941
:108A30000D4A002302E0D458C4500433C4188C42B9
:108A4000F9D30A4A0A4C002301E013600432A2421F
:108A5000FBD333F0D1FFFCF73FFA7047000400204E
:108A6000000400207C1B0020603708080000002460
:108A7000FCE50524FEE7000080B485B000AF0023CC
:108A8000FB600023BB60104B7B60104B3B600023FE
:108A9000FB600CE07B681A78BB681A70BB68013316
:108AA000BB607B6801337B60FB680133FB60FA6865
:108AB0003B689A42EED3064B00229A6000BF1437FF
:108AC000BD465DF8047B704700000408304D00008F
:108AD00000ED00E080B500AF374BD3F88830364A60
:108AE00043F47003C2F88830344B1B6803F00F0363
:108AF000062B07D8314B1B6823F00F032F4A43F096
:108B0000070313602E4B1B682D4A43F001031360CB
:108B10002B4B00221A612A4B1A682949294B134012
:108B20000B60264B1B6803F00803002B07D0234B78
:108B30001B6823F00F03214A43F007031360204B07
:108B400000229A611E4B0022DA611D4B00221A623C
:108B50001B4B1D4A9A621A4B1C4ADA62184B1C4A7C
:108B60001A63174B00225A63154B194A9A63144B28
:108B70000022DA63124B164A1A64114B00225A641F
:108B80000F4B1B680E4A23F4802313600C4B00220A
:108B90001A66104B1A68104B1340B3F1005F02D2F3
:108BA0000E4B01221A600E4B43F2D2021A60FFF7FD
:108BB00063FF00BF80BD00BF00ED00E00020005259
:108BC000004402587FEDF6EA000202020000FF01B5
:108BD000800201010010005C0000FFFF08810051CD
:108BE0000040005207490302CA6803F4E06322F41C
:108BF000E0621204120C134343F0BF6343F40033EA
:108C0000CB60704700ED00E0164B30B5DC68C4F374
:108C10000224C4F10703251D042B28BF0423062DBD
:108C20004FF0FF358CBF033C002405FA03F3002806
:108C300005FA04F521EA030322EA050203FA04F324
:108C400043EA02034FEA0313DBB206DB00F16040A4
:108C500000F5614080F8003330BD00F00F00024A9B
:108C60001354F9E700ED00E014ED00E0002807DB05
:108C70000123410900F01F00024A834042F82130DD
:108C8000704700BF00E100E000280CDB430901222F
:108C900000F01F0004492033824041F82320BFF335
:108CA0004F8FBFF36F8F704700E100E0F0B50468AD
:108CB000784E856DB44200F0DF80DFF8ECC164458A
:108CC00000F0D3803036B44200F0C8801836B44289
:108CD00000F0C4801836B44200F0C7801836B442A1
:108CE00000F0BC801836B44200F0B8801836B442A8
:108CF00000F0BB8006F55676B44200F0AF8018361F
:108D0000B44200F0AB801836B44200F0AE801836A2
:108D1000B44200F0A3801836B44200F09F801836A9
:108D2000B44200F0A2801836B44200F097801836A2
:108D3000B44200F09380584EB44200F08380143661
:108D4000B44268D01436B44265D01436B44279D0F7
:108D50001436B4425FD01436B4425CD01436B442F8
:108D600070D01436B44255D1D0E919677760C66E19
:108D70006EB9C66D06F01F070126BE406E606360C7
:108D80008368402B40F08280A260E16042E0D0E93D
:108D90001C677760414EB44249D01836B44246D081
:108DA0001836B44243D01836B44240D01836B442D4
:108DB0003DD006F55676B44239D01836B44236D096
:108DC0001836B44233D01836B44230D01836B442D4
:108DD0002DD01836B4422AD01836B44227D01836CF
:108DE000B44224D02C4EB442C3D02D4EB442C0D095
:108DF0001436B442BDD01436B442BAD01436B4429C
:108E0000B7D01436B442B4D01436B442B1D014360C
:108E1000B442AED0F0BDD0E919677760C66E002EBF
:108E2000A7D0D0E91C6777601E4EB442B2D1C66DA0
:108E300006F01F073F26BE40AE60256825F480255A
:108E400025609CE7D0E919677760C66E002E90D048
:108E50006445D0E91C677760E9D0E5E7D0E9196798
:108E60007760C66E002EDCD1E1E7D0E91967776044
:108E7000C66E002EECD1DAE7D0E919677760C66ECE
:108E8000002ED4D0D0E91C677760D0E7A160E26003
:108E9000C0E700BF100002400854025858000240CA
:108EA0001C540258400002402800024002462A4B4F
:108EB0000068984246D0183398423CD01833984204
:108EC00045D01833984244D01833984225D01833EF
:108ED00098422AD01833984229D01833984228D083
:108EE00003F5567398422DD0183398422CD018337E
:108EF00098422CD0183398422BD0183398420CD07B
:108F00001833984211D01833984210D01833984231
:108F10000FD020F0FF0090657047002320F47F7091
:108F2000D36520F003000430F5E70623F6E71023AD
:108F3000F4E71623F2E7062320F47F70D36520F0D0
:108F40000300E8E70023F7E706230448F4E71023CB
:108F5000F2E71623F0E700BF1000024028040240A9
:108F600002682149D3B28A4228D014318A4225D0DE
:108F700014318A4222D014318A421FD014318A42DD
:108F80001CD014318A4219D014318A4216D01431BF
:108F90008A4213D01821103BB3FBF1F3134911445B
:108FA000A8291ED903F18052012103F01F0302F505
:108FB000024201FA03F30E4992000EE01422083B2C
:108FC0000121B3FBF2F303F1B05203F01F0302F5EA
:108FD000164201FA03F3074992008366C0E918219B
:108FE00070470833DEE700BF08540258F0FBFDBFAE
:108FF00080080240805802580279511E072910B596
:1090000021D80368134CA3421ED01434A3421BD0B2
:109010001434A34218D01434A34215D01434A342FC
:1090200012D01434A3420FD01434A3420CD0143401
:10903000A34209D0084B1344084A9B00C0E91B32E5
:1090400001238B40436710BD054B1344054A9B0029
:10905000F4E700BF085402583F8200104009024064
:109060003F96001640590258F8B5044609F08CF8AE
:109070000646002C00F0F4802368864DAB4200F0D9
:10908000DE80854A934200F0DA801832934200F085
:10909000D6801832934200F0D2801832934200F00A
:1090A000CE801832934200F0CA801832934200F00A
:1090B000C6801832934200F0C28002F55672934285
:1090C00000F0BD801832934200F0AC8073498B42AF
:1090D00000F0A88018318B4200F0A48048329342FF
:1090E00000F0AD801832934249D0183293423FD0FD
:1090F0001832934243D06A4A934240F0528102228E
:10910000A16884F835200022402984F834201868AA
:1091100020F4FF3020F4F87000F06181A1F18002AA
:10912000514251418903D4E90362D20842EAD6028E
:10913000666942EAD602A66942EAD602E66942EACE
:10914000D602266A42EA1612024320461143554AC5
:1091500019601A441423B2FBF3F29200E265FFF7A0
:10916000A5FEE36D03F01F02012393404360AFE0CF
:10917000022284F83520002284F8342005E00222FF
:1091800084F83520002284F834201A6822F0010285
:109190001A6022681368DF0758D413684248A1692F
:1091A0001840D4E9023633432669334366693343B2
:1091B000E6690B433343266A3343666A042E43EA67
:1091C000000302BFD4E90B07384303433748006864
:1091D000000C0004B0F1005F0ED36068A0F1290715
:1091E000052F07D93F38132806D8314F27FA00F04A
:1091F000C00701D543F480131360042E536923F094
:10920000070343EA060359D1A06AE66A0343002E26
:1092100054D039BB012835D030F002014ED1F101D4
:109220004CD532E00221934284F835104FF0000112
:1092300084F83410A9D0194A93429FD1A5E702229D
:1092400084F83520002284F834209EE708F09CFF43
:10925000801B05289DD920236365032384F83530BE
:109260000120F8BDB1F5005F24D1032826D801A163
:1092700051F820F08B9204081F9204088B92040886
:1092800085920408B6F1C07F18D14023636501239D
:10929000E4E700BF10000240280002404004024002
:1092A00008540258F8ABFDA73F8010FE0010005C88
:1092B0000F030F000228E8D90328B0D053612046DD
:1092C000FFF7F4FDE36D03F01F023F23934083603B
:1092D0002368AB4245D0454A934242D0183293426C
:1092E0003FD0183293423CD01832934239D01832D2
:1092F000934236D01832934233D01832934230D052
:1093000002F5567293422CD01832934229D018326B
:10931000934226D01832934223D01832934220D061
:10932000183293421DD0183293421AD01832934209
:1093300017D02F4A934214D01432934211D01432D2
:1093400093420ED0143293420BD01432934208D081
:109350001432934205D01432934202D01432934215
:1093600019D120460025FFF7FBFDA368226E802B54
:1093700004BF002363606368D9B2013B1160072B0F
:10938000D4E9192151602CD8FFF736FEE36E1D6039
:10939000D4E91C325A6000200123606584F835301E
:1093A0005FE7144A93423FF4AAAE143293423FF46B
:1093B000A6AE143293423FF4A2AE143293423FF46D
:1093C0009EAE143293423FF49AAE143293423FF46D
:1093D00096AE143293423FF492AE40233CE7102104
:1093E000A1E6C4E91B556567D5E700BF2800024028
:1093F000085402581C54025810B5044608B90120FC
:1094000010BD0368884A934205D188490A6922F051
:1094100001020A6107E0864A93423CD183498A6A85
:1094200022F001028A62002220461A605A609A6085
:10943000DA601A6121225A61FFF738FDE36D03F00B
:109440001F023F23934083602046FFF789FD236E70
:1094500023B100221A60D4E919325A606368013BD3
:10946000072B08D82046FFF7C7FDE36E00221A60DD
:10947000D4E91C325A6000206065606784F83500CA
:1094800084F83400C4E91B00C4E90F00C4E91100EA
:10949000C4E91300B4E7674A934205D163490A6CF3
:1094A00022F001020A64BEE7634A934200F09E8004
:1094B0001832934205D15D490A6F22F001020A6712
:1094C000B1E75E4A934207D15849D1F8882022F08B
:1094D0000102C1F88820A6E7594A93427ED018328B
:1094E000934207D15149D1F8B82022F00102C1F8C6
:1094F000B82098E7534A934201D1534986E753492C
:109500008B4265D0524A934207D18A6922F0010208
:109510008A614F4A934234D185E74E4A934205D13E
:1095200049498A6D22F001028A657CE74A4A9342E2
:1095300022D01832934209D14348D0F8882022F033
:109540000102C0F888208B42E3D16CE7434A934282
:1095500007D13D49D1F8A02022F00102C1F8A02096
:10956000D7E73F4A934243D13748D0F8B82022F09A
:109570000102C0F8B820E6E733490A6F22F0010281
:109580000A67344A93423FF44EAF183293423FF495
:109590004AAF183293423FF446AF183293423FF439
:1095A00042AF183293423FF43EAF2E4A934224D149
:1095B000002220461A605A609A60DA601A61FFF74A
:1095C00075FCE36D03F01F020123934043603BE70A
:1095D0001D48826A22F001028262B4E71349D1F881
:1095E000A02022F00102C1F8A0201CE70F4998E753
:1095F0001A6822F001021A60A5E71B4A9342D7D0ED
:1096000014329342D4D014329342D1D014329342C4
:10961000CED014329342CBD014329342C8D01432FD
:1096200093427FF4ECAEC3E710000240000002401A
:1096300028000240400002405800024088000240DA
:10964000A00002401004024000040240280402402E
:10965000400402405804024070040240A00402404A
:10966000B8040240085402581C54025870B500282F
:1096700000F0E88190F83440012C00F0E5810124ED
:1096800080F8344090F83540012C4FF0000440F051
:10969000D481022580F835509A4D44650468AC4267
:1096A0001ED0994EB4421BD01836B44218D018368A
:1096B000B44215D01836B44212D01836B4420FD086
:1096C0001836B4420CD01836B44209D006F5567696
:1096D000B44205D01836B44202D01836B442FFD096
:1096E000266826F001062660FFF7E0FAAC42036C1C
:1096F00000F09081844A944200F07E8183498C423C
:1097000000F078813032944200F072811832944235
:1097100000F06C811832944200F066811832944255
:1097200000F060811832944200F04A8102F55672CE
:10973000944200F0F3801832944200F0D680183240
:10974000944200F0C5801832944200F0B380183281
:10975000944200F0A1801832944200F08B801832BD
:10976000944275D0183294422ED0226822F00E0214
:1097700042F00A022260002B40F05A81644B9C4266
:1097800000F0DB8014339C4200F0D78014339C42FD
:1097900000F0D38014339C4200F0CF8014339C42FD
:1097A00000F0CB8014339C4200F0C78014339C42FD
:1097B00000F0C38014339C4200F0BF802368002077
:1097C00043F00103236070BD5249D1F8B82022F064
:1097D0001E0242F01602C1F8B820002B00F0AD8046
:1097E000D1F8B83043F00803C1F8B8304A4B9C4276
:1097F00000F0A38018339C4200F09F8018339C42F5
:1098000000F09B8018339C4200F0978018339C42F4
:1098100000F0938003F556739C4200F08E8018335D
:109820009C4200F08A8018339C4200F086801833F6
:109830009C4200F0828018339C427ED018339C42B8
:109840007BD018339C4278D018339C4296D174E078
:10985000304ED6F8A02022F01E0242F01602C6F8C2
:10986000A020002B69D0D6F8A03043F00803C6F83A
:10987000A0305FE0274ED6F8882022F01E0242F08A
:109880001602C6F88820002B57D0D6F8883043F04F
:109890000803C6F888304DE01E4E326F22F01E02DB
:1098A00042F016023267002B47D0336F43F00803B3
:1098B00033673FE0174EB26D22F01E0242F01602EF
:1098C000B265002B39D0B36D43F00803B36531E0C6
:1098D000104E326C22F01E0242F01602326463B364
:1098E000336C43F00803336424E00A4EB26A22F07A
:1098F0001E0242F01602B262FBB1B36A43F00803E3
:10990000B36217E01000024028000240400002400D
:109910000854025800040240580002404B4E32697D
:1099200022F01E0242F01602326133B1336943F075
:10993000080333618C427FF459AF036E1A68D20377
:1099400003D51A6842F480721A60C36E1BB11A689C
:1099500042F480721A60AC423FF430AF3C4B9C4200
:109960003FF42CAF18339C423FF428AF18339C428D
:109970003FF424AF18339C423FF420AF18339C428D
:109980003FF41CAF18339C423FF418AF18339C428D
:109990003FF414AF03F556739C423FF40FAF1833F6
:1099A0009C423FF40BAF18339C423FF407AF18338F
:1099B0009C423FF403AF18339C423FF4FFAEFDE6F8
:1099C000244ED6F8B82022F01E0242F01602C6F845
:1099D000B820002BB1D0D6F8B83043F00803C6F851
:1099E000B830A7E71B4E34E71A4E44E7194E54E748
:1099F000184E60E7174E6CE716498A6A22F01E027D
:109A000042F016028A62002B97D08B6A43F008035B
:109A10008B6292E70F490A6922F01E0242F0160299
:109A20000A61002B89D00B6943F008030B6184E7BE
:109A3000236843F0040323607CE74FF4006380F85D
:109A4000344043650120BEE60220BCE6000402402B
:109A50002800024000000240F8B5044608F094FBDC
:109A6000074644B194F83530022B06D08023636555
:109A7000002384F834300120F8BD2568B44EB54287
:109A80004AD0B44B9D4200F0978118339D4200F0BC
:109A9000898118339D4200F07B8118339D4200F08C
:109AA0006B8118339D4200F04481AB498D4200F038
:109AB0003E8130339D4200F02C8103F556739D4268
:109AC00000F0148118339D4200F0068118339D4246
:109AD00000F0F88018339D4200F0EA8018339D4270
:109AE0005BD018339D424AD018339D4239D0183389
:109AF0009D4220D02B6823F00E032B60974B9D4294
:109B000040F06481226E136823F480731360944BD9
:109B10009D4240F0788153E0924B1A6922F01E0278
:109B20001A615A6A22F080025A62226E136823F484
:109B30008073136044E08C4BD3F8B82022F01E02EF
:109B4000C3F8B820D3F8CC2022F08002C3F8CC2090
:109B5000226E136823F480731360844B9D42D6D128
:109B60002EE0814BD3F8A02022F01E02C3F8A020E3
:109B7000D3F8B42022F08002C3F8B42018E07A4B66
:109B8000D3F8882022F01E02C3F88820D3F89C2046
:109B900022F08002C3F89C20DAE7734B1A6F22F0A0
:109BA0001E021A67D3F8842022F08002C3F88420B2
:109BB000226E8D42136823F48073136040F0A480FA
:109BC0002B6823F001032B602B68DB0700F1208159
:109BD0002368E26DB342A16D02F01F0200F04D81D7
:109BE0005C48834200F049811830834200F045818F
:109BF0001830834200F041811830834200F03D81EB
:109C00001830834200F039811830834200F03581EA
:109C10001830834200F0318100F55670834200F025
:109C20002C811830834200F02881514DAB4200F066
:109C30000F813030834200F00B811830834200F0F6
:109C4000F3801830834200F0EF801830834200F038
:109C5000FF801830834200F0FB80012000FA02F2FE
:109C60004A603E4A934200F0F9801432934200F079
:109C7000F5801432934200F0F1801432934200F0E8
:109C8000ED801432934200F0E9801432934200F0E8
:109C9000E5801432934200F0E1801432934200F0E8
:109CA000DD800123002084F8353084F83400E3E6B9
:109CB0002D4B9A6D22F01E029A65DA6E22F0800218
:109CC000DA6675E7284B1A6C22F01E021A645A6D88
:109CD00022F080025A653BE7234B9A6A22F01E026B
:109CE0009A62DA6B22F08002DA6361E71E4B1A692E
:109CF00022F01E021A615A6A22F080025A62226E13
:109D0000136823F4807313601A4B9D427FF425AFD0
:109D100056E7144BD3F8B82022F01E02C3F8B8203F
:109D2000D3F8CC2022F08002C3F8CC2040E70D4BC2
:109D300018E70C4BD3F8882022F01E02C3F88820C5
:109D4000D3F89C2022F08002C3F89C20EDE600BFEF
:109D50001000024028000240A000024008540258AF
:109D600028040240000002400004024010040240A7
:109D700040040240B8000240424B1A6F22F01E021B
:109D80001A67D3F8842022F08002C3F88420CCE63E
:109D90003C4B9A6D22F01E029A65DA6E22F0800228
:109DA000DA66C2E6374B1A6C22F01E021A645A6D4C
:109DB00022F080025A65B8E6324B9A6A22F01E02FF
:109DC0009A62DA6B22F08002DA63AEE62E4B9D4295
:109DD00014D014339D4211D014339D423FF492AEFF
:109DE00014339D420AD014339D4207D014339D4250
:109DF00004D014339D427FF4B0AE83E6226E136824
:109E000023F480731360214B9D423FF4D9AED7E613
:109E100008F0BAF9C01B05287FF6D6AE202363658B
:109E2000032384F8353023E63F2000FA02F28A60EB
:109E3000174A934212D0183293420FD018329342ED
:109E40000CD01832934209D01832934206D008E75A
:109E50003F20AB4200FA02F28A60E9D1D4E919321C
:109E60005A60E36E002B3FF41CAF1A6822F4807234
:109E70001A60D4E91C325A6013E73F2393408B6089
:109E8000ECE700BF000002401C54025840040240AE
:109E90005804024008B528B190F83530022B03D0A1
:109EA00080234365012063E00368464A934264D0FF
:109EB0001832934261D0183293425ED018329342E6
:109EC0005BD01832934258D01832934255D0183292
:109ED000934252D0183293424FD002F556729342B9
:109EE0004BD01832934248D01832934245D01832A2
:109EF000934233D034498B422CD018318B4238D026
:109F000018318B422AD06032934236D01A6822F040
:109F10000E021A601A6822F001021A602B4A93425C
:109F20002FD1026E136823F480731360D0E91613E7
:109F300003F01F02012393404B60D0E919325A60AD
:109F4000C36E9BB31A6822F480721A60D0E91C3287
:109F50005A602BE0042280F8352004E0042193426B
:109F600080F83510F9D11A6822F001021A60002039
:109F700008BD042280F83520F5E7042280F835205A
:109F8000F1E7134A9342CCD014329342C9D0143231
:109F90009342C6D014329342C3D014329342C0D0FD
:109FA00014329342BDD014329342BAD0012380F8C8
:109FB0003530002380F83430036D002BD7D098471C
:109FC000D5E700BF10000240700402400854025858
:109FD0001C5402582DE9F34100230268A44E0446A4
:109FE0000193D0F85880B242A24BD8F800501F68B5
:109FF000D8F800C048D0A04B9A4277D018339A4284
:10A0000074D018339A4271D018339A426ED01833F4
:10A010009A426BD018339A4268D018339A4265D06E
:10A0200003F556739A4261D018339A425ED01833C2
:10A030009A425BD018339A4258D018339A4255D07E
:10A0400018339A4252D018339A424FD018339A425A
:10A050004CD08A4B9A4240F0B482E16D04201368E0
:10A0600001F01F01884010EA0C0F00F0D1825D075B
:10A0700040F1CE821904C8F8040040F1C182DF0328
:10A0800000F1C482A36C7FE1C36D082103F01F03BC
:10A0900099400D4231D1042125FA03FC99401CF06E
:10A0A000010F05EA010034D0DFF8D4C1DCF824C088
:10A0B0001CF0800F00F08B804FF0010C0CFA03FCB9
:10A0C000C8F808C0D4F854C04CF0020CC4F854C00E
:10A0D000002800F0DC811068800740F1D881C8F8C2
:10A0E0000810616D41F004016165D0E1E36D082164
:10A0F00003F01F0399400D4254D01068400746D426
:10A10000042125FA03FC99401CF0010F05EA010027
:10A1100075D1002800F0BB81B242DCD056488242A3
:10A12000D9D018308242D6D018308242D3D01830DD
:10A130008242D0D018308242CDD018308242CAD06C
:10A1400018308242C7D000F556708242C3D0183012
:10A150008242C0D018308242BDD018308242BAD07C
:10A1600018308242B7D018308242B4D018308242C0
:10A17000B1D018308242AED01168102101FA03F339
:10A180001D4200F0A080116811F0040F29E0106852
:10A1900020F004001060C8F80810616D41F0010162
:10A1A0006165ADE7042125FA03FC99401CF0010F1D
:10A1B00005EA0100ADD0DFF8C0C0624522D1ACF1A4
:10A1C000280CDCF83CC01CF0800F40F051810028C6
:10A1D00081D1102101FA03F31D4274D0116811F0EE
:10A1E000080F70D0C8F80830136813F4802F136874
:10A1F00000F067811A0300F15D81236C5BE1B242DC
:10A20000D9D151E7DFF87CC0624504D1ACF1400CF4
:10A21000DCF854C04AE0DFF870C0624504D1ACF10C
:10A22000580CDCF86CC041E0DFF860C0624504D136
:10A23000ACF1700CDCF884C038E0DFF854C0624543
:10A2400004D1ACF1880CDCF89CC02FE0DFF844C0EE
:10A25000624504D1ACF1A00CDCF8B4C026E0DFF814
:10A2600038C062451AD1ACF1B80CDCF8CCC01DE0A6
:10A270001000024008040020280002400854025840
:10A2800000000240400002405800024070000240BE
:10A2900088000240A0000240B8000240DFF8E4C29B
:10A2A000624579D1ACF1100CDCF824C01CF0800FB1
:10A2B00040F0DE8000287FF40EAF102101FA03F396
:10A2C0001D4240F09D80E16D202201F01F018A4077
:10A2D0002A4200F00B812368B3422ED0A748834264
:10A2E0002BD01830834228D01830834225D0183024
:10A2F000834222D0183083421FD0183083421CD0B2
:10A300001830834219D000F55670834215D01830AA
:10A31000834212D0183083420FD0183083420CD0C1
:10A320001830834209D01830834206D01830834257
:10A3300003D01830834240F0CC80186810F0100F22
:10A3400000F0D480C8F8082094F83520042A1A6850
:10A3500040F0C38022F016021A605A6922F080028F
:10A360005A61226C0AB9A26C1AB11A6822F008026A
:10A370001A603F238B40C8F80830012384F8353039
:10A38000002384F83430236D002B00F03681204602
:10A3900002B0BDE8F0411847DFF8ECC1624504D1D6
:10A3A000ACF1280CDCF83CC080E7DFF8E0C1624586
:10A3B0003FF42CAFDFF8D8C162453FF430AFDFF88F
:10A3C000D4C162453FF434AFDFF8CCC162453FF4FD
:10A3D00038AFDFF8C8C162453FF43CAFDFF8C0C119
:10A3E00062453FF440AF11681021002858D101FAAE
:10A3F00003F31D423FF467AF60498A423FF4EEAE7B
:10A400005F498A423FF4EAAE18318A423FF4E6AE31
:10A4100018318A423FF4E2AE18318A423FF4DEAE90
:10A4200018318A423FF4DAAE18318A423FF4D6AE90
:10A4300001F556718A423FF4D1AE18318A423FF499
:10A44000CDAE18318A423FF4C9AE18318A423FF48A
:10A45000C5AE18318A423FF4C1AE18318A423FF48A
:10A46000BDAE18318A423FF4B9AE18318A421EE0BF
:10A470004FF0010C0CFA03FCC8F808C0D4F854C023
:10A480004CF0020CC4F854C000287FF447AE1021F1
:10A4900001FA03F32B423FF416AFB242ACD19DE672
:10A4A00001FA03F310681D423FF40DAFB2427FF48E
:10A4B0006AAE93E6A36C002B3FF405AF20469847A5
:10A4C00001E7DB053FF599AE136823F0080313603D
:10A4D00093E6186810F0020F32E7500362D51B684C
:10A4E00019036CD4636C0BB120469847636D002B45
:10A4F00000F08380636DDA073ED522680423B24200
:10A5000084F835301ED01D4B9A421BD018339A4226
:10A5100018D018339A4215D018339A4212D01833F3
:10A520009A420FD018339A420CD018339A4209D06D
:10A5300003F556739A4205D018339A4202D0183365
:10A540009A42FFD0136823F0010313604FF41653AF
:10A55000B7FBF3F7019B0133BB42019302D81368A9
:10A56000DB07F7D41368DE074CBF0323012384F80D
:10A570003530002384F83430E36C05E728000240CE
:10A5800040000240100402402804024040040240FF
:10A59000580402407004024088040240A0040240B3
:10A5A000B80402401A6812F4807208D1196821F0C8
:10A5B00010011960012384F8342084F83530E36BEE
:10A5C00091E72B4B9A423FF448AD14339A423FF443
:10A5D00044AD14339A423FF440AD14339A423FF4F1
:10A5E0003CAD14339A423FF438AD14339A423FF4F1
:10A5F00034AD14339A423FF430AD02B0BDE8F0817F
:10A600009E0603D4136823F004031360236CBBE697
:10A610000220884010EA0C0F17D09D0715D51904A9
:10A62000C8F8040003D5DA030DD4636CACE613F06C
:10A63000200308D1116821F00A011160012284F879
:10A64000343084F83520E36B9EE60820884010EA19
:10A650000C0FD2D01B07D0D5136823F00E03136064
:10A66000012303FA01F1C8F8041063657FE700BF16
:10A670001C54025890F835007047406D704710B573
:10A6800002680C688B68106823434C6920F07F4097
:10A6900023438C6920F47B0023434C6A20F4FE4062
:10A6A0002343CC6A20F07C0023430343087943EA28
:10A6B000C063087B43EAC053487B43EA8053887BEE
:10A6C00043EA4053C87B43EA0053887C43EA004393
:10A6D000087F43EA0033487F43EAC023C87F43EA48
:10A6E000402391F8280043EA0013087CB0FA80F078
:10A6F000400943EAC043487CB0FA80F0400943EA8D
:10A700004043887FB0FA80F0400943EA802391F803
:10A710002000B0FA80F0400943EA0023C86B1360C0
:10A72000536823F07C5323F4EF2323F4FF6323F0D7
:10A73000070343EA4063486B034391F8380043EA58
:10A74000006391F8300043EA804391F8310043EA16
:10A75000404391F83200B0FA80F0400943EA0043E8
:10A760005360D368486C23F4877323F001030343D9
:10A7700091F8400043EA0023886CD360136F23F004
:10A78000F2031B041B0C43EA0043086D034391F8DA
:10A79000540043EA400391F84C00B0FA80F04009BD
:10A7A00043EAC0131367D2F8900091F8563020F0B6
:10A7B0000300034391F8550043EA4003886DC2F853
:10A7C0009030D2F8003D23F072030343C86DC2F805
:10A7D000003DD2F8303D23F07B03034391F8610044
:10A7E00043EA001391F8620091F8601043EAC00355
:10A7F000B1FA81F1490943EA8113C2F8303D10BD35
:10A800000368086803F580531A6822F4F04222F0C6
:10A810000202024310B51A600A7B58680C79D20311
:10A8200020F4504042EA04328C6820F001002243B8
:10A8300002435A600A6A487BD3F8004142EA004268
:10A84000104820400243C3F800214A7F087D1203CC
:10A85000D3F8044142EA0012086902430A48204042
:10A860000243C3F80421D3F808010C7F8A6920F061
:10A87000004142EAC47221F47C110A43C3F8082162
:10A8800010BD00BF00C0FEFFEFEFC0FF2DE9F74F86
:10A89000846A019200EB8406D1F808C0B369DA68D3
:10A8A000002A5DDBF26A002A5AD10F687D072AD59B
:10A8B000DD684A6A2D0C2D041543DD60DA680568F1
:10A8C00042F48032DA602A6E42F480122A663A0735
:10A8D00019D59A681FFA82FECA6A4EEA02429A6045
:10A8E000DA6842F40032DA60DA6822F4402E0A6B49
:10A8F0004EEA0202DA606A6E42F480126A662A6DDB
:10A9000042F080622A65FA060BD59D688A6925F4B3
:10A910007F5525F03F0515439D60DA6842F080625F
:10A92000DA6017F014081FD0DA6842F08042DA606B
:10A93000BFF35F8F671CDA68032F42F0004288BFC5
:10A94000E71EDA6000EB87039B69DA68002A80F271
:10A950008B80B269BFF35F8FD36823F00043D3606D
:10A96000022003B0BDE8F08F2746DCF80020DFF8B6
:10A9700048E21A609D68DCF8042025F47F5525F034
:10A980003F051543DCF808209D60002A6FD015684C
:10A990005D60D3F808C055680CEA0E0C4CEA05451A
:10A9A0009D60D1F800C0DD681CF0100F66D025F462
:10A9B000F00E0D6A4EEAC545DD60DD684FEA954E42
:10A9C000CD694FEA8E4E4EEA0505DD60DD6845F43F
:10A9D0008025DD601CF0040F06D09D6825F4404CF6
:10A9E0008D6A4CEA05059D60DD6845F00055DD6027
:10A9F000DD6825F08045DD60BFF35F8FDD6845F0E1
:10AA00000045DD600D68AD0706D5DD6825F0607C8A
:10AA1000CD684CEA0505DD600025DFF89CE1DFF834
:10AA20009C91D2F808A0BAF1000F43D1019A002AF4
:10AA300000F0BE809A6842F000429A60DA6842F004
:10AA40008052DA6000EB8703C26BDA628762EFF351
:10AA50001082012383F31088036C01332B440364B9
:10AA600082F3108800207CE74FF001087DE75A60F0
:10AA70009A6802EA0E029A60624692E725F4FF4E57
:10AA80004D681CF0010F2EF07F0E4EEA0505DD60CB
:10AA900006D0DD6825F4403E4D694EEA0505DD60CF
:10AAA0001CF0200F96D0DD6825F0406E0D694EEA4F
:10AAB00005058EE707F1010CDA68BCF1030F22F0FF
:10AAC000805288BFA7F1030CDA6000EB8C07BB69EA
:10AAD000DA6822F00052DA60DA68002A17DA08F140
:10AAE000010200212A44B56991423FF439AFBFF316
:10AAF0005F8FEB68013123F00043EB60631C032B95
:10AB000088BFE31E00EB8304A5691C46ECE7FA6AE4
:10AB1000002AE4D1DAF800201A609F68DAF80420ED
:10AB200027F47F5727F03F071743DAF808209F6084
:10AB30002AB317685F609F6807EA0E0A57684AEAF7
:10AB400007479F60D1F800B0DF681BF0100F1DD0E1
:10AB500007EA090ACF694AEA0707DF60DF6847F4B6
:10AB60008027DF600135BFF35F8FDF6847F0004764
:10AB7000DF60DF6827F08047DF60674651E75A6093
:10AB80009A6802EA0E029A605246DBE727F4FF4A0F
:10AB90004F681BF0010F2AF07F0A4AEA0707DF60BF
:10ABA000E0D0DF6827F4403A4F694AEA0707D8E760
:10ABB0009A6822F0004240E7FFFF00C00000FCFF5F
:10ABC0002DE9F7430023856E0446C76E019305F116
:10ABD00012034FF001484FF0414950F8236037B15C
:10ABE0003369E3B901A809F085FC019BABB9E36EB9
:10ABF000BB420FD0BFF35F8F691C23682269182006
:10AC000001F0030103F5805300FB0122C3F8282162
:10AC1000C4E91A5703B0BDE8F08333613360A36D14
:10AC200063B1C6F80C906B1C013F032B88BFEB1E71
:10AC300003F112021D4654F82260D0E7C6F80C80DA
:10AC4000F1E7232310B5C0F884300446FBF79CFEDF
:10AC50000020C4F8840010BD38B5D0F88430044614
:10AC6000102B4FF0010336D1836523250423C0F850
:10AC70008450C366FFF7A4FF2268002002F58053CA
:10AC8000D3F8041141F00101C3F80411D3F80811FD
:10AC900041F00101C3F80811D3F8601141F481714A
:10ACA000C3F86011D2F8001D41F00101C2F8001D87
:10ACB000116841F002011160116841F00101116059
:10ACC000D3F8342142F4504242F0C102C3F8342197
:10ACD000C4F8845038BD1846FCE7D0F884200346F9
:10ACE000232A10B537D1C0F8842050F8442B02F540
:10ACF0008051D1F8344124F4504424F0C104C1F807
:10AD00003441D1F8044124F00104C1F80441D1F8E0
:10AD1000084124F00104C1F8084103F1540411680A
:10AD200021F001011160D2F8001D41F00101C2F8CB
:10AD3000001D116821F00201116050F8041FCA685B
:10AD4000A04222F08042CA60F7D10020102298650C
:10AD5000C3F8842010BD0120FCE710B5044639B9C2
:10AD6000D0F8883043F00103C4F88830012010BDCA
:10AD7000D0F88420232AF9D14B6B0122C363FFF75B
:10AD800085FD20B1D4F8883043F00203ECE7BFF32F
:10AD90004F8FA26A0020531C032B88BFD31E22684A
:10ADA000A362063354F8231002F58053C3F8201130
:10ADB000DDE72DE9F04F044685B08A4649B9D0F861
:10ADC000883043F00103C0F88830012005B0BDE8A9
:10ADD000F08FD0F88430232BF7D1D0F85C904FF06F
:10ADE000000800F1800109F112034646C34650F8FD
:10ADF00023507C3050F8103CC3F104030193EB68FE
:10AE0000002B05DB019B9E4202D0B8F1000F11D050
:10AE1000E36E1E44E66616B12046FFF7D1FEC4F885
:10AE20005C90B8F1000FD0D0E36F0020CAF800307A
:10AE3000E067CBE7EB685B0003D56B68A3672B6823
:10AE40006367EB689F0001D4E36F03B3EB68EF68BF
:10AE50009A00C7F30E0748BFC4E918BB636EFF1A18
:10AE6000EB68DB0003D5EB684FF001082367BBB24A
:10AE70002A69CDE9020109F053FB236E01332366F1
:10AE8000636EDDE902013B446366C5F810B009F169
:10AE900001030136032B88BFA9F1030303F112025A
:10AEA000994654F82250AAE77047704770470368E4
:10AEB0004FF0B0422DE9F041D3F8B07003F5805364
:10AEC0000446D3F86051D3F83481D2F8A8606A06FA
:10AED00008D518F0400F05D048F24002C3F86021B1
:10AEE00009F02CFBEB070CD518F0010F09D02368F3
:10AEF00048F20102204603F58053C3F8602109F0AF
:10AF000015FB680424D518F4804F21D0D4F888307C
:10AF100015F4805F43F00803C4F88830236803F514
:10AF20008053D3F8602155D022F46F6222F00D02D5
:10AF3000D204D20CC4F88C20D3F8342122F440423D
:10AF4000C3F83421E023C4F884302046FFF7ACFF77
:10AF500017F4C04F13D0D4F88830204643F01003C4
:10AF6000C4F888302368D3F8B830C4F89030E023B0
:10AF7000C4F88430FFF798FF0023C4F89030F90636
:10AF80000CD523682046D3F8C03003F06003C4F822
:10AF9000943009F0DBFA0023C4F89430BA060CD5DB
:10AFA00023682046D3F8D03003F00F03C4F898305C
:10AFB000FFF77BFF0023C4F89830730208D54FF0E9
:10AFC000B0434FF480022046C3F8A820FFF76EFF7D
:10AFD000BDE8F08102F4CD42C4F88C204FF4CD429C
:10AFE000C3F86021B1E770B51E4603680546D3F883
:10AFF0000002C00701D5012070BDD3F8004224F043
:10B00000787444EA415121F4F81141EA024242F0D5
:10B010000D02C3F8002207F0B7F804462A68D2F8F8
:10B02000000210F0010004D1D2F804329BB2336068
:10B03000E2E707F0A9F8001BB0F57A7FEED9DAE76E
:10B0400038B505460068D0F80042E40701D5012074
:10B0500038BDD0F800429BB224F0787444EA4151E4
:10B0600021F4F81141EA02420C4922F00C02C1F825
:10B07000043242F00502C1F8002207F085F80446C8
:10B080002B68D3F8000210F00100E1D007F07CF843
:10B09000001BB0F57A7FF3D9D9E700BF00800240EA
:10B0A000002900F0C180036800201A6802F00C0239
:10B0B000CA621A68C2F3001281F828201A6802F0E6
:10B0C00060024A621A6882F48072C2F3002281F838
:10B0D00020201A68C2F34022CA771A6882F480627C
:10B0E000C2F380228A771A68C2F3C0224A771A68AC
:10B0F000C2F300320A771A6802F400528A611A68B1
:10B1000002F480424A611A68C2F300428A741A68E3
:10B1100082F40032C2F340424A741A6882F4002278
:10B12000C2F3C0420A741A68C2F30052CA731A68A2
:10B13000C2F340528A731A68C2F380524A731A6883
:10B14000C2F3C0520A731A6802F0E0628A601A6899
:10B15000C2F3C0620A711A6802F0E0420A605A68DB
:10B16000C2F30D024A635A6882F48032C2F300428D
:10B1700081F832205A68C2F3404281F831205A687F
:10B18000C2F3804281F830205A68C2F3006281F82D
:10B1900038205A68C2F34462CA63DA68C2F30022F4
:10B1A00081F84020DA6802F00F024A641A6FC2F395
:10B1B000400281F854201A6F82F08002C2F3C0125C
:10B1C00081F84C201A6F02F070020A651A6F120C97
:10B1D0008A64D3F8902002F0010281F85620D3F857
:10B1E0009020C2F3400281F85520D3F8002D02F0E0
:10B1F00072028A65D3F8302D02F02302CA65D3F8B3
:10B20000302DC2F3C00281F86220D3F8302DC2F392
:10B21000001281F86120D3F8303D83F04003C3F37E
:10B22000801381F8603070470120704708B539B14C
:10B23000D0F88430102B03D1FFF721FA002008BD8D
:10B240000120FCE738B503680546D3F8004203F057
:10B25000D5FA114B24F47064984205D844F4007474
:10B260002B68C3F8004238BD0C4B984202D244F41C
:10B270004074F5E70A4B9842F2D90A4B984202D83B
:10B2800044F48074ECE7084B984294BF44F4806423
:10B2900044F4A064E4E700BFBF0E160200879303E6
:10B2A000FFE0F5057FD1F0087FB2E60EF0B5044669
:10B2B000A5B0002800F0AF80D0F8843023B9232354
:10B2C000C0F88430FBF7ACFA824BD3F8F42042F09C
:10B2D0000202C3F8F420D3F8F430207A03F002031A
:10B2E0000193019B002840F0868006F06BFF7A4BAB
:10B2F0005B68236803F580531A6842F001021A6004
:10B3000006F042FF0646236803F580531D6815F0DA
:10B31000010573D120460127FFF794FF03F06EFA71
:10B320006E4B4FF48041266814958DF830708DF87F
:10B3300054508DF864501A951D958DF86C508DF809
:10B340004C70ADF88C708DF88E501F95ADF8805014
:10B350008DF882501695ADF85C508DF85E700D95A5
:10B360008DF83E501C958DF87870B0FBF3F04FF4DB
:10B37000C363013818934FF04053C6F8DC00022035
:10B380000B934FF40053CDE910134FF480330BA906
:10B3900012932023CDE92103514B20460E9340F216
:10B3A0000113ADF83C30FFF76AF94FF4001302A91E
:10B3B00020468DF80C70069308934FF4067302959F
:10B3C0000A930497ADF814508DF81C50ADF8245032
:10B3D000FFF716FA06F580536069D3F8002110F0E4
:10B3E000030122F4E01242F40022C3F8002115D038
:10B3F000C4F888700CE04FF4000076E706F0C4FE55
:10B40000801BB0F5FA7F7FF67EAF0423C4F8883046
:10B41000E023C4F88430012025B0F0BDD3F8082122
:10B4200004F1140522F4FF4222F07E0242EA4002B7
:10B43000E068C3F8082100F160070246116051601E
:10B440009160D16045F8042F18329742F6D1A1627D
:10B45000032221690025C3F82C2101F16007C3F8FC
:10B4600014010A46C3F8200104F144001560556038
:10B470009560D560C2E9045540F8042F1832BA42ED
:10B48000F4D10322A5650020C4E91755C4E91A5573
:10B49000C3F83021C3F81C114831C3F82811636880
:10B4A0009A88C6F800231B68C6F804330D4BD6F8FB
:10B4B0000C271343C6F80C37D6F8103743F0426315
:10B4C00043F44043C6F810371023C4F88850C4F83A
:10B4D0008430A1E7004402580004005840420F00A5
:10B4E000000001016000020C41B30268144B906837
:10B4F0000340C868034308780343C87843EA40031D
:10B50000087943EA8003087A43EAC003487943EAAA
:10B510000013C87943EA0023887943EA40238878F6
:10B5200043EA80234878497A43EAC0730020B1FA9D
:10B5300081F1490943EA4113936070470120704744
:10B5400000F8FF7F79B3036800209A6802F00102D7
:10B550000A709A68C2F34002CA709A68C2F3800205
:10B560000A719A68C2F3C0020A729A68C2F30012A2
:10B570004A719A6882F02002C2F340124A729A68B5
:10B5800002F0C002CA609A68C2F30022CA719A68C7
:10B59000C2F340228A719A68C2F380228A709B6843
:10B5A000DB0F4B70704701207047036849B9196D74
:10B5B000090C0904114319651A6D22F480321A65C9
:10B5C0007047196D21F47F6121F00F011143196556
:10B5D0001A6D42F48032F2E7F0B5D1E900670D69E7
:10B5E0008C68FFB92C4344EA8645D1E906643443AC
:10B5F0004E6934430E6A44EA0664CE6844EA06445F
:10B60000866ED0F88400734300EB830640F8235025
:10B610000020746008360E4CCB680432E35C834231
:10B6200005D8F0BD3543254345F08045DDE712F8E8
:10B63000023C12F8015C1B0443EA056312F8045C47
:10B640002B4312F8035C43EA052333500430E3E74D
:10B65000BC1008082DE9F04F99B004464C22CC49A3
:10B6600005A831F055FA002C00F0B381C94B2268CF
:10B670009A4204BF03F58073636094F8983003F036
:10B68000FF0223B9204684F89920FBF7BDF9226810
:10B69000936923F01003936106F076FD0546236855
:10B6A0009A69110700F186819A6942F001029A6154
:10B6B00006F06AFD054623689A69D20740F18D813C
:10B6C0009A6942F002029A61227C012A9A690CBFAF
:10B6D00022F0400242F040029A61627C012A9A699B
:10B6E0000CBF42F4804222F480429A61A27C012A7B
:10B6F0009A690CBF22F4805242F480529A619A698E
:10B70000A06822F4407202439A619A6922F0A4026E
:10B710009A611A6922F010021A61E268012A40F067
:10B7200063819A6942F004029A61A269B0F5407F90
:10B7300002F1FF31E26902F1FF324FEA022242EAEE
:10B740004162216A01F1FF3142EA0102616901F1BE
:10B75000FF3142EA0142DA610ED1E26A511E226BE8
:10B76000013A120142EA0122A16A01390A43616ADF
:10B77000013942EA0142DA60266E2EB1D3F8C020C8
:10B78000616E0A43C3F8C020D4F85CE0A26E16EBE9
:10B790000E0F01920CD018A80199D3F8C82000EB25
:10B7A000810122F0070251F84C1C0A43C3F8C8205B
:10B7B000D4E910C20392BCF1000F0CD018A8039971
:10B7C000D3F8BC2000EB810122F0070251F84C1C99
:10B7D0000A43C3F8BC20D4E91289B8F1000F0CD099
:10B7E00018A9D3F8BC2001EB890122F0700251F8AE
:10B7F0004C1C42EA0112C3F8BC20226DD4F854B0AC
:10B80000029262B118A9D3F8BC2001EB8B0122F49B
:10B81000E06251F84C1C42EA0122C3F8BC205D4AA8
:10B82000934204D161688A6822F003028A60002290
:10B83000594D606BC4F89C20C4F894200122D4F8C0
:10B840003CA084F89820D3F884202A4042EA800261
:10B85000C3F88420D3F88410A26B21F47F0141EA5D
:10B860000241C3F884108118D3F8887000F1805029
:10B870002F4000F52C5047EA810701EB4A01C3F83D
:10B8800088708000D3F8887027F4FE0747EA0A47DB
:10B89000C3F88870D3F8A0702F4047EA8107C3F837
:10B8A000A070D3F8A07027F4FE0747EA0C47C3F84E
:10B8B000A070039F07FB0CFCD3F8B07061442F40CD
:10B8C00047EA8107C3F8B070D3F8B07027F4FE07D9
:10B8D00047EA0847C3F8B07009FB08F7D3F8AC8013
:10B8E00001EB070908EA0508029948EA89080BFBF9
:10B8F00001FBC3F8AC80D3F8F08009EB0B01D4F85E
:10B90000589008EA050848EA810801EB4901C3F8A4
:10B91000F080D3F8F08028F47C1848EA0948C3F88E
:10B92000F080D3F8C08008EA050848EA8101C3F82E
:10B93000C010D3F8C01021F47C1141EA0E41C3F8C5
:10B94000C010D3F8C01021F07C5141EA0661C3F861
:10B95000C01000EB8203019A236703EBCA0302FBCA
:10B960000EFE636703EB8C035643A36703EB870369
:10B97000E066E36703EB8B03C4F8803003EBC90395
:10B98000C4F8843003EB8E0303EB860606E000BFA9
:10B99000B8FD070800A000400300FFFFC4F888308E
:10B9A000204BC4F890609E4235D9D4F89C3043F0C7
:10B9B000200309E006F0E8FB401B0A287FF66FAE83
:10B9C000D4F89C3043F00103C4F89C30032384F87E
:10B9D0009830012019B0BDE8F08F06F0D5FB401B70
:10B9E0000A287FF668AEEBE7002A3FF49EAE022AF3
:10B9F0000AD09969032A41F080019961196941F0DF
:10BA0000100119617FF491AE9A6942F020028BE631
:10BA1000002340F8043BD4F890309842F8D300203B
:10BA2000D8E700BFFCD3004030B590F89830013B18
:10BA3000012B2DD8D1E90054D1E90323BDB9072A40
:10BA40004FEA03430BD1CA6943EA02238A691343CD
:10BA500043F06053C26E42F82430002030BD8D6840
:10BA6000496943EA85730B4343EAC263F2E7072A55
:10BA700043EA42731ABF8D684A698A69016F18BF29
:10BA800042EA857201EBC40041F834304260E4E7D9
:10BA9000D0F89C3043F00203C0F89C300120DDE771
:10BAA00010B590F89840012C0BD10468029840EA38
:10BAB000430040EA8202002042EA0111C4F88010EB
:10BAC00010BDD0F89C3043F00403C0F89C30012036
:10BAD000F6E790F89830012B1DD10368120641B9A2
:10BAE000D3F8F01021F07C510A43C3F8F020002075
:10BAF0007047012907D1D3F8A01021F0FE410A4375
:10BB0000C3F8A020F3E7D3F8B01021F0FE410A43B8
:10BB1000C3F8B020EBE7D0F89C3043F00403C0F842
:10BB20009C300120704790F89830012B0CD10268AE
:10BB3000022380F89830936923F001039361002376
:10BB4000C0F89C3018467047D0F89C3043F004038E
:10BB5000C0F89C3001207047F8B590F89830044642
:10BB6000022B26D10668D6F8C03013F07C5F07D1CF
:10BB7000D0F89C3043F020030120C4F89C30F8BD7D
:10BB8000D6F8C45015F4001504D0D0F89C3043F416
:10BB90000073F1E7D6F8C470C7F304473B46FFF7DC
:10BBA0001BFD01222846BA40C6F8D020C4F89420D4
:10BBB000E5E7D0F89C3043F00803DDE7F0B590F8F6
:10BBC0009840022C40F0AE80402967D10468D4F838
:10BBD000A05015F4FE0F04D1D0F89C3043F02003A0
:10BBE00007E0D4F8A4506D0607D1D0F89C3043F498
:10BBF0008073C0F89C300120F0BDD4F8A450EF0150
:10BC0000C5F3006602D5D4F8A060F60FD4F8A450AE
:10BC1000446CC5F305253544466F6C4306EB84043C
:10BC2000276807F0804757602668002F5FD1C6F36A
:10BC30008A461660073454F8076CDFF8F4C006F043
:10BC40000056966054F8076C06F00046166134F80A
:10BC5000036CD66134F8016C06F00F06D66054F818
:10BC6000036C06F48016566154F8036C06F4001653
:10BC70009661267806F07F06166254F8036CF60F7C
:10BC800056620026D7681CF80770B74232D84029A0
:10BC9000026834D1C2F8A8500020ADE741291BD179
:10BCA0000468D4F8B05015F4FE0F95D0D4F8B45011
:10BCB0006E069AD0D4F8B450C5F30066ED0102D5F3
:10BCC000D4F8B060F60FD4F8B450C46CC5F30525B1
:10BCD0003544866F6C43A1E7046D8C427FF67CAFE0
:10BCE000446DC56F4C4305EB8404002598E726F0AE
:10BCF00060469EE714F8017F9F550136C2E741294F
:10BD000002D1C2F8B850C7E71F294FF0010303D88A
:10BD10008B40C2F89830BFE701F01F018B40C2F89A
:10BD20009C30B9E7D0F89C3043F0080361E700BFCE
:10BD3000BC10080890F89830013B012B2DD80368FF
:10BD4000986D08421FD1D86D40F00100D865880574
:10BD500004D5D3F8E0001043C3F8E000480504D54B
:10BD6000D3F8E4000243C3F8E42021F04042586DC8
:10BD700022F44012024300205A650C4A536943EAF8
:10BD8000917353617047986D31EA000003D1D86D0B
:10BD900040F00200DAE70320D8E7D0F89C3043F007
:10BDA0000203C0F89C300120704700BF00A800408B
:10BDB00070477047704770477047704770477047CB
:10BDC0007047704770477047704770477047000072
:10BDD0002DE9F74FAB4982460C694A694FEA827BED
:10BDE00002680BEA847B146D556D04EA0503146D3B
:10BDF000556D03F4704304EA0509146D556D166D15
:10BE000009F00F0904EA0508546D176D2640546DBA
:10BE1000556D08F0F00827400193EB0506F07156C8
:10BE200007F06077146D08D5E30506D54FF48073ED
:10BE3000136500220A61FFF7C3FF680511D561058C
:10BE40000FD5DAF800204FF48063D2F8DC00D2F886
:10BE5000E410136500238B4A014050461361FFF73D
:10BE6000ABFFBBF1000F0BD0DAF8002000215046E9
:10BE700011654FEA9B71834A11615946FFF798FF9C
:10BE8000019B4BB1DAF800200021504613657D4A32
:10BE900011610199F9F7F0FFB9F1000F0AD0DAF852
:10BEA000002000215046C2F85090764A1161494660
:10BEB000FAF700F8B8F1000F0AD0DAF800200021F4
:10BEC0005046C2F850806F4A11614146FFF771FF3A
:10BED0002A050CD523050AD5DAF800204FF40061B5
:10BEE000504611650021674A1161FFF763FFA805FD
:10BEF00011D5A1050FD5DAF800204FF40073D2F860
:10BF0000D800D2F8E010136500235E4A0140504685
:10BF10001361FFF750FF2A030CD523030AD5DAF883
:10BF200000204FF40021504611650021554A11614F
:10BF3000FFF743FFE8030CD5E1030AD5DAF8002048
:10BF40004FF480315046116500214E4A1161FFF7D0
:10BF500035FF6A030CD563030AD5DAF800204FF4E5
:10BF60008021504611650021464A1161FFF727FFE5
:10BF7000A803DAF800100DD5A2030BD54FF4003258
:10BF800000200A653F4A1061DAF89C2042F08002E6
:10BF9000CAF89C203FB10F6500213A4A5046116112
:10BFA0003946FFF70FFFDAF8001046B1354A002096
:10BFB0000E651061DAF89C203243CAF89C20324AA0
:10BFC000914263D1DAF8042091688B075ED0116A40
:10BFD000506A176A0140506A166A0740506A156A2B
:10BFE00011F00F0106EA0006506A146A07F03007E4
:10BFF00005EA0005506A06F4C076D2F8249004EAF7
:10C00000000405F4FC45D2F8208004F4F02403D0A9
:10C0100050461162FFF7D7FE37B1DAF804203946EF
:10C0200050461762FFF7D0FE19F0400F0ED018F0FF
:10C03000400F0BD0DAF804004027C16BC26B090C2B
:10C04000076202F03F025046FFF7BFFE36B1DAF852
:10C050000420314650461662FFF7B8FE3DB1DAF8CB
:10C0600004201562DAF89C202A43CAF89C206CB19F
:10C07000DAF804201462DAF89C202243CAF89C20E3
:10C0800004E000BF00A8004000A00040DAF89C20B7
:10C0900012B15046FFF795FE03B0BDE8F08F00BF28
:10C0A0002DE9F74F0023DFF8E0814FF0B0440A6834
:10C0B00032FA03F502D103B0BDE8F08F012505FA8D
:10C0C00003F919EA020200F0A4804E6803274FEA40
:10C0D000430E06F0030507FA0EFC6F1E6FEA0C0C08
:10C0E000012F00F298808768022D07EA0C0ACF68BA
:10C0F00007FA0EF747EA0A078760476827EA09093F
:10C10000C6F3001707FA03F747EA09074760C7684D
:10C1100007EA0C098F6807FA0EF747EA0907C760B4
:10C1200000F08580076805FA0EF516F4403F07EA2F
:10C130000C0745EA070505606BD0D8F8F45023F0EA
:10C14000030703F0030C4FF00F0E45F0020507F153
:10C15000B0474FEA8C0CC8F8F45007F58067D8F860
:10C16000F4500EFA0CFE05F002050195019DBD6824
:10C1700025EA0E0E434DA84271D005F58065A84210
:10C180006FD005F58065A8426DD005F58065A842A1
:10C190006BD005F58065A84269D005F58065A84299
:10C1A00067D005F58065A84265D005F58065A84291
:10C1B00063D005F58065A84261D005F58065A84289
:10C1C00014BF0A25092505FA0CF516F4801F45EA67
:10C1D0000E05BD606FEA020725680CBF3D401543A0
:10C1E00016F4001F256065680CBF3D40154316F42A
:10C1F000003F6560D4F884500CBF3D401543F60302
:10C20000C4F88450D4F8805054BF3D401543C4F85E
:10C21000805001334BE7032D84D0C76807EA0C092F
:10C220008F6807FA0EF747EA0907C7607AE74FEA0F
:10C23000D30903F0070A4FF00F0B00EB89094FEA0F
:10C240008A0AD9F820700BFA0AFB27EA0B0B0F6950
:10C2500007FA0AF747EA0B07C9F8207062E70025DA
:10C26000B1E70125AFE70225ADE70325ABE70425DC
:10C27000A9E70525A7E70625A5E70725A3E70825DC
:10C28000A1E700BF00000258004402582DE9F04F1A
:10C2900000224FF0010A4FF00F084FF0030B4FF050
:10C2A000B04431FA02F301D1BDE8F08F0AFA02FC82
:10C2B0001CEA010670D022F0030502F0030705F125
:10C2C000B045BF00D5F8083408FA07F905F58065D0
:10C2D00009EA030E3A4B984260D003F58063984216
:10C2E0005ED003F5806398425CD003F5806398428A
:10C2F0005AD003F58063984258D003F58063984282
:10C3000056D003F58063984254D003F58063984279
:10C3100052D003F58063984250D003F58063984271
:10C320000CBF09230A23BB40734517D1D4F88030D2
:10C3300023EA0603C4F88030D4F8843023EA0603E5
:10C34000C4F88430636823EA06036360236823EA41
:10C3500006032360AB6823EA0903AB60530005685A
:10C36000D6080BFA03F300EB86061D43056002F0C6
:10C370000705376AAD0008FA05F527EA05073762B1
:10C38000C56825EA0305C560456825EA0C054560D2
:10C39000856825EA03038360013282E70023C2E750
:10C3A0000123C0E70223BEE70323BCE70423BAE767
:10C3B0000523B8E70623B6E70723B4E70823B2E767
:10C3C000000002580369194214BF01200020704781
:10C3D0000AB1816170470904FBE7436901EA03027E
:10C3E00021EA030141EA02418161704703689A69C9
:10C3F000910701D500229A629A69D20703D49A69FB
:10C4000042F001029A61704730B5039DC1F3090102
:10C4100004682B43606843EA0243054A0B4342EA3F
:10C42000555223F0004320EA02000343636030BD0D
:10C43000FF63FF031E4A436B934201F0020270B593
:10C440000DB201F001041DD01A4EB3421AD01A4E9B
:10C45000B34217D0002DACBF0023B8230CB143F07A
:10C46000F2030AB143F0F403102902D143F0900320
:10C4700003E0202901D143F0200301680A68134337
:10C480000B6070BD002DACBF0023B8230CB143F08E
:10C49000F2030AB143F0F4031029E7D0202902D1B6
:10C4A00043F06003E9E7402908BF43F04003E4E7B5
:10C4B0006DD6040855DB040845D5040811F00103C6
:10C4C00007D090F8413003F02803282B14BFF22343
:10C4D00042238A0709D590F8412002F02802282A31
:10C4E0000CBF43F0440343F0F4030A04016848BF5F
:10C4F00043F0B8030A6822EA03030B607047C36A7B
:10C50000AA2B02D10023C3627047C36AB3F52A4F36
:10C51000FAD14FF00073F6E710B5044600284ED06C
:10C5200090F8413003F0FF021BB980F84020FAF781
:10C5300023FB242384F8413023681A6822F0010287
:10C540001A60626822F070621A619A6822F40042EE
:10C550009A60D4E90221012906D142F400429A608E
:10C560005A6822F4006207E042F4044202299A6009
:10C57000F6D15A6842F400625A6000205A6842F0CC
:10C58000007242F400425A60DA6822F40042DA6033
:10C59000D4E904210A43A16942EA0122DA60D4E91C
:10C5A00007210A431A601A6842F001021A60202328
:10C5B000606484F84130206384F8420010BD01209B
:10C5C000FCE710B5044698B10268242380F8413096
:10C5D000136823F001031360FAF746FB0020606440
:10C5E00084F8400084F84100206384F8420010BDC4
:10C5F0000120FCE7F7B504461046089E94F8412058
:10C60000202A65D194F84020012A61D0012260627D
:10C6100084F84020212284F84120102284F842200E
:10C620000022626463852B4BE6626363638D9BB279
:10C63000FF2B26D9FF234FF080752385228D6AB109
:10C6400036F0007321D110F8017B23689F62638D5F
:10C650006062013B9BB26385531E2385236B112BC4
:10C660001AD1AA2E13D12046FFF749FF638D9BB242
:10C67000FF2B00D8E56A184800902B4694F8282034
:10C6800019E0638DE56A2385D8E70022E6E7B6F571
:10C690002A4FE8D0002008E02046FFF730FF638DE6
:10C6A0009BB2FF2B00D8E56A0B4836F00073E3D14C
:10C6B0002B46D2B2009000252046FFF7A5FE20466B
:10C6C000012184F84050FFF7B5FE284603B0F0BDC5
:10C6D0000220FBE70BD40408002000802DE9F3477B
:10C6E0000E4690F841100446DDF82880202940F0DD
:10C6F000B08090F84010012900F0AB800121426227
:10C7000080F84010212180F84110102180F842105B
:10C71000002141644385504BC0F82C804363438D16
:10C720009BB2FF2B27D9FF234FF080770385258D00
:10C730006DB138F0007322D112F8011B23689962A1
:10C74000638D6262013B9BB263856B1E2385236B05
:10C75000112B05D1B8F1AA0F02D0B8F52A4F10D18C
:10C760002046FFF7CCFE638D9BB2FF2B00D8E76A13
:10C77000DFF8F49007E0438DC76A0385D7E700250B
:10C78000E5E74FF00009228D002A4DD0A06BD0B113
:10C79000324B4FF0000A2168C363314BC0F840A010
:10C7A000C3641346C0F850A001F12802616AFCF787
:10C7B0005DFFC0B1202384F8413084F842A0636C4F
:10C7C00043F0100307E0202384F8413084F842004E
:10C7D000636C43F0800363640120002384F84030DD
:10C7E00002B0BDE8F08738F0007331463B46204682
:10C7F00008BFEAB2CDF8009018BF94F82820FFF7E0
:10C8000003FE638D228D102120469B1A9BB2638507
:10C81000002384F84030FFF70DFE2268136843F4CC
:10C82000804313600020DBE70E4B314620466363F4
:10C8300038F00073CDF800903B4608BFEAB2FFF72E
:10C84000E3FD00230121204684F84030FFF7F2FD8C
:10C85000E8E70220C4E700BF6DD6040849D8040801
:10C8600071D704080BD404080020008037B50446B3
:10C87000069894F84150202D43D194F84050012D52
:10C880003FD00125626284F84050222584F841504F
:10C89000102584F842500025656463851A4BE062D8
:10C8A0006363638D9BB2FF2B15D9FF234FF080721A
:10C8B0002385236B122B04D1AA2802D0B0F52A4F6E
:10C8C0000DD12046FFF71BFE638D9BB2FF2B00D8D6
:10C8D000E26A0E4B04E0638DE26A2385E9E70023F8
:10C8E000002500932046134694F82820FFF78CFD7E
:10C8F0002046022184F84050FFF79CFD284603B0F3
:10C9000030BD0220FBE700BF0BD4040800240080E8
:10C910002DE9F743044690F841000D460A99202876
:10C9200040F0918094F84000012800F08C800120B4
:10C93000626284F84000222084F84100102084F8CC
:10C940004200002060646385404BE1626363638D55
:10C950009BB2FF2B17D9FF234FF080782385236BE1
:10C96000122B04D1AA2902D0B1F52A4F10D12046AA
:10C97000FFF7C5FD638D9BB2FF2B01D8D4F82C8047
:10C98000DFF8D89006E0638DD4F82C802385E6E7A5
:10C990004FF00009268D002E43D0E06B40B32C4BA6
:10C9A00000272168C3632B4B24310764C3643346DB
:10C9B0000765FCF75BFE064650BB278D43462946BC
:10C9C0002046CDF8009094F82820FFF71DFD638DD8
:10C9D00010212046DB1B84F840609BB26385FFF783
:10C9E00029FD2268136843F40043136000200CE023
:10C9F000202384F8413084F84200636C43F08003C4
:10CA000063640120002384F8403003B0BDE8F08364
:10CA1000202384F8413084F84270636C43F01003A3
:10CA2000EEE70D4B29462046324663630B4B0093DD
:10CA30004FF00073FFF7E8FC0221204684F84060C5
:10CA4000FFF7F8FCD2E70220DFE700BF6DD604084D
:10CA50009DD8040871D704080BD404080024008072
:10CA6000F8B51F4690F8413004460E4603F02803FF
:10CA70001546282B01D00120F8BD01B11AB94FF499
:10CA800000736364F7E748F20101FFF717FD90F8C0
:10CA90004030012B40D0012380F8403090F84130E5
:10CAA0002A2B14D10221FFF709FD03681A6810042C
:10CAB0000DD51A68E06B22F400421A6038B1174BAA
:10CAC0000365FDF7E7F910B1E06B036D9847292383
:10CAD0002068002284F84130202384F842306264C8
:10CAE000436823F4004343606585638DE7622385D3
:10CAF0000B4B6662636383698169C90303D51B07B6
:10CB000001D50823C361204648F2010184F8402082
:10CB1000FFF790FC0020AFE70220ADE70FDE04082E
:10CB2000FDDC04082DE9F041984690F841300446B8
:10CB30000D4603F028031746282B04D101B132B962
:10CB40004FF40073636401252846BDE8F08190F836
:10CB50004030012B00F09180012348F2010180F860
:10CB60004030FFF7ABFC90F841302A2B45D1022131
:10CB7000FFF7A4FC03681A6812040DD5C06B58B106
:10CB80001A6822F400421A603D4B0365FDF782F9F2
:10CB900010B1E06B036D9847292322680026A06B33
:10CBA00084F84130202384F842306664536823F4CB
:10CBB000004353606785618D65628BB23149C4F86B
:10CBC0002C802385616300282ED02F4928320664EB
:10CBD000C1632E490665C1642946FCF747FD054639
:10CBE00070B3282384F8406084F8413084F84260B0
:10CBF000636C43F010036364A5E790F84120036879
:10CC0000292A806BC8D11A685604C5D51A6822F43F
:10CC100080421A600028BFD0194B0365FDF73AF92E
:10CC20000028B9D0A06BB5E7282384F8400084F829
:10CC3000413084F84200636C43F08003636482E710
:10CC4000638D228D20859B1A9BB2638523689A6928
:10CC50009969C9030CD400224FF40041204684F89E
:10CC600040201A6842F480421A60FFF7E3FB6BE74A
:10CC70001207F0D50822DA61EDE7022564E700BF6C
:10CC80000FDE040855DB040853D0040871D70408EC
:10CC9000F8B51F4690F8413004460E4603F02803CD
:10CCA0001546282B01D00120F8BD01B11AB94FF467
:10CCB00000736364F7E748F20201FFF7FFFB90F8A7
:10CCC0004030012B3FD090F841300121292B80F8D2
:10CCD000401013D1FFF7F2FB03681A6850040DD51A
:10CCE0001A68A06B22F480421A6038B1174B0365B2
:10CCF000FDF7D0F810B1A06B036D98472A23206888
:10CD0000002284F84130202384F842306264436872
:10CD100023F4004343606585638DE76223850C4BF4
:10CD20006662636383698169C90303D41B0701D504
:10CD30000823C361204648F2020184F84020FFF72F
:10CD400079FB0020B0E70220AEE700BF0FDE040849
:10CD5000FDDC04082DE9F041984690F84130044686
:10CD60000D4603F028031746282B04D101B132B930
:10CD70004FF40073636401252846BDE8F08148F252
:10CD80000201FFF79BFB90F84030012B00F08C80F4
:10CD900090F841300121292B80F8401044D1FFF751
:10CDA0008DFB03681A6852040DD5806B58B11A6860
:10CDB00022F480421A603D4B0365FDF76BF810B119
:10CDC000A06B036D98472A2321680026E06B84F846
:10CDD0004130202384F8423066644B6823F40043DA
:10CDE0004B606785628D656293B2314AC4F82C80CE
:10CDF0002385626300282ED02E4A24310664C26344
:10CE00002D4A0665C2642A46FCF730FC054670B31D
:10CE1000282384F8406084F8413084F84260636CD1
:10CE200043F010036364A6E790F8412003682A2AC0
:10CE3000C06BC8D11A681604C5D51A6822F400421E
:10CE40001A600028BFD0194B0365FDF723F80028AE
:10CE5000B9D0E06BB5E7282384F8400084F841306E
:10CE600084F84200636C43F08003636483E7638D5E
:10CE7000228D20859B1A9BB2638523689A699969E4
:10CE8000C9030CD5002248F20201204684F8402054
:10CE90001A6842F400421A60FFF7CCFA6CE71207F6
:10CEA000F0D50822DA61EDE7022565E70FDE040818
:10CEB00055DB04086DD0040871D7040808B590F854
:10CEC0004120202A0AD128224FF4004180F8412035
:10CED000034A4263FFF7AEFA002008BD0220FCE7D8
:10CEE000FDDC040810B590F84120282A14D190F8F0
:10CEF0004110002490F8422001F0030144630A43EA
:10CF00004FF400410263202280F8412080F8424023
:10CF1000FFF7D4FA204610BD0220FCE737B590F8A1
:10CF2000423004460D46102B2DD190F84030012B95
:10CF30002BD090F841300121212B80F8401019D1DD
:10CF4000FFF7BCFA11232363602329460025012241
:10CF500084F8413020460E4B00934FF00073FFF7EA
:10CF600053FA2046202184F84050FFF763FA284600
:10CF700003B030BD90F84130222BE5D10221FFF7FC
:10CF80009DFA1223DFE70120F2E70220F0E700BF5D
:10CF9000004000800268436B9169126803B1184732
:10CFA000704738B5002580F8425090F84130212B69
:10CFB0004FF0200380F841300AD11123012145634D
:10CFC0000363FFF77BFA80F8405007F0A1FF38BDFC
:10CFD0001223022145630363FFF770FA80F8405083
:10CFE00007F0A8FFF3E708B5036800211A6880F886
:10CFF0004210510415D51A6822F480421A6090F844
:10D000004130292B13D12823012180F841302123DD
:10D010000363FFF753FA002380F8403007F0EEFF78
:10D0200008BD1204EBD51A6822F40042E6E790F836
:10D0300041302A2BF4D12823022180F841302223C9
:10D040000363FFF73BFA002380F8403007F0F6FF58
:10D05000E6E7806BC36A33F0807306D10268136819
:10D0600023F480431360FFF7BEBF7047806B2249F3
:10D07000C36BC26A1B688B422DD018318B422AD0F9
:10D0800018318B4227D018318B4224D018318B4273
:10D0900021D018318B421ED018318B421BD0183151
:10D0A0008B4218D001F556718B4214D018318B4247
:10D0B00011D018318B420ED018318B420BD0183161
:10D0C0008B4208D018318B4205D018318B4202D0E8
:10D0D00018318B4202D15B6813B170475B684BB962
:10D0E00012F5803F06D00268136823F400431360F2
:10D0F000FFF779BF704700BF1000024090F8412051
:10D1000002F02802282AF8B5036835D19E69C26862
:10D110009D69C6F30046022A99684FEA1545DF6803
:10D1200005F0FE051FD185EAD115C1F3090215F0FE
:10D1300006050ED1816C01318164816C022907D111
:10D1400008218564D96180F84050314607F016FF08
:10D15000F8BD4FF40041FFF7B1F9002307F0FE02DC
:10D1600080F84030F1E74FF40041FFF7A7F90023C2
:10D170002A4680F84030E8E70822DA61002380F888
:10D180004030E5E708B5164B2022C3620023036355
:10D19000436380F8412080F842304B0712D5036882
:10D1A0005A6A436A1A70436A01334362038D4BB172
:10D1B000013B0385438D013B9BB24385436C43F0A8
:10D1C0000403436448F20301FFF778F9036810226F
:10D1D000DA61002380F8403007F05AFF08BD00BF35
:10D1E0000000FFFF7047704790F84120602A4FF021
:10D1F000000208B508D1202180F8402080F84110B5
:10D20000026307F085FF08BD026380F8402007F045
:10D210004BFFF8E770B5002290F841303C4D0446D2
:10D2200080F84220283BC5624285022B426C42EACC
:10D23000010242642AD80321FFF740F9282380F82D
:10D240004130344BA06B6363236B002841D0112B1A
:10D2500001D0212B3DD123681A68510403D51A68E7
:10D2600022F480421A60FDF705FA01282CD02A4BDF
:10D27000A06B0365002384F84030FCF70BFE002808
:10D2800045D0A06B036DBDE87040184748F203011C
:10D29000FFF714F9FFF7AAF890F84130602B11D08E
:10D2A000202380F8413003689A6995060AD59A6967
:10D2B000D00605D51022DA61626C42F00402626485
:10D2C0002022DA610023BDE72046BDE87040FFF769
:10D2D0008BBFE06B0028F7D0122B01D0222BF3D1AB
:10D2E00023681A68120403D51A6822F400421A60EF
:10D2F000FDF7C0F90128E7D0074BE06B0365002379
:10D3000084F84030FCF7C6FD08B1E06BBAE770BDA9
:10D310000000FFFFFDDC04080FDE040873B52023C6
:10D32000056804460E46EB6190F84130212B36D15A
:10D330000121FFF7C3F8112323636B68F20623F082
:10D34000FF7323F48B3323F4FF7323F001036B602B
:10D350004FF000036363A3F58033E36205D5102328
:10D36000EB61636C43F00403636494F84130602B19
:10D3700005D1730703D56B6ADBB20193019B20468D
:10D38000FFF734F8636C94F84120602A00D07BB139
:10D39000616C204602B0BDE87040FFF73BBF90F8DB
:10D3A0004130222BC9D10221FFF788F81223C3E7AD
:10D3B00094F84120212A12D1202284F8403084F8A8
:10D3C0004120236394F8422084F84230402A03D15C
:10D3D000FFF708FF02B070BD07F09AFDFAE794F876
:10D3E0004120222AF6D1202284F8403084F84120BE
:10D3F000236394F8422084F84230402A02D1FFF798
:10D40000F2FEE7E707F096FDE4E773B590F84030E9
:10D4100004460D461646012B00F091800123CA06F2
:10D4200080F8403017D5F30615D503681022DA616D
:10D43000436C43F004034364FEF7D8FFAA0605D506
:10D44000B30603D529462046FFF768FF002084F87D
:10D45000400002B070BD680712D5710710D523686F
:10D4600025F004055A6A636A1A70636A01336362BD
:10D47000238D013B2385638D013B9BB26385DDE7F3
:10D480006A060DD4AB0727D5B00725D5638D9BB2AF
:10D49000002BD3D0636A226813F8011B9162E6E780
:10D4A000290606F0400337D5002BC7D0638D2268CC
:10D4B0009BB22BB3208D18BB5168638DC1F309015A
:10D4C0009BB2FF2B0DD9FF224FF080732285009075
:10D4D0002046FEF799FFB1E72A06AFD57306E5D4DB
:10D4E000ACE7628DE36A92B213F5803F2285D2B237
:10D4F00002D0E36A0090EBE74FF000730090E7E79B
:10D500005368980103D42046FFF74BFD96E740216E
:10D510002046FFF77FFE91E7002B8FD0638D9BB2F3
:10D52000002BF4D123685A68910187D4E26A12F57E
:10D53000803FE8D15A6842F480425A607EE7022078
:10D5400087E7000013B590F840300446012B00F047
:10D550008680012380F84030CB0612D5D30610D543
:10D56000036810222021DA61436C43F00403436412
:10D57000FEF760FFFEF73AFF002084F8400002B09B
:10D5800010BD880708D5930706D52368226D9A62D7
:10D590004FF0FF332365EFE7080636D5530634D541
:10D5A00001212046FEF78AFF1021FEF743FF638D1D
:10D5B0009BB233B3638D9BB2FF2B18D9FF22E16C72
:10D5C0000023228500934FF0807389B2FEF71CFF81
:10D5D000638D228D9B1A9BB2638594F8412023684A
:10D5E000222A1A6830D142F400421A60C4E7628DE0
:10D5F0000023E16C92B222850093D2B24FF0007307
:10D60000E3E74021FFF706FEB6E748061FD55306BD
:10D610001DD501212046FEF751FF1021FEF70AFF1C
:10D6200094F841100F4A104B222918BF1346628DFF
:10D6300092B2FF2A03D9FF22E16C2285C2E7628DF4
:10D64000E16C92B22285D7E742F48042CDE78806AA
:10D6500092D5930690D52046FFF760FE8CE7022016
:10D660008DE700BF002000800024008073B590F893
:10D6700040300446012B79D0012380F84030CB069E
:10D6800012D5D60610D5036810222021DA61436C2A
:10D6900043F004034364FEF7CDFEFEF7A7FE00202F
:10D6A00084F8400002B070BD0D0642D5500640D54A
:10D6B00025682B6823F040032B60638D9BB263B316
:10D6C0006968638DC1F309019BB2FF2B1AD9FF234F
:10D6D00023854FF080730022268D2046009294F817
:10D6E0002820FEF791FE638D9B1B9BB2638594F807
:10D6F0004130222B2B680CBF43F4004343F480439A
:10D700002B60CCE7638D2385E36A13F5803F01D05E
:10D71000E36AE0E74FF00073DDE76B689A0103D43A
:10D720002046FFF73EFCBAE740212046FFF772FD96
:10D73000B5E74B0612D5560610D5638D9BB2002B6C
:10D74000F2D123685A689501A9D4E26A12F5803FA4
:10D75000E6D15A6842F480425A60A0E788069ED516
:10D7600093069CD52046FFF7D9FD98E7022099E75C
:10D7700038B5856BAC6B3CB32368324A93421ED0FC
:10D78000183293421BD01832934218D01832934269
:10D7900015D01832934212D0183293420FD018325B
:10D7A00093420CD01832934209D002F5567293423C
:10D7B00005D01832934202D018329342FFD05B68F2
:10D7C000B3FA83F35B091C46EB6B9BB31B681D4AE2
:10D7D00093421ED0183293421BD01832934218D075
:10D7E0001832934215D01832934212D01832934215
:10D7F0000FD0183293420CD01832934209D002F560
:10D800005672934205D01832934202D01832934296
:10D81000FFD05B6873B9FCF730FF022810D02A688C
:10D8200028461021536843F400435360BDE8384054
:10D83000FFF7F0BCFCF721FF022801D0002CEED14D
:10D8400038BD00BF1000024010B5846B2268136819
:10D8500023F480431360638D9BB22BB920212046B3
:10D86000BDE81040FEF7E6BD238D616A1944638D63
:10D870009BB26162FF2B0DD8638D9BB22832A06BE7
:10D880002385FBF7F3FE38B120461021BDE8104098
:10D89000FFF7C0BCFF23F1E74021E0E710B5846B40
:10D8A00021680B6823F400430B60638D9BB22BB996
:10D8B00020212046BDE81040FEF7BCBD238D626AE2
:10D8C0001A44638D9BB26262FF2B0DD8638D9BB2AD
:10D8D0002431E06B2385FBF7C9FE38B120461021C7
:10D8E000BDE81040FFF796BCFF23F1E74021E0E7D9
:10D8F000036899691A6810B4CC0508D5140606D5D2
:10D90000446C44F0010444644FF48074DC614C05C1
:10D9100008D5140606D5446C44F0080444644FF45A
:10D920008064DC61890508D5120606D5426C42F098
:10D93000020242644FF40072DA61416C11F00B0F85
:10D9400003D05DF8044BFFF765BC5DF8044B7047EE
:10D950002DE9F04105680E4620210446D5F80080E7
:10D96000C76A90F84120E961212AD3B209D0223B4D
:10D97000082B0DD8DFE803F08E0C0C0C0C0C940572
:10D980008E0048F201012046FEF798FD2123236313
:10D990006B68204643F400436B606B6823F0FF73B1
:10D9A00023F48B3323F4FF7323F001036B60FEF742
:10D9B0001DFD18F4804F79D02B6823F480432B6031
:10D9C000A36B2BB31B68614A93421ED0183293425B
:10D9D0001BD01832934218D01832934215D0183207
:10D9E000934212D0183293420FD0183293420CD087
:10D9F0001832934209D002F55672934205D018327C
:10DA0000934202D018329342FFD05B689BB2638589
:10DA100072070FD5636A6A6A1A70636A01336362B8
:10DA2000238D2BB1013B2385638D013B9BB2638525
:10DA300026F00406638D9BB21BB1636C43F00403B4
:10DA40006364F30611D518F0100F0ED0638D9BB2EE
:10DA5000002B45D194F84130282B30D1B7F1007F0D
:10DA60002DD131462046FFF78DFB002384F842304C
:10DA7000656C6363002D42D0616C2046FFF7CAFBE2
:10DA800094F84130282B4CD131462046BDE8F04176
:10DA9000FFF778BB48F20201FEF710FD222376E77C
:10DAA00048F20301FEF70AFD002370E718F4004F67
:10DAB000AED02B6823F400432B60E36B81E794F82E
:10DAC00041202368292A4FF01002DA61CDD117F5E1
:10DAD000803FCAD02046FEF789FCFFF784FAC4E7EE
:10DAE00023681022DA61636C43F00403636437F047
:10DAF0008073BAD1616C2046FFF78CFBB5E7E36A0F
:10DB000013F5803F0FD02046FFF76DFA104B2046EB
:10DB100084F84050E362202384F84130256307F005
:10DB2000B7FABDE8F08194F84130204684F84050BF
:10DB3000222B4FF0200384F84130256302D107F0F7
:10DB40007DFAEEE707F05AFAEBE700BF100002405B
:10DB50000000FFFF70B590F8403004460D46C66ADD
:10DB6000012B00F0C680012380F840308B0607D5DA
:10DB7000930605D5FFF7ECFE002084F8400070BD49
:10DB8000E80640F1AC80D10640F1A98012F4404F84
:10DB900000F0A180D4E90E13D3B909B153047CD4A9
:10DBA00023681022DA6136F08072636C43F004035C
:10DBB000636494F84130DBB2DED1213B092B00F2E3
:10DBC0008380DFE803F07F868181818181817F8688
:10DBD0001004E2D51B68484883421ED018308342A7
:10DBE0001BD01830834218D01830834215D018301B
:10DBF000834212D0183083420FD0183083420CD0A9
:10DC00001830834209D000F55670834205D0183091
:10DC1000834202D018308342FFD05B68B3FA83F3AB
:10DC20005B09002BB9D061B350042AD501220B68DF
:10DC300031498B421ED018318B421BD018318B4298
:10DC400018D018318B4215D018318B4212D01831B0
:10DC50008B420FD018318B420CD018318B4209D037
:10DC600001F556718B4205D018318B4202D0183124
:10DC70008B42FFD05B68B3FA83F35B090BB9002AD0
:10DC80008ED094F84130282B09D1B6F1007F06D10F
:10DC900029462046FFF776FA6EE70022C7E794F898
:10DCA00041202368292A4FF01002DA617FF464AF23
:10DCB00016F5803F3FF460AF2046FEF797FBFFF775
:10DCC00092F959E721232363616C2046FFF7A2FAFA
:10DCD00052E72223F7E723681022DA614CE729078D
:10DCE0007FF54AAF13077FF547AF2046FFF706FAE7
:10DCF00042E7022043E700BF1000024070B590F8F1
:10DD0000406004460B46C56A012E7ED0012680F88D
:10DD100040608E0607D5960605D5FFF719FE002050
:10DD200084F8400070BDD90630D5D6062ED5628D58
:10DD300092B2E2B994F84120282A07D1B5F1007FC8
:10DD400004D119462046FFF71DFAE8E794F8412070
:10DD50002368292A4FF01002DA61E0D115F5803FDF
:10DD6000DDD02046FEF742FBFFF73DF9D7E72368F9
:10DD70001022DA61636C43F00403636435F080734E
:10DD8000CDD1616C2046FFF745FAC8E758071BD58F
:10DD9000510719D5638D9BB26BB123685A6A636AC8
:10DDA0001A70636A01336362238D013B2385638D9F
:10DDB000013B9BB26385638D9BB2002BAFD115F500
:10DDC000803FACD02046CFE71E0705D5100703D50E
:10DDD0002046FFF793F9A2E79907A0D593079ED5B0
:10DDE000638D9BB26BB1636A226813F8011B916269
:10DDF0006362638D013B9BB26385238D013B238569
:10DE00008DE735F080738AD1DCE702208AE7806BEA
:10DE1000836B0BB100221A65C36B0BB100221A652C
:10DE2000FFF7E2B990F84100704790F84200704760
:10DE3000406C704710B590F841200346202AD4B2B8
:10DE40001CD190F84020012A18D0242280F84120CB
:10DE50000268106820F001001060106820F4805003
:10DE600010601068014300201160116841F0010149
:10DE7000116083F8414083F8400010BD0220FCE7A8
:10DE800010B590F841200346202AD4B21BD190F857
:10DE90004020012A17D0242280F84120026810680F
:10DEA00020F001001060106820F4706040EA012149
:10DEB00000201160116841F00101116083F84140B8
:10DEC00083F8400010BD0220FCE7000038B5104C7C
:10DED000E36813F0040FE36805D103F00703181A91
:10DEE00018BF012038BD23F007031843E06004F099
:10DEF0004BF9054663689B0401D50020F2E704F066
:10DF000043F9401BB0F57A7FF4D90120EAE700BF5E
:10DF100000480258F8B50446002874D00368D807B2
:10DF20005ED42368990700F1AD802368DA0627D50F
:10DF30009C4A1369916A03F03803082B07D0182B09
:10DF400040F0038101F00303012B40F0FE801368D1
:10DF5000DB0502D5E369802B55D104F02DF941F2A0
:10DF60000303216A98428F4B00F2E8805A68202907
:10DF700022F0F8420CBF42F0804242EA81625A60CD
:10DF80002368190700F1238123689A0600F1448170
:10DF900023685D071ED5844D2B6843F480732B6086
:10DFA00004F0F2F806462B68DA0540F15A81A368BE
:10DFB0007C4D012B40F05C812B6F43F001032B67FC
:10DFC00041F2883704F0E0F8764E0546336F9B0740
:10DFD00040F17481616A002940F0778100202BE0D4
:10DFE000704A1369916A03F03803102B05D0182B7F
:10DFF0000BD101F00303022B07D113689A0390D5CC
:10E000006368002B8DD1012016E06368654DB3F580
:10E01000803F12D12B6843F480332B6004F0B4F8B6
:10E02000604E054633689B033FF57BAF04F0ACF8C8
:10E03000401B6428F6D90320F8BDA3B92B6823F44C
:10E0400080332B602B6823F480232B6004F09CF832
:10E0500006462B689F037FF564AF04F095F8801B9C
:10E060006428F6D9E7E7B3F5A02F2B6803D143F472
:10E0700080232B60CEE723F480332B602B6823F4BE
:10E080008023CAE74749E2680B69886A13F03803BE
:10E0900003D0182B2AD1800728D10B685B0701D544
:10E0A000002AB0D03F4D2B6823F0190313432B6097
:10E0B00004F06AF806462B685F0711D504F07CF877
:10E0C00041F20303226998426B6822D823F47C331F
:10E0D000402A0CBF43F4003343EA02336B6024E769
:10E0E00004F052F8801B0228E5D9A4E72D4D2B68D7
:10E0F000A2B123F0190313432B6004F045F8064640
:10E100002B685807DAD404F03FF8801B0228F7D9AF
:10E1100091E723F0FE4343EA0263DFE723F00103C4
:10E120002B6004F031F806462B6859077FF5FDAEE9
:10E1300004F02AF8801B0228F6D97CE7DA6822F07E
:10E140007C5242EA0162DA601AE7E369154D6BB36B
:10E150002B6843F080032B6004F016F806462B680A
:10E16000DF0511D504F028F841F20303226A984232
:10E1700010D86B68202A23F0F8430CBF43F080438B
:10E1800043EA82636B60FBE603F0FEFF801B02281C
:10E19000E5D950E7EB6823F07C5343EA0263EB6078
:10E1A000EEE600BF00440258004802582B6823F0F6
:10E1B00080032B6003F0E8FF06462B68D8057FF547
:10E1C000DFAE03F0E1FF801B0228F6D933E7636975
:10E1D000A54D83B16B6F43F001036B6703F0D4FF70
:10E1E00006466B6F9B073FF5CFAE03F0CDFF801B5C
:10E1F0000228F6D91FE76B6F23F001036B6703F06A
:10E20000C3FF06466B6F9F077FF5BEAE03F0BCFFF2
:10E21000801B0228F6D90EE7A369934D83B12B68C2
:10E2200043F480532B6003F0AFFF06462B6898043D
:10E230003FF5AEAE03F0A8FF801B0228F6D9FAE640
:10E240002B6823F480532B6003F09EFF06462B6857
:10E2500099047FF59DAE03F097FF801B0228F6D945
:10E26000E9E603F091FF801B64287FF69CAEE2E6AE
:10E27000B3B92B6F41F2883723F001032B672B6F63
:10E2800023F004032B6703F07FFF06462B6F9807EC
:10E290007FF5A0AE03F078FF801BB842F6D9CAE63E
:10E2A000052B2B6F03D143F004032B6784E623F087
:10E2B00001032B672B6F23F0040380E603F064FF58
:10E2C000401BB8427FF682AEB5E6674D2B6903F07E
:10E2D0003803182B7AD02B68022923F080732B6027
:10E2E00067D103F051FF06462B6899015BD4AB6AF6
:10E2F000A26A23F47C7323F003031343E26A43EA24
:10E300000213AB62636BA26B013B013A5B02120426
:10E310009BB202F4FE021343226B013AC2F30802DD
:10E320001343E26B013A120602F0FE4213432B63E1
:10E33000EB6A23F00103EB626B6BA26C23F47F4367
:10E3400023F0F80343EAC2036B63EB6A226C23F009
:10E350000C031343EB62EB6A626C23F0020313437A
:10E36000EB62EB6A43F48033EB62EB6A43F4003315
:10E37000EB62EB6A43F48023EB62EB6A43F0010348
:10E38000EB622B6843F080732B6003F0FDFE364D8B
:10E3900004462B689A013FF521AE03F0F5FE001B01
:10E3A0000228F6D947E603F0EFFE801B02289BD92E
:10E3B00041E603F0E9FE04462B689B017FF50EAEB3
:10E3C00003F0E2FE001B0228F6D934E60129AA6A0E
:10E3D0002B6B3FF418AE02F00301A06A81427FF478
:10E3E00012AEC2F30512E16A8A427FF40CAE226BD0
:10E3F000C3F30801013A91427FF405AE626BC3F3A7
:10E400004621013A91427FF4FEADA26BC3F306416F
:10E41000013A91427FF4F7ADE26BC3F30663013A30
:10E4200093427FF4F0AD6B6BA26CC3F3CC039A42C2
:10E430003FF4D4AD0C4DEB6A23F00103EB6203F023
:10E44000A3FE064603F0A0FEB042FBD06B6BA26CAD
:10E4500023F47F4323F0F80343EAC2036B63EB6AC0
:10E4600043F00103EB62B9E500440258494B1A69D5
:10E4700002F03802102A30B500F08880182A0CD03B
:10E48000002A40F085801A68434812F0200F03D01C
:10E490001B68C3F3C103D84030BD996A9D6ADC6A2A
:10E4A00015F47C7FC5F305105A6BF5D0C2F3CC028E
:10E4B00004F0010401F0030107EE900A6243B7EE95
:10E4C000006A0129B8EEE77A06EE902AFAEEE96AC8
:10E4D0004ED002293ED000294AD11A68920627D58B
:10E4E00019682D4AC1F3C1011B6BCA40C3F308036D
:10E4F00007EE902AF8EEE75AC5EE877A07EE103A53
:10E50000B8EEC77A37EE267A37EE067A67EE877A64
:10E51000204B1B6BC3F34623013307EE103AF8EE92
:10E52000C76A87EEA67AFCEEC77A17EE900AB3E7C1
:10E530001B6BC3F3080307EE903AF8EEE77A77EE29
:10E54000A67A77EE867A9FED156AC6EE076A67EEC1
:10E55000A67ADDE71B6BC3F3080307EE903AF8EEEB
:10E56000E77A77EEA67A77EE867A9FED0D6AECE78A
:10E570001B6BC3F3080307EE903AF8EEE77A77EEE9
:10E58000A67A77EE867A9FED076ADEE7064883E78C
:10E59000064881E7004402580090D0030024744CE0
:10E5A00020BCBE4B0024744A40787D0100093D0028
:10E5B0002DE9F0410D46044610B90120BDE8F08177
:10E5C000884A136803F00F038B42C0F093802368DE
:10E5D0005F0700F19B801E070BD583496069CA69FC
:10E5E00002F07002904204D9CA6922F0700202431C
:10E5F000CA61D8060BD57C49A069CA6902F4E062F9
:10E60000904204D9CA6922F4E0620243CA619906C1
:10E610000BD57549E0690A6A02F07002904204D98C
:10E620000A6A22F0700202430A629A070BD56E4909
:10E63000E0688A6902F00F02904204D98A6922F0E8
:10E640000F0202438A61DF076ED423689E0700F140
:10E65000A18064490A6802F00F02AA4200F2A88071
:10E66000580700F1B18019070BD55F496069CA6985
:10E6700002F07002904204D2CA6922F07002024392
:10E68000CA61DA060BD55849A069CA6902F4E0628A
:10E69000904204D2CA6922F4E0620243CA619B0636
:10E6A0000BD5514AE169136A03F07003994204D211
:10E6B000136A23F070030B431362FFF7D7FE4A4936
:10E6C0004A4A8B69C3F30323D35C03F01F03D8408A
:10E6D0008B6903F00F03D35C454A03F01F0320FA54
:10E6E00003F31360434B1860434BBDE8F0411868D7
:10E6F000F9F786BF136823F00F030B431360136809
:10E7000003F00F038B427FF458AF60E7364920696E
:10E710008A6902F0700290427FF65DAF8A6922F04A
:10E72000700202438A6156E72F4BA1689A6922F46E
:10E7300070620A439A6161681A6802291DD112F455
:10E74000003F3FF43AAF1A6941F28838264F22F071
:10E7500007020A431A6103F017FD06463B69626827
:10E7600003F03803B3EBC20F3FF46FAF03F00CFDBF
:10E77000801B4045F2D9032020E7032902D112F083
:10E78000007FDEE7012902D112F4807FD9E712F081
:10E79000040FD6E71449E0688A6902F00F0290423C
:10E7A000BFF457AF8A6922F00F0202438A6150E733
:10E7B0000A6822F00F022A430A600A6802F00F0278
:10E7C000AA427FF4FAAE4BE7074920698A6902F052
:10E7D00070029042BFF447AF8A6922F07002024390
:10E7E0008A6140E70020005200440258AC1008083B
:10E7F0000C040020080400201804002008B5FFF7CE
:10E8000035FE0B4A0B4993699269C3F3032302F067
:10E810000F02CB5C03F01F0320FA03F3885C064A67
:10E8200000F01F0023FA00F01060044A136008BDD6
:10E8300000440258AC1008080C0400200804002012
:10E8400008B5FFF7DBFF054B054ADB69C3F302138D
:10E85000D35C03F01F03D84008BD00BF004402583A
:10E86000AC10080808B5FFF7C9FF054B054ADB697E
:10E87000C3F30223D35C03F01F03D84008BD00BFDD
:10E8800000440258AC1008083F230360114B1A697A
:10E8900002F0070242609A6902F4706282609A692B
:10E8A00002F00F02C2609A6902F070020261DA6936
:10E8B00002F070024261DA6902F4E06282611B6A6E
:10E8C00003F07003C361044B1B6803F00F030B607C
:10E8D000704700BF0044025800200052F8B53A4C7F
:10E8E00006460D46A36A03F00303032B69D0236891
:10E8F00023F08063236003F047FC074623681A0176
:10E900004BD4A36A326823F47C3343EA0233A36214
:10E91000B368F268013B013A5B0212049BB202F455
:10E92000FE0213437268013AC2F3080213433269CC
:10E93000013A120602F0FE421343A363E36A7269CE
:10E9400023F0C0031343E362E36AB26923F02003B8
:10E950001343E362E36A23F01003E362E36BF269BB
:10E9600023F47F4323F0F80343EAC203E363E36A3B
:10E9700043F01003E362E36AB5B943F40023E362B2
:10E98000114C236843F08063236003F0FDFB0546D0
:10E9900023681B010FD5002005E003F0F5FBC01B29
:10E9A0000228ABD90320F8BD012D0CBF43F480131E
:10E9B00043F40013E3E703F0E7FB401B0228E7D929
:10E9C000F0E70120EFE700BF00440258F8B53A4CE9
:10E9D00006460D46A36A03F00303032B69D02368A0
:10E9E00023F08053236003F0CFFB074623689A008F
:10E9F0004BD4A36A326823F07C7343EA0253A362C8
:10EA0000B368F268013B013A5B0212049BB202F464
:10EA1000FE0213437268013AC2F3080213433269DB
:10EA2000013A120602F0FE4213432364E36A72695C
:10EA300023F440631343E362E36AB26923F400738F
:10EA40001343E362E36A23F48073E362636CF26965
:10EA500023F47F4323F0F80343EAC2036364E36AC9
:10EA600043F48073E362E36AB5B943F48003E3627D
:10EA7000114C236843F08053236003F085FB054667
:10EA800023689B000FD5002005E003F07DFBC01B31
:10EA90000228ABD90320F8BD012D0CBF43F40003BD
:10EAA00043F08073E3E703F06FFB401B0228E7D9D4
:10EAB000F0E70120EFE700BF004402582DE9F843DA
:10EAC000036805461C011ED5836EB3F5001F2AD0CE
:10EAD0000FD8D3B1B3F5801F1DD001262B68D80500
:10EAE0004FD5AB6D042B4BD8DFE803F0223D442714
:10EAF0002700B3F5401FF0D1844AA96E136D23F4AB
:10EB000040130B4313650026E8E7804AD36A43F4B9
:10EB10000033D362F0E702210830FFF7DFFE06463C
:10EB20000028DBD1E8E702212830FFF74FFFF6E7A6
:10EB3000764AD36A43F40033D36234461CBB734A2B
:10EB4000A96D136D23F007030B4313652B6899051B
:10EB500028D5EB6D802B43D017D8A3B3402B38D0EA
:10EB6000012634461EE0002105F10800FFF7B6FE3D
:10EB70000446E3E7002105F12800FFF727FFF7E748
:10EB800001263446E2E72646E0E7C02B02D0B3F583
:10EB9000807FE5D154BB5D4AE96D136D23F4E073CA
:10EBA0000B4313652B685A0531D5D5F8A830B3F55A
:10EBB000800F49D01CD8002B39D0B3F5001F3CD0B2
:10EBC0000126344623E0514AD36A43F40033D3622A
:10EBD000E0E7002105F10800FFF780FE0446D9E7D1
:10EBE000002105F12800FFF7F1FEF7E72646D9E7F7
:10EBF000B3F5C00F02D0B3F5000FE1D154BB434AC7
:10EC0000D5F8A810936D23F460030B4393652B682C
:10EC10001B0530D5D5F8AC30B3F1007F45D01BD8FB
:10EC2000B3B3B3F1807F39D00126344623E0374AAD
:10EC3000D36A43F40033D362E0E7002105F1080012
:10EC4000FFF74CFE0446D9E7002105F12800FFF745
:10EC5000BDFEF7E72646DAE7B3F1407F02D0B3F115
:10EC6000806FE1D13CBB294AD5F8AC10936D23F0FD
:10EC7000E0630B4393652B689F0128D5EB6C202B39
:10EC80003BD01AD8DBB1102B31D0012634461EE020
:10EC90001E4AD36A43F40033D362E3E7002105F14F
:10ECA0000800FFF71BFE0446DCE7002105F1280001
:10ECB000FFF78CFEF7E72646DDE7302BE5D11CBBDE
:10ECC000124AE96CD36C23F030030B43D3642B68F6
:10ECD000D8042CD52B6EB3F5005F76D018D8002B56
:10ECE00066D0B3F5805F69D0012634461FE0074A3D
:10ECF000D36A43F40033D362E1E7022105F108004F
:10ED0000FFF7ECFD0446DAE72646E0E70044025848
:10ED1000B3F5405F02D0B3F5804FE5D1002C5AD156
:10ED20009E4A296E136D23F4E0430B4313652B6851
:10ED300099040BD56B6EB3F5003F66D04DD8002B10
:10ED400053D0B3F5803F59D0012634462B685A047E
:10ED50000CD5D5F8B030B3F1005F77D05DD8002B7B
:10ED600063D0B3F1805F6AD0012634462B681B0460
:10ED700011D52B6FB3F1805F70D0B3F1005F73D00A
:10ED8000002B78D1002C79D1844A296F136D23F0A0
:10ED900040530B4313652B68DF017FD5AB6C032B0E
:10EDA00000F2D880DFE813F071006C00CF00710032
:10EDB0007A4AD36A43F40033D362AFE7002105F106
:10EDC0000800FFF78BFD0446A8E7002105F12800A5
:10EDD000FFF7FCFDF7E72646A9E723F48032B2F5FA
:10EDE000802F02D0B3F5403FAED1A4B96B4A696E13
:10EDF000136D23F4E0230B431365A7E7012105F10D
:10EE00000800FFF76BFD0446EFE7012105F128003C
:10EE1000FFF7DCFDF7E7264698E723F08052B2F1D2
:10EE2000804F02D0B3F1405F9ED1ACB95B4AD5F8B8
:10EE3000B010936D23F0E0430B43936596E70121F7
:10EE400005F10800FFF74AFD0446EEE7012105F150
:10EE50002800FFF7BBFDF7E7264687E74F4AD36A4E
:10EE600043F40033D3628DE7012105F10800FFF779
:10EE700035FD044686E7012634468CE726468AE7B8
:10EE8000464AD36A43F40033D362002C65D1434A27
:10EE9000A96CD36C23F003030B43D3642B68580293
:10EEA00039D53F4F3B6843F480733B6003F06CF906
:10EEB00080463B68D90552D5002C75D1374BD5F823
:10EEC000B4001A6F424012F4407F0BD01A6F196FD2
:10EED00022F4407241F480311967196F21F48031B6
:10EEE00019671A67B0F5807F42D0D5F8B4302B4946
:10EEF00003F44072B2F5407F4BD10869294A20F4EF
:10EF00007C5002EA131202430A61C3F30B03234A43
:10EF1000116F0B4313672B68DB0709D5EB6F102BC1
:10EF20005AD043D8002B47D0082B4ED00126344668
:10EF30002B689F0766D5AB6F052B79D8DFE803F008
:10EF40005A54725A5A5A022105F10800FFF7C6FCBA
:10EF500004469AE701263446A0E726469EE703F0DA
:10EF600013F9A0EB08006428A3D903263446D2E79E
:10EF700003F00AF9DFF82480074641F28839D8F80F
:10EF800070309A07B1D403F0FFF8C01B4845F6D99A
:10EF9000EBE70A6922F47C52B6E700BF004402584E
:10EFA00000480258CFFFFF002646B4E723F00802CE
:10EFB000202A01D0182BB9D1A4B9204AE96F536D8A
:10EFC00023F038030B435365B2E7012105F1080034
:10EFD000FFF784FC0446EFE7012105F12800FFF765
:10EFE000F5FCF7E72646A3E7012105F10800FFF746
:10EFF00075FC0446FCB9114AA96F536D23F0070351
:10F000000B4353652B6858072BD5D5F89430052B47
:10F0100000F26D81DFE813F01A00140065011A0098
:10F020001A001A00012105F12800FFF7CFFCE0E7E4
:10F0300001263446E6E72646E4E700BF00440258CE
:10F04000012105F10800FFF749FC0446002C40F0BF
:10F050005181A94AD5F89410936D23F007030B430F
:10F0600093652B68990610D5D5F89030B3F1005F01
:10F0700000F05E8100F24281002B00F04881B3F184
:10F08000805F00F04E81012634462B685A0610D569
:10F09000D5F89C30B3F5006F00F06C8100F2508120
:10F0A000002B00F05681B3F5806F00F05C810126E3
:10F0B00034462B681B0610D5D5F8A030B3F5804F29
:10F0C00000F07A8100F25E81002B00F06481B3F5DC
:10F0D000005F00F06A81012634462B681F0714D5B3
:10F0E000D5F88430B3F5805F07D1022105F12800FF
:10F0F000FFF76CFC002818BF01267F4AD5F8841062
:10F10000536D23F440530B4353652B68D80614D535
:10F11000D5F89830B3F5807F07D1022105F128009A
:10F12000FFF754FC002818BF0126734AD5F8981041
:10F13000936D23F440730B4393652B6819031BD520
:10F14000D5F8A410B1F5803F00F03E81B1F5003F45
:10F1500007D0002940F03E8105F10800FFF7BEFB13
:10F160000446002C40F03981634AD5F8A410936D11
:10F1700023F440330B4393652B685A030FD5D5F81E
:10F180008830B3F5001F00F03981B3F5401F00F05F
:10F190002B81B3F5801F00F02281012634462B68B5
:10F1A000DB0309D52B6D002B00F03181B3F5803FD7
:10F1B00000F03B81012634462B689F0007D50221D1
:10F1C00005F12800FFF702FC002818BF0126D5E949
:10F1D0000031980340F14181D5F88000B0F5807F7F
:10F1E00000F03D8100F22A81002800F02D810124E9
:10F1F000DA0206D540486E6F026D22F000423243BB
:10F200000265DF0007D53C48D5F8B860026922F4F2
:10F210008042324302619E0206D53748EE6E026D8F
:10F2200022F0807232430265580009D5324A1069D3
:10F2300020F4004010611069D5F8BC6030431061C3
:10F24000002B06DA2C486E6DC26C22F0405232431D
:10F25000C2641A0207D5284AD5F88C00536D23F4EE
:10F26000400303435365CB0706D5002105F1080091
:10F27000FFF734FB064600B926466B689F0706D5A4
:10F28000012105F10800FFF729FB044600B93446C7
:10F290006B685E0706D5022105F10800FFF71EFB2B
:10F2A000064600B926466B68180706D5002105F109
:10F2B0002800FFF78BFB044600B934466B68D9067B
:10F2C00040F1D380012105F12800FFF77FFB0028E2
:10F2D00000F0CB806B689A0600F1D6800120BDE873
:10F2E000F883012105F12800FFF770FBADE6012648
:10F2F0003446B6E62646B4E60044025823F080526F
:10F30000B2F1804F03D0B3F1405F7FF4BCAEACB933
:10F310005E4AD5F89010536D23F0E0430B435365DC
:10F32000B3E6002105F10800FFF7D8FA0446EEE73E
:10F33000022105F12800FFF749FBF7E72646A4E67E
:10F3400023F48062B2F5805F03D0B3F5406F7FF4A1
:10F35000AEAEACB94D4AD5F89C10936D23F4E05392
:10F360000B439365A5E6002105F10800FFF7B6FA07
:10F370000446EEE7022105F12800FFF727FBF7E737
:10F38000264696E623F40052B2F5004F03D0B3F5BB
:10F39000C04F7FF4A0AEACB93C4AD5F8A010936D35
:10F3A00023F460430B43936597E6002105F10800C1
:10F3B000FFF794FA0446EEE7022105F12800FFF773
:10F3C00005FBF7E7264688E6022105F12800FFF74E
:10F3D000FDFAC5E601263446CEE62646CCE62B4AA3
:10F3E000D36A43F40033D3627CB9284AD5F8881035
:10F3F000536D23F440130B435365D0E6012105F10F
:10F400002800FFF7E3FA0446EEE72646C7E61F4A60
:10F41000D36A43F40033D36274B91C4A296DD36CA8
:10F4200023F480330B43D364C6E6022105F10800C0
:10F43000FFF754FA0446EFE72646BDE620F4807253
:10F44000B2F5007F7FF4D3AE002C7FF4D1AE0F4C29
:10F45000626D22F44072024362653446C8E60B4F87
:10F46000FA6A42F40032FA62EEE76B689B0607D54F
:10F47000022105F12800FFF7A9FA00287FF42EAF3A
:10F48000201E18BF01202AE70446F1E70044025875
:10F4900008B5FFF7B3F9054B054A1B6AC3F302131E
:10F4A000D35C03F01F03D84008BD00BF00440258DE
:10F4B000AC1008084F4970B58C6A8E6ACD6A16F494
:10F4C0007C3FC6F30533CA6B00F0908007EE903A9C
:10F4D000C2F3CC03C5F3001204F00304B8EEE77ADC
:10F4E0005343012CB7EE006A06EE903AFAEEE96A51
:10F4F0006ED0022C5ED0002C6AD10B689B0647D5DB
:10F500000A688B6BC2F3C1013B4AC3F30803CA40CC
:10F5100007EE902AF8EEE75AC5EE877A07EE103A22
:10F52000B8EEC77A37EE267A37EE067A67EE877A34
:10F53000304A936BC3F3462307EE103AB8EEC77A0E
:10F5400037EE067AC7EE876AFCEEE66AC0ED006A1F
:10F55000936BC3F3064307EE103AB8EEC77A37EE63
:10F56000067AC7EE876AFCEEE66AC0ED016A936B25
:10F57000C3F3066306EE903AF8EEE66A76EE866A24
:10F5800087EEA67AFCEEC77A17EE903A836070BDDC
:10F590008B6BDFED1A5AC3F3080307EE903AF8EECF
:10F5A000E77A77EEA67A77EE867AC5EE876A67EE17
:10F5B000A67ABDE78B6BDFED125AC3F3080307EEA3
:10F5C000903AF8EEE77A77EEA67A77EE867AECE76D
:10F5D0008B6BDFED0C5AC3F3080307EE903AF8EE9D
:10F5E000E77A77EEA67A77EE867ADEE7C0E900332F
:10F5F000CCE700BF004402580090D0030024744CB4
:10F6000020BCBE4B0024744A4F4970B58C6A8E6A88
:10F61000CD6A16F07C7FC6F305534A6C00F09080EB
:10F6200007EE903AC2F3CC03C5F3002204F00304C2
:10F63000B8EEE77A5343012CB7EE006A06EE903A33
:10F64000FAEEE96A6ED0022C5ED0002C6AD10B680B
:10F650009B0647D50A680B6CC2F3C1013B4AC3F352
:10F660000803CA4007EE902AF8EEE75AC5EE877AFB
:10F6700007EE103AB8EEC77A37EE267A37EE067AFA
:10F6800067EE877A304A136CC3F3462307EE103ACD
:10F69000B8EEC77A37EE067AC7EE876AFCEEE66AFE
:10F6A000C0ED006A136CC3F3064307EE103AB8EEE0
:10F6B000C77A37EE067AC7EE876AFCEEE66AC0EDD7
:10F6C000016A136CC3F3066306EE903AF8EEE66A3D
:10F6D00076EE866A87EEA67AFCEEC77A17EE903A47
:10F6E000836070BD0B6CDFED1A5AC3F3080307EE9D
:10F6F000903AF8EEE77A77EEA67A77EE867AC5EE5C
:10F70000876A67EEA67ABDE70B6CDFED125AC3F38A
:10F71000080307EE903AF8EEE77A77EEA67A77EEEE
:10F72000867AECE70B6CDFED0C5AC3F3080307EEA7
:10F73000903AF8EEE77A77EEA67A77EE867ADEE709
:10F74000C0E90033CCE700BF004402580090D0036A
:10F750000024744C20BCBE4B0024744A4F4970B541
:10F760008C6A8E6ACD6A16F47C7FC6F305134A6BE9
:10F7700000F0908007EE903AC2F3CC0305F001024E
:10F7800004F00304B8EEE77A5343012CB7EE006AA5
:10F7900006EE903AFAEEE96A4ED0022C5ED0002CCA
:10F7A0006AD10B689B0667D50A680B6BC2F3C1016F
:10F7B0003B4AC3F30803CA4007EE902AF8EEE75A23
:10F7C000C5EE877A07EE103AB8EEC77A37EE267A9A
:10F7D00037EE067A67EE877A304A136BC3F3462317
:10F7E00007EE103AB8EEC77A37EE067AC7EE876AA8
:10F7F000FCEEE66AC0ED006A136BC3F3064307EE46
:10F80000103AB8EEC77A37EE067AC7EE876AFCEE92
:10F81000E66AC0ED016A136BC3F3066306EE903A25
:10F82000F8EEE66A76EE866A87EEA67AFCEEC77A8E
:10F8300017EE903A836070BD0B6BDFED1A5AC3F37D
:10F84000080307EE903AF8EEE77A77EEA67A77EEBD
:10F85000867AC5EE876A67EEA67ABDE70B6BDFEDA9
:10F86000125AC3F3080307EE903AF8EEE77A77EE00
:10F87000A67A77EE867AECE70B6BDFED0C5AC3F3D2
:10F88000080307EE903AF8EEE77A77EEA67A77EE7D
:10F89000867ADEE7C0E90033CCE700BF00440258B7
:10F8A0000090D0030024744A20BCBE4B0024744C4A
:10F8B0001FB5A0F580730B4314D19E4B1A6D02F057
:10F8C0000702042A2FD8DFE812F008011D00050006
:10F8D00065014900186810F000501BD001A8FFF71F
:10F8E00093FE16E0A0F500730B431ED1914B1A6DE9
:10F8F00002F4E072802AEDD00FD8002A00F0ED80EB
:10F90000402A10D1186810F0006003D001A8FFF75A
:10F91000D1FD019805B05DF804FBC02A00F03A81E2
:10F92000B2F5807F1AD00020F4E7A0F580630B4386
:10F9300033D1804B9A6D02F46002B2F5800FC9D0CA
:10F9400005D8002A00F0C980B2F5001FD9E7B2F54A
:10F95000C00F00F01F81B2F5000FE3E7DA6C196801
:10F9600002F04052480706D52AB91B68C3F3C10309
:10F970007148D840CEE76F4B1968C90503D5B2F17D
:10F98000805F00F00981186810F40030C2D0B2F135
:10F99000005F6A4818BF0020BCE7A0F500630B4376
:10F9A00025D1644B9A6D02F0E062B2F1007F91D0F4
:10F9B00005D8002A00F09180B2F1807FA1E7B2F172
:10F9C000407F00F0E780B2F1806FACD1DA6C19684B
:10F9D00002F040521B68480701D5002AC6D0D9055D
:10F9E00003D5B2F1805F00F0D780524BCBE7A0F592
:10F9F00080530B4314D14F4B1A6D02F4E042B2F521
:10FA0000005F3FF467AF04D8002A66D0B2F5805F8C
:10FA100077E7B2F5405F00F0BD80B2F5804FD4E7E4
:10FA2000A0F500530B4334D1424A136D03F4E02395
:10FA3000B3F5403F00F08A800DD8B3F5803F16D073
:10FA4000B3F5003F1CD0002B7FF46DAF05B05DF81F
:10FA500004EBFEF7F5BEB3F5802F7ED0B3F5A02FF3
:10FA60007FF461AF1068354B10F4003079E0106816
:10FA700010F000603FF44EAF01A8FFF71BFD34E02B
:10FA8000106810F000503FF445AF01A8FFF7BCFD2F
:10FA90002BE0A0F500230B4317D1264B9A6D02F4FF
:10FAA0004032B2F5803F06D0B2F5003F8ED0002A3A
:10FAB0007FF439AF26E7186810F000503FF42AAF02
:10FAC00001A8FFF7A1FD039824E7A0F580330B43BD
:10FAD00016D1184BDA6CD20309D4186810F00070F4
:10FAE0003FF418AF01A8FFF739FE029812E7186833
:10FAF00010F000603FF40EAF01A8FFF7DBFCE2E777
:10FB0000A0F580430B432FD10A4A936D03F0E043E5
:10FB1000B3F1405F1AD013D8B3F1805FA7D0B3F12F
:10FB2000005FADD0002B7FF4FEAE05B05DF804EBB6
:10FB3000FFF7AEBC004402580090D00340787D012E
:10FB4000B3F1804F09D0B3F1A04F89E7106810F0EE
:10FB500004003FF4DFAE136808E710680F4B10F4A1
:10FB6000807018BF1846D5E6A0F5004008437FF422
:10FB7000DAAE0B4A136D03F04053B3F1805F07D048
:10FB8000B3F1005F3FF473AF002B7FF4CCAE69E7B5
:10FB90001068A3E70348BDE60048BBE600093D0046
:10FBA000004402580080BB000268436E118E23F8A7
:10FBB000021B4366B0F86A30013B9BB2A0F86A3082
:10FBC000B0F86A309BB21BB9136923F001031361CB
:10FBD00070470268436E116B43F8041B4366B0F82C
:10FBE0006A30013B9BB2A0F86A30B0F86A309BB231
:10FBF0001BB9136923F0010313617047C36D0268D9
:10FC000033F8021B1184C365B0F86230013B9BB22C
:10FC1000A0F86230B0F862309BB21BB9136923F0D0
:10FC2000020313617047C36D026853F8041B11622D
:10FC3000C365B0F86230013B9BB2A0F86230B0F807
:10FC400062309BB21BB9136923F002031361704742
:10FC500003681A6822F001021A601A6922F45B72C2
:10FC600022F003021A619A6942F008029A619A69C5
:10FC700042F010029A619A6822F440429A609A69AE
:10FC800042F040029A619A6942F020029A619A69B0
:10FC900042F480729A619A6942F400729A619A6998
:10FCA00042F400629A610023A0F86230A0F86A3042
:10FCB0007047036859699A6942F008029A619A6923
:10FCC00042F010029A611A6822F001021A601A6961
:10FCD00022F45B7222F003021A619A6822F4404215
:10FCE0009A6090F88120042A0BD08A0609D5D0F8B2
:10FCF000842042F08002C0F884209A6942F02002F9
:10FD00009A6190F88120032A0BD04A0609D5D0F8D1
:10FD1000842042F00402C0F884209A6942F0400234
:10FD20009A618A0509D5D0F8842042F00102C0F812
:10FD300084209A6942F400729A61CA0509D5D0F804
:10FD4000842042F00802C0F884209A6942F480724C
:10FD50009A610023A0F86230A0F86A307047026808
:10FD6000436E92F830201A70436E01334366B0F848
:10FD70006A30013B9BB2A0F86A30B0F86A309BB29F
:10FD800023B90268136923F0010313617047C26D40
:10FD90000368127883F82020C36D0133C365B0F87F
:10FDA0006230013B9BB2A0F86230B0F862309BB287
:10FDB00023B90268136923F002031361704700003E
:10FDC000F8B5044608B90120F8BD0268002350497F
:10FDD00083628A42C36807D1E26B08335209DB08A9
:10FDE00002FB0333102B0FE04A498A42F4D001F59D
:10FDF00080618A42F0D00F2BE5D8C26B08335209DC
:10FE0000DB0802FB0333082BDDD894F8813003F0C4
:10FE1000FF0223B9204684F88020F8F7B9F9226858
:10FE20000223616884F881301368A66B23F0010314
:10FE3000E5681360936803F4F81CA369B3F1806F5D
:10FE400054D1B1F5800F44D11EB9106840F48050F0
:10FE500010600846062D45D9176827F4807E276D67
:10FE60004EEA070717600B43E76933433D43A76A30
:10FE70003D43E76B3D4345EA0C059560656B2B43BD
:10FE8000656A2B4325692B4365692B43256A2B4300
:10FE9000E56C2B43A5682B43A56C2B43A56D2B4329
:10FEA000D36039BB936823F4C05343F40063936079
:10FEB000936823F4C06343F480639360136D23F06D
:10FEC0000103136500200123C4F8840084F8813005
:10FED0007AE759B9B6F1805F03D1106840F48050D9
:10FEE00010600846176827F48077BBE711F480009C
:10FEF000B0D1F7E7136D23F0010313650028E1D0BB
:10FF0000D368616D23F000430B43D360DAE700BF91
:10FF1000003001400038004010B5044688B1026846
:10FF2000022380F88130136823F001031360F8F78F
:10FF3000E5F90020C4F8840084F8800084F881008A
:10FF400010BD0120FCE7000010B5002954D0002AA4
:10FF500052D090F88130012BDCB24FD190F8803034
:10FF6000012B4BD00323C165C16880F88130002389
:10FF70000F2980F88040C0F88430A0F86020A0F8F5
:10FF800062204366A0F86830A0F86A3003672AD878
:10FF90001B4B1C4C072998BF234681684367B1F56A
:10FFA000C02F036821D1196841F4006119605968B4
:10FFB000090C0904114359601A6842F001021A60E1
:10FFC000002280F880201A6942F4E56242F00202C1
:10FFD0001A614268B2F5800F03D11A6842F40072C8
:10FFE0001A60002010BD084BD7E7D96821F4C02162
:10FFF00041F40031D960DAE70120F3E70220F1E7AC
:020000040805ED
:10000000FDFB04088FFD040827FC040830B590F8B8
:1000100081500446012DE8B274D1002948D0002A4D
:1000200046D0002B44D094F88050012D6AD084F83B
:1000300080000520E16584F881000020E168C4F8B3
:10004000840062660F29A4F86230A4F86A30B4F81C
:100050006220256892B2A4F86030A4F8683028D9EC
:100060002949616729492167E96821F4C021E960CC
:100070006968090C0904194369602B6843F001039E
:100080002B6021684B699B0700D5EAB9002384F8EF
:1000900080300B6943F4ED6343F004030B61636844
:1000A000B3F5800F03D10B6843F400730B6000209D
:1000B00030BD07298BBF16491649216721678CBFC0
:1000C000154916496167CFE7E268E36D0F2A0DD93C
:1000D00053F8042B0A62E365B4F86230013B9BB22B
:1000E000A4F86230B4F8622092B2CAE7072A03D9B2
:1000F00033F8022B2A84EEE71B7881F82030E36D79
:100100000133E8E70220D3E727FC0408D3FB040807
:10011000A9FB04085FFD0408FDFB04088FFD04082B
:1001200013B590F880300446012B00F0888001233D
:1001300045F6C05280F88030072380F88130414B6B
:100140001B68B3FBF2F364225343019303681A68FC
:1001500091052FD51A6922F008021A61019A013A15
:100160000192019A002A5CD1D4F8842042F0400226
:10017000C4F884201A6842F480621A60019A013A35
:100180000192019A002A50D1D4F8842042F0400212
:10019000C4F884209A6942F400629A61019A013A93
:1001A0000192019A002A44D1D4F8842042F04002FE
:1001B000C4F884209B681A040ED5A06F60B1002398
:1001C0000365F9F749FC38B1A06FFAF756FA202811
:1001D00002D14023C4F8843023689B685B040ED5A9
:1001E000E06F60B100230365F9F736FC38B1E06FCA
:1001F000FAF743FA202802D14023C4F8843020467D
:10020000FFF726FDD4F88400012310F0400014D13C
:10021000C4F8840084F88130002384F8803002B070
:1002200010BD1A69120799D4A4E71A689005A5D4DD
:10023000B0E75A691105B1D4BCE71846EAE70220D5
:10024000EDE700BF0804002008B5806B0023A0F88C
:100250006A30A0F86230012380F8813005F01AFC82
:1002600008BD704703682DE9F0411E6904465F69C7
:10027000996806EA070290F881503F05EDB209D56A
:10028000360707D59A6942F400629A61FFF7E9FFE1
:10029000BDE8F08102F0640002F0450702F0260696
:1002A000042808D0012F11D0022E13D1636F2046ED
:1002B000BDE8F0411847636F20469847236F2046FA
:1002C0009847012F02D0022EE2D1EFE7236F20469C
:1002D0009847F8E7170750D59A6942F008029A61E3
:1002E0009A6942F010029A619A6942F400629A6136
:1002F0001A6922F008021A619A6812F4404F1AD063
:100300002046FFF7D6FC012384F88130D4F88430EE
:1003100023B305F0BFFBBBE7E168626E0F2910D97C
:100320002168096B42F8041B6266B4F86A20013A3E
:1003300092B2A4F86A20B4F86A2092B2002AEBD1F3
:10034000DEE7072903D9198E22F8021BECE72168A2
:1003500091F830101170626E0132E5E7052D02D17F
:1003600005F096FB94E7042D02D105F08FFB8FE793
:10037000032D8DD105F074FB8AE712F4587F87D0E6
:10038000560609D5D4F8840040F00400C4F884006F
:10039000986940F040009861950509D5D4F884002B
:1003A00040F00100C4F88400986940F4007098613E
:1003B000D00509D5D4F8840040F00800C4F88400C2
:1003C000986940F480709861920609D5D4F8842029
:1003D00042F08002C4F884209A6942F020029A61B7
:1003E000D4F88420002A3FF453AF1A6801F4404146
:1003F00022F00102B1F5404F1A601A6922F45A72D4
:1004000022F003021A6122D19A68E06F22F440427E
:100410009A6050B1104B0365F9F73CFD28B1D4F850
:10042000843043F04003C4F88430A06F00283FF4C8
:100430002FAF094B0365F9F72DFD00283FF428AFD6
:10044000D4F8843043F04003C4F8843020E701231B
:10045000204684F881305CE74902050890F8810065
:100460007047D0F8840070470368002273B559695B
:100470000E4C01F400410E4D0E4E586900F4C04080
:10048000084301D102B070BD186B0432A342019041
:10049000D2B2019803D0AB4201D0B34203D1102AAB
:1004A000EBD90320EEE7082AFAE700BF003001404D
:1004B00000380040003C004090F83D30012B33D123
:1004C000022380F83D300368DA6842F00102DA6006
:1004D000164A93421AD0B3F1804F17D0A2F57C424E
:1004E000934213D002F5806293420FD002F58062EE
:1004F00093420BD002F57842934207D0A2F56C42AA
:10050000934203D002F59432934207D19968084A86
:100510000A40062A06D0B2F5803F03D01A6842F09E
:1005200001021A600020704701207047000001405E
:1005300007000100704770477047704770470368B5
:1005400070B5DD6804461E69B2070DD5A9070BD545
:100550006FF002021A61012202779B699A0775D037
:10056000FFF7EAFF00232377730710D568070ED53E
:1005700023686FF0040220461A61022222779B69E9
:1005800013F4407F68D0FFF7D7FF002323773107AC
:100590000FD52A070DD523686FF0080220461A618F
:1005A00004222277DB699B075CD0FFF7C5FF00239D
:1005B0002377F10610D5EA060ED523686FF01002F6
:1005C00020461A6108222277DB6913F4407F4FD05E
:1005D000FFF7B2FF00232377F30708D5E80706D516
:1005E00023686FF0010220461A61F6F7EDF816F461
:1005F000025F08D0290606D523686FF40252204610
:100600001A6100F03CFAF20508D52B0606D52368DE
:100610006FF4807220461A6100F032FA700608D535
:10062000690606D523686FF0400220461A61FFF77D
:1006300085FFB20622D5AB0620D523686FF02002D5
:1006400020461A61BDE8704000F018BAFFF773FF4A
:100650002046FFF772FF85E7FFF76DFF2046FFF7A3
:100660006CFF92E7FFF767FF2046FFF766FF9EE704
:10067000FFF761FF2046FFF760FFABE770BD0000AA
:10068000294A036890421BD0B0F1804F18D0A2F5E0
:100690007C42904214D002F58062904210D002F564
:1006A000806290420CD002F57842904208D002F568
:1006B0007052904209D123F44073CA6813430BE08F
:1006C00023F070034A681343F5E7184A9042F2D0CA
:1006D00002F580629042EED04A6923F08003134312
:1006E00003608B68C3620B6883620F4B98420FD024
:1006F00003F5806398420BD003F57053984207D0FE
:1007000003F58063984203D003F58063984201D1DA
:100710000B690363012343610369DB0703D50369A5
:1007200023F00103036170470000014000440140D1
:1007300010B5044650B390F83D3003F0FF021BB9EA
:1007400080F83C20F7F710FE02232068211D84F872
:100750003D30FFF795FF0123002084F8483084F8EE
:100760003E3084F83F3084F8403084F8413084F8DB
:10077000423084F8433084F8443084F8453084F8BB
:10078000463084F8473084F83D3010BD0120FCE746
:1007900010B5044650B390F83D3003F0FF021BB98A
:1007A00080F83C20FFF7C6FE02232068211D84F854
:1007B0003D30FFF765FF0123002084F8483084F8BE
:1007C0003E3084F83F3084F8403084F8413084F87B
:1007D000423084F8433084F8443084F8453084F85B
:1007E000463084F8473084F83D3010BD0120FCE7E6
:1007F00010B5044650B390F83D3003F0FF021BB92A
:1008000080F83C20F7F7EAFD02232068211D84F8D8
:100810003D30FFF735FF0123002084F8483084F88D
:100820003E3084F83F3084F8403084F8413084F81A
:10083000423084F8433084F8443084F8453084F8FA
:10084000463084F8473084F83D3010BD0120FCE785
:100850000A4310B5846842EA032224F47F44224309
:10086000826010BD38B590F83C3004460220012B60
:1008700000F0A98084F83D000122206884F83C2023
:10088000524B85682B4083600B68702B56D03CD848
:10089000502B66D01DD8402B7CD006D8202B0ED0F4
:1008A0000BD833F010020AD00122012384F83D3026
:1008B000002384F83C30104638BD302BF4D18268D8
:1008C00022F4401222F070021A4342F007028260C2
:1008D00022E0602BE9D1036A026A4D6823F0A0038D
:1008E00022F01002C96843EA05130262826922F409
:1008F000704242EA013282610362836823F440134A
:1009000023F0700343F0670320E0B3F5005F1FD0CE
:1009100004D8B3F5805FC8D10022C6E72C498B42CA
:10092000CDD005D823F01001B1F5801FC7D0BCE7AA
:1009300028498B42C3D010318B42F7E7CB68D1E90D
:100940000121FFF785FF836843F077038360E3E7C6
:10095000CB68D1E90121FFF77BFF836843F4804333
:10096000F4E74A68CD68016A036A21F00A0123F0BE
:1009700001030A430362836923F0F00343EA05138A
:1009800083610262836823F4401323F0700343F011
:100990005703DBE74A68CD68016A036A21F00A0160
:1009A00023F001030A430362836923F0F00343EA5F
:1009B000051383610262836823F4401323F07003FC
:1009C00043F04703C2E7024675E700BF8800CEFF49
:1009D000200010003000100070B590F83C30044644
:1009E0000220012B45D02268224E84F83D00B242FD
:1009F00053680D68906811D006F58066B24216D033
:100A000023F07003B2F1804F43EA0503536017D11E
:100A1000896820F080030B43936024E04E6823F440
:100A20007003334323F070032B435360F0E74E68A9
:100A300023F47003334323F070031D435560E7E74D
:100A40000D4B9A42E4D003F580639A42E0D003F55F
:100A500080639A42DCD003F540639A42D8D003F514
:100A600094339A42D4D00123002084F83D3084F896
:100A70003C0070BD0000014000040040704770471A
:100A80007047026852E8003F23F0C00342E800319B
:100A900002680029F5D102F1080353E8003F23F46E
:100AA000000302F1080C4CE800310029F3D12023A7
:100AB000C0F888307047000010B5026852E8003F67
:100AC00023F4907342E8003102680029F5D10F4CFD
:100AD00002F1080353E8003F234002F1080C4CE800
:100AE00000310029F4D1C36E012B07D152E8003F39
:100AF00023F0100342E800310029F7D12023C0F889
:100B00008C300023C366436710BD00BFFEFFFFEFBC
:100B1000026852E8003F23F0800342E80031026897
:100B20000029F5D152E8003F43F0400342E800318C
:100B30000029F7D17047D0F888200346212A11D127
:100B4000B0F8562092B20AB9FFF7E2BF026D016811
:100B500012F8010B88621A65B3F85620013A92B276
:100B6000A3F856207047D0F888200346212A13D1D5
:100B7000B0F8562092B20AB9FFF7CABF1A6D0068E2
:100B800032F8021BC1F3080181621A65B3F85620DE
:100B9000013A92B2A3F856207047D0F88830212B42
:100BA00010B51BD1B0F86A20C2B1B0F85610036876
:100BB00089B2A1B903F1080252E8002F22F4000221
:100BC00003F1080040E800210029F3D153E8002F89
:100BD00042F0400243E800210029F7D110BDD96955
:100BE00009060AD5016D11F8014B9C62B0F8563028
:100BF0000165013B9BB2A0F85630013A92B2D3E7AF
:100C0000D0F88830212B10B51BD1B0F86A20C2B1C2
:100C1000B0F85610036889B2A1B903F1080252E88E
:100C2000002F22F4000203F1080040E8002100290F
:100C3000F3D153E8002F42F0400243E8002100299D
:100C4000F7D110BDD96909060CD5016D31F8024BF9
:100C5000C4F308049C62B0F856300165013B9BB2B6
:100C6000A0F85630013A92B2D1E70000D0F88830AF
:100C7000202B10B543D1002943D0002A41D0A0F841
:100C800056200023A0F85420426EC0F89030212353
:100C9000B2F1005F0165C0F888300268836819D13D
:100CA000B3F5805F14D10469174B1849002C08BFB5
:100CB0000B46836702F1080353E8003F43F4000347
:100CC00002F1080040E800310029F3D1002010BDF6
:100CD0000D4BEEE7B3F5805F0FD104690C4B0D4966
:100CE000002C08BF0B46836752E8003F43F08003A7
:100CF00042E800310029F7D1E8E7054BF3E702208D
:100D0000E5E70120E3E700BF9B0B0508010C0508A0
:100D1000370B0508670B0508F8B504461346D4F8E9
:100D20008850202D32D1F1B1EAB1A4F85620002626
:100D3000A4F854202122E06FC4F890602165C4F823
:100D40008820226888B1124F2832C763114F076488
:100D5000114FC0E91376F8F789FC30B11023C4F8BD
:100D60009030C4F888500120F8BD402223681A62F0
:100D7000226802F1080353E8003F43F0800302F1C8
:100D8000080141E800300028F3D1EDE70220EBE74D
:100D9000D90F0508211005082D10050810B50446C7
:100DA000226852E8003F23F4F07342E800312368E0
:100DB0000029F5D1384803F1080252E8002F02401B
:100DC00003F1080C4CE800210029F4D1E26E012A5D
:100DD00007D153E8002F22F0100243E80021002938
:100DE000F7D19A6812061BD503F1080252E8002FCA
:100DF00022F0800203F1080040E800210029F3D12D
:100E0000E06F68B10165F8F727FE48B1E06FF9F7C8
:100E100034FC202804D110230320C4F8903010BDE6
:100E2000226893685B0618D502F1080353E8003F77
:100E300023F0400302F1080040E800310029F3D11B
:100E4000D4F8800048B10165F8F706FE28B1D4F85F
:100E50008000F9F712FC2028DDD000230F22A4F82F
:100E60005630A4F85E3023681A62626EB2F1005FF9
:100E700003D19A6942F010029A619A69002042F007
:100E800008029A612023C4F88830C4F88C30E066E8
:100E9000C4F89000C3E700BFFEFF7FEF10B5044623
:100EA000226852E8003F23F0C00342E80031236883
:100EB0000029F5D103F1080252E8002F22F40002C4
:100EC00003F1080040E800210029F3D19A681206D6
:100ED0001BD503F1080252E8002F22F0800203F133
:100EE000080040E800210029F3D1E06F68B10165F6
:100EF000F8F7B2FD48B1E06FF9F7BFFB202804D145
:100F000010230320C4F8903010BD0023A4F85630FD
:100F1000636EB3F1005F04D12268936943F010035C
:100F2000936120230020C4F88830EDE710B5044613
:100F3000226852E8003F23F4907342E800312368AE
:100F40000029F5D1234803F1080252E8002F02409E
:100F500003F1080C4CE800210029F4D1E26E012ACB
:100F600007D153E8002F22F0100243E800210029A6
:100F7000F7D19A6852061DD503F1080252E8002FF6
:100F800022F0400203F1080040E800210029F3D1DB
:100F9000D4F8800070B10165F8F75EFD50B1D4F867
:100FA0008000F9F76AFB202804D110230320C4F83D
:100FB000903010BD236800200F22A4F85E001A6252
:100FC0009A6942F008029A612023C4F88C30E066E6
:100FD000EFE700BFFEFFFFEF08B50346806BDB695C
:100FE000B3F5807F18D00023A0F85630026802F1D4
:100FF000080353E8003F23F08003083242E8003141
:1010000002680029F2D152E8003F43F0400342E871
:1010100000310029F7D108BD05F0C0FBFBE77047A0
:10102000806B08B5FFF7FBFF08BD7047806B38B5D4
:101030000468D0F88830D0F88C50A268120606D523
:10104000212B04D10023A0F85630FFF71AFDA36826
:101050005B0606D5222D04D10023A0F85E30FFF7F1
:101060002BFDD0F8903043F01003C0F8903005F01D
:10107000D9FB38BD08B5806B0023A0F85E30A0F81E
:10108000563005F0CFFB08BD7047000003682DE91E
:10109000F041D96940F60F061A68044631429D684E
:1010A00010D18E0640F1978002F0200605F080579F
:1010B0003E4300F09080436F002B00F08580BDE838
:1010C000F0411847AA4EAB482E401040304300F084
:1010D0008280CF0709D5D00507D501201862D4F842
:1010E000900040F00100C4F890008F0709D5E80790
:1010F00007D502201862D4F8900040F00400C4F82C
:1011000090004F0709D5E80707D504201862D4F8E6
:10111000900040F00200C4F890000F070BD502F0D9
:101120002000304307D008201862D4F8900040F027
:101130000800C4F890000E050AD5500108D54FF4F8
:1011400000601862D4F8903043F02003C4F8903067
:10115000D4F89030002B37D08B0609D502F020024E
:1011600005F080552A4303D0636F0BB120469847A2
:1011700026682046D4F89020B36802F0280203F0D5
:10118000400353EA020521D0FFF796FCB3685F06DF
:1011900017D5226802F1080353E8003F23F040030B
:1011A000083242E800310029F3D1D4F8800040B180
:1011B000714B0365F8F76EFE30B1D4F88000036D13
:1011C0007DE7204605F02EFBBDE8F08105F02AFB07
:1011D000C4F89050F8E7E06E012840F0AE80CE06EB
:1011E00040F1AB80D00640F1A88010221A629A68C4
:1011F00052066ED5D4F8801060480A6882421ED02C
:10120000183082421BD01830824218D018308242E7
:1012100015D01830824212D0183082420FD01830C8
:1012200082420CD01830824209D000F556708242BA
:1012300005D01830824202D018308242FFD0526866
:1012400092B2002AC0D0B4F85C009042BCD9A4F895
:101250005E20CA69B2F5807F2FD053E8002F22F4B8
:10126000807243E800210029F7D103F1080252E817
:10127000002F22F0010203F1080040E800210029BC
:10128000F3D103F1080252E8002F22F0400203F1EB
:10129000080040E800210029F3D12022C4F88C2066
:1012A000E16653E8002F22F0100243E800210029F4
:1012B000F7D1D4F88000F8F7CFFB0223B4F85C1024
:1012C0002367B4F85E30C91A89B22046FFF7DCFE06
:1012D0007AE7B4F85E20B4F85E00B4F85C1092B21D
:1012E00080B200283FF470AF891A89B200293FF418
:1012F0006BAF53E8002F22F4907243E800200028DF
:10130000F7D11F4D03F1080252E8002F2A4003F1E4
:10131000080646E800200028F4D120226067C4F8BF
:101320008C20E06653E8002F22F0100243E80020F2
:101330000028F7D102232367C7E7CF0209D56E0241
:1013400007D54FF4801220461A62BDE8F04100F044
:10135000DDBE080616D502F0800005F4000528431E
:1013600010D0A36F002B3FF42FAF2046A7E600BF9D
:101370000100001020010004751005081000024053
:10138000FEFFFFEF4F0611D556060FD553E8002F8D
:1013900022F0400243E800210029F7D12023204613
:1013A000A167C4F8883005F0F9F90DE70D0206D5FC
:1013B000500004D52046BDE8F04100F0A9BECB01A5
:1013C0007FF502AF002ABFF6FFAE2046BDE8F04130
:1013D00000F09DBED0F88C20B0F86010222A08B52D
:1013E000036855D15B6A826D0B401370836D0133C6
:1013F0008365B0F85E30013B9BB2A0F85E30B0F878
:101400005E309BB2002B42D1026852E8003F23F4C9
:10141000907342E8003103680029F5D103F1080216
:1014200052E8002F22F0010203F1080C4CE80021E1
:101430000029F3D120224167C0F88C20174A0167A8
:10144000934205D1C26E012A0ED005F0B3F91EE019
:101450005A681102F6D553E8002F22F0806243E863
:1014600000210029F7D1EDE70022C26653E8002FE2
:1014700022F0100243E800210029F7D1DA69D206F0
:1014800001D510221A62B0F85C10FFF7FDFD08BD0F
:101490009A6942F008029A61F9E700BF000C00580F
:1014A000D0F88C20B0F86010222A08B5036852D119
:1014B0005A6A1140826D22F8021B8265B0F85E20E4
:1014C000013A92B2A0F85E20B0F85E2092B2002AF3
:1014D00040D153E8002F22F4907243E80021002904
:1014E000F7D103F1080252E8002F22F0010203F1C4
:1014F000080C4CE800210029F3D120224167C0F8F4
:101500008C20174A0167934205D1C26E012A0ED082
:1015100005F050F91EE05A681102F6D553E8002F85
:1015200022F0806243E800210029F7D1EDE7002294
:10153000C26653E8002F22F0100243E80021002980
:10154000F7D1DA69D20601D510221A62B0F85C1020
:10155000FFF79AFD08BD9A6942F008029A61F9E71F
:10156000000C00582DE9F84F03680446B0F860609D
:10157000D3F81CB01F689D68D0F88C20222A40F058
:10158000B980B0F8683043B14FF00008DFF87491CB
:10159000DFF874A11BF0200F20D1B4F85E309BB2AD
:1015A000D3B1B4F868209A4216D9226802F1080330
:1015B00053E8003F23F08053083242E800312268AC
:1015C0000029F2D14E4B636752E8003F43F02003FD
:1015D00042E800310029F7D1BDE8F88F2368A26DF9
:1015E0005B6A33401370A36D0133A365B4F85E30BA
:1015F000013B9BB2A4F85E302368D3F81CB01BF00B
:10160000070F2ED01BF0010F09D0F90507D50122D5
:101610001A62D4F8902042F00102C4F890201BF026
:10162000020F09D0EA0707D502221A62D4F89020E7
:1016300042F00402C4F890201BF0040F09D0E80720
:1016400007D504221A62D4F8903043F00203C4F89C
:101650009030D4F8903023B1204605F0E3F8C4F878
:101660009080B4F85E309BB2002B93D1226852E890
:10167000003F23F4807342E8003123680029F5D14C
:1016800003F1080252E8002F02EA090203F1080000
:1016900040E800210029F3D1202253456167C4F8B6
:1016A0008C2021670AD05A68110207D553E8002F11
:1016B00022F0806243E800210029F7D1E26E012A7E
:1016C00014D10022E26653E8002F22F0100243E812
:1016D00000210029F7D1DA69D20601D510221A6259
:1016E000B4F85C102046FFF7CFFC53E7204605F026
:1016F00061F84FE79A6942F008029A616CE700BF0F
:10170000D5130508FEFFFFEF000C00582DE9F84F38
:1017100003680446B0F86060D3F81CB01F689D6889
:10172000D0F88C20222A40F0B780B0F8683043B15E
:101730004FF00008DFF87091DFF870A11BF0200F68
:1017400020D1B4F85E309BB2D3B1B4F868209A428D
:1017500016D9226802F1080353E8003F23F08053B2
:10176000083242E8003122680029F2D14D4B63670C
:1017700052E8003F43F0200342E800310029F7D14E
:10178000BDE8F88F2368A26D596A314022F8021B28
:10179000A265B4F85E20013A92B2A4F85E20D3F8B4
:1017A0001CB01BF0070F2ED01BF0010F09D0F9055C
:1017B00007D501221A62D4F8902042F00102C4F841
:1017C00090201BF0020F09D0EA0707D502221A6207
:1017D000D4F8902042F00402C4F890201BF0040FCB
:1017E00009D0E80707D504221A62D4F8903043F0F4
:1017F0000203C4F89030D4F8903023B1204605F0AD
:1018000011F8C4F89080B4F85E309BB2002B95D1EB
:10181000226852E8003F23F4807342E800312368D5
:101820000029F5D103F1080252E8002F02EA09026B
:1018300003F1080040E800210029F3D1202253459C
:101840006167C4F88C2021670AD05A68110207D555
:1018500053E8002F22F0806243E800210029F7D1ED
:10186000E26E012A14D10022E26653E8002F22F032
:10187000100243E800210029F7D1DA69D20601D528
:1018800010221A62B4F85C102046FFF7FDFB55E702
:10189000204604F08FFF51E79A6942F008029A61EE
:1018A0006EE700BFA1140508FEFFFFEF000C005813
:1018B000806B08B501230367C36E012B05D1B0F817
:1018C0005C104908FFF7E0FB08BDFFF7AEFBFBE744
:1018D00008B50346806BDB69B3F5807F32D0002307
:1018E000A0F85E30026852E8003F23F4807342E8BB
:1018F000003103680029F5D103F1080252E8002FF6
:1019000022F0010203F1080C4CE800210029F3D178
:1019100003F1080252E8002F22F0400203F1080C04
:101920004CE800210029F3D12022C0F88C20C26E9F
:10193000012A07D153E8002F22F0100243E80021CA
:101940000029F7D100230367C36E012B04D1B0F83F
:101950005C10FFF799FB08BD04F02CFFFBE70000CB
:101960000268044B9A4204D0536903F07F43194341
:1019700051617047000C005803680E4A934215D01D
:10198000D0F88810202913D190F88420012A0FD094
:101990002422C0F888205A6842F400025A600023CA
:1019A000C0F8881080F884301846704701207047CE
:1019B00002207047000C0058D0F88820D0F88C0026
:1019C00010437047D0F890007047000030B50446CF
:1019D0000368C06987B02169A2681D680A4361690C
:1019E0000A439849024329400A43E1681A605A6849
:1019F00022F440520A43A1695A60934A93421CBFA1
:101A0000226A11439A6822F06E4222F430620A433D
:101A1000616A9A60DA6A22F00F020A43DA628B4A3C
:101A2000934211D18A4B5B6D03F03803182B7BD0A6
:101A300039D8082B00F0AD80102B00F08280002BED
:101A400000F0B6800120BEE0824A93420AD1804B6A
:101A50005B6D03F00703052BF4D8DFE803F0A29ACF
:101A600072657A287C4A9342F1D07C4A9342EED048
:101A70007B4A9342EBD07B4A9342D3D07A4A93423B
:101A8000E5D07A4A9342E2D06F4A9342DAD102F526
:101A90000E32936D03F00703052BD3D8DFE803F074
:101AA0008E9BA0A51CB0202B53D0282BCAD1B0F5FB
:101AB000004F52D04FF40040616A6D4A636832F8BB
:101AC0001120B0FBF2F000EB5300B0FBF3F04FF647
:101AD000EF73A0F1100222E06648654B626A656808
:101AE00033F8122005EB4501B0FBF2F39942A9D877
:101AF000B3EB053FA6D8002319462DF0D5FE2A46A4
:101B000009026B0841EA10610002C0184FF000039F
:101B100041F100012DF0C8FE574BA0F540729A42EA
:101B200090D82368D8604DE0B0F5004F484B7ED187
:101B30001A68900667D51B685048C3F3C103D840A4
:101B40000BE0B0F5004F6DD103A8FDF75DFD0498E3
:101B50002CE0B0F5004F4748AED1626A444B616853
:101B600033F812304A08B0FBF3F302EB43034FF6AD
:101B7000EF72B3FBF1F3A3F1100191423FF662AFB4
:101B800023F00F02C3F34203216892B21343CB60E8
:101B900018E0B0F5004F40D16846FDF78BFC019886
:101BA00004E0B0F5004F30D1FCF74AFE50B1D4E765
:101BB000B0F5004F2ED1FCF755FEF7E7FDF768FCB6
:101BC00000288AD100204FF00113A3660023C4E946
:101BD0001D3307B030BD6846FDF76CFC0198EFE798
:101BE00003A8FDF711FD0498EAE71368234813F0F2
:101BF000200F3FF472AF1368C3F3C103D8406CE702
:101C00004FF4004069E71D48A7E7FCF719FE0028DC
:101C1000D8D051E7FCF726FEF9E76846FDF74AFC05
:101C20000198F4E703A8FDF7EFFC0498EFE71A68C2
:101C3000910605D51B681148C3F3C103D8403BE7A3
:101C40000E4839E7F369FFCF000C0058001001403F
:101C5000004402580044004000480040004C00404E
:101C6000005000400014014000780040007C00401B
:101C7000CC10080800093D00FFFC0F000090D003C5
:101C8000836A1A0710B506D50168846B4A6822F486
:101C9000004222434A60DC0706D50168C46A4A68EC
:101CA00022F4003222434A60990706D50168046B8A
:101CB0004A6822F4803222434A605A0706D50168F6
:101CC000446B4A6822F4802222434A60DC0606D52F
:101CD0000168C46B8A6822F4805222438A609906A4
:101CE00006D50168046C8A6822F4005222438A6097
:101CF0005A0610D50168446C4A68B4F5801F22F476
:101D0000801242EA04024A6005D14A68846C22F4D7
:101D1000C00222434A601B0606D50268C16C5368A4
:101D200023F400230B43536010BD2DE9F843DDF885
:101D3000209004460D46174698462268D36935EA36
:101D400003030CBF01230023BB4201D0002022E08B
:101D5000B9F1FF3FF2D000F017FAA0EB08004845B8
:101D600029D8B9F1000F26D021680B685A07E4D5AD
:101D7000802DE2D0402DE0D0CE6916F008060CD0C0
:101D8000082520460D62FEF797FE00230120C4F8C7
:101D9000905084F88430BDE8F883CB691B05CCD51E
:101DA0004FF4006320460B62FEF786FE202384F882
:101DB0008460C4F890300320EDE773B50026044634
:101DC000C0F8906000F0E0F9236805461B681A0728
:101DD0001CD56FF07E4332464FF40011009303464A
:101DE0002046FFF7A2FF88B1226852E8003F23F0A7
:101DF000800342E800310029F6D12023C4F888305E
:101E00000320002384F8843002B070BD23681B686F
:101E10005B0724D56FF07E4300224FF480012046FB
:101E200000932B46FFF781FFC8B1226852E8003FBC
:101E300023F4907342E8003122680029F5D102F1C1
:101E4000080353E8003F23F0010302F1080040E8D3
:101E500000310029F3D12023C4F88C30D0E72023AF
:101E60000020C4F88830C4F88C30E0662067C8E7EA
:101E700010B5044650B3D0F888301BB980F88430D0
:101E8000F4F768FF24232268C4F88830136823F02D
:101E900001031360A36A13B12046FFF7F1FE204649
:101EA000FFF794FD012811D0236820465A6822F4D8
:101EB00090425A609A6822F02A029A601A6842F0A8
:101EC0000102BDE810401A60FFF777BF012010BD86
:101ED00030B5816500238168A0F85C20B1F5805F92
:101EE000A0F85E20436731D10369002B40F2FF1355
:101EF00018BFFF23A0F860300023C0F890302223E1
:101F0000C0F88C30016801F1080353E8003F43F04A
:101F10000103083141E800340368002CF2D1456E1A
:101F20008468B5F1005F016935D1B0F86850954219
:101F300031D8B4F5805F29D1C1B1264A426753E850
:101F4000002F42F4807243E8002121E029B903699F
:101F5000002B14BF7F23FF23CCE7B1F1805FC9D1F1
:101F60000369002B14BF3F237F23C3E71A4A42674C
:101F700003F1080252E8002F42F0805203F10800FA
:101F800040E800210029F3D1002030BD114A42670A
:101F90000029D4D1ECE7B4F5805F16D151B10F4AD6
:101FA000426753E8002F42F4907243E80021002971
:101FB000F7D1E9E70A4A426753E8002F42F02002CE
:101FC00043E800210029F7D1DEE7044A42670029EF
:101FD000F2D0E6E7651505080D170508D5130508C5
:101FE000A1140508D0F88C30202B30B415D1B9B12C
:101FF000B2B100230468C3660A4B9C420AD06368EE
:102000001B0207D554E8003F43F0806344E80035E5
:10201000002DF7D130BCFFF75BBF022030BC70470A
:102020000120FBE7000C005870B51346A0F85C20B7
:10203000002204468165C0F8902022202568C4F85B
:102040008C00D4F88000A0B11C4EC6631C4E066400
:102050001C4EC0E913620A4605F12401F7F706FB9E
:1020600038B110230120C4F890302023C4F88C30FC
:1020700070BD226923683AB153E8002F42F48072A0
:1020800043E800210029F7D103F1080252E8002FAC
:1020900042F0010203F1080040E800210029F3D1D9
:1020A00003F1080252E8002F42F0400203F1080158
:1020B00041E800200028F3D1DAE700BFD118050875
:1020C000B11805082D100508D0F88C30202B30B43D
:1020D00015D1B9B1B2B100230468C3660A4B9C4262
:1020E0000AD063681B0207D554E8003F43F08063C1
:1020F00044E80035002DF7D130BCFFF795BF022032
:1021000030BC70470120FBE7000C00587047704757
:102110007047000010B50320F6F764FDFCF7A6F940
:102120000F49104A8B69C3F30323D35C03F01F03E9
:10213000D8408B6903F00F03D35C0B4A03F01F03F5
:1021400020FA03F31360094B18600F20F6F758FAD2
:10215000044618B9F4F74AFB204610BD0124FBE7FA
:1021600000440258AC1008080C04002008040020A9
:10217000034A044B11681B780B441360704700BF7F
:10218000A431012414040020014B1868704700BFDB
:10219000A431012438B50446FFF7F6FF0546631C59
:1021A0001EBF044B1B78E418FFF7EEFF431BA3424E
:1021B000FAD338BD14040020014B1868000C704796
:1021C0000010005C034A536823F460030343536028
:1021D000704700BF00040058024A136A43F001032D
:1021E00013627047000400582DE9F047054686B099
:1021F0008846FFF7C9FF08218146286800F04AFF9A
:10220000044648BB696C2868090401F009F80446D3
:1022100010BB4FF0FF300823302669460494CDE907
:10222000000302232868CDE902630123059300F02F
:1022300064FE286801F028F8044668B90746064697
:1022400040F22A5A2868436B13EA0A0F436B07D0FF
:102250001A0719D508248463204606B0BDE8F08724
:10226000190308D43CB900F019FE06462868012479
:1022700000F014FE0746FFF787FFA0EB09000130CE
:10228000E0D14FF00044E7E7436B9B0701D5022400
:10229000E1E7446B14F0200401D02024DBE7044B79
:1022A0003FBA36BA8363C8F80070C8F80460D3E751
:1022B0003A0F001810B5044668B1032380F8303097
:1022C000006800F0F9FD2046F5F738FF0020606354
:1022D00084F8300010BD0120FCE70000F0B5044692
:1022E00087B015461E460F4631B9436B43F0006375
:1022F0006363012007B0F0BD90F83030012B4AD164
:10230000AB19016D00228B42426303D9436B43F04A
:102310000073EDE70323694680F8303073020068EC
:10232000C262A26BA362012A4FF0FF32676218BF3C
:102330006D02CDE9002390220223CDE90223002380
:10234000CDE9043300F0D9FD2068C36843F04003B1
:10235000C360012387659E42036511D98223294604
:10236000E36200F0CBFE236880B10C4A9A63636B92
:1023700003436363012384F830300023E362B8E74A
:1023800081232946E36200F09FFEECE7DA6B42F41A
:102390009572DA63AEE70220ACE700BFFF0FE01FE3
:1023A0002DE9F041044686B015461E460F4639B960
:1023B000436B43F000636363012006B0BDE8F08126
:1023C00090F83030012B4AD1AB19016D00228B42BD
:1023D000426303D9436B43F00073ECE703234FF0F0
:1023E0009008694680F8303073020068C262A26BC0
:1023F0002362012A4FF0FF32E76118BF6D02CDE979
:1024000000230023CDE90283CDE9043300F075FDFC
:102410002068C36843F04003C360012387659E4280
:10242000036511D9A0232946E36200F09BFE2368CF
:1024300080B10C4A9A63636B03436363012384F89E
:1024400030300023E362B7E72946C4F82C8000F05F
:102450006FFEECE7DA6B42F48D72DA63ADE70220CF
:10246000ABE700BFFF0FE01F90F83000704710B5DA
:10247000C46E230E0B70C4F30F234B80036F1A0A34
:10248000DBB242EA04624A600B72446F230E4B7265
:10249000836F00201A0E42EA0422CA60C3F303527B
:1024A0000A74C3F30B22C3F346034A820B7501235C
:1024B0004B7510BDC26D0346900F10B50870C2F386
:1024C00083604870C2F301608870C2F30740C8702F
:1024D000C2F30720D2B208714A711A6E100DC8807B
:1024E000C2F303400872C2F3C0304872C2F38030B6
:1024F0008872C2F34030C872C2F300300873002003
:102500004873986B00286BD140F6FC74586E04EA4F
:10251000820242EA90720A61C0F3C2620A75C0F395
:1025200002624A75C0F342528A75C0F38242C0F318
:10253000C230CA75087608690A7E013002F00702C7
:1025400002329040012298640C7A04F00F04A240F9
:10255000DA64520A42431A654FF400725A655A6EA1
:10256000C2F380304876C2F3C61002F07F0288764C
:102570000020CA769B6EDA0F0A77C3F341724A775E
:10258000C3F382628A77C3F38352CA77C3F340529C
:1025900081F82020C3F3004281F8210081F8222035
:1025A000C3F3C03281F82320C3F3803281F82420A2
:1025B000C3F3403281F82520C3F3003281F826208E
:1025C000C3F3812281F82720C3F30122C3F346031A
:1025D00081F8282081F82930012381F82A301BE076
:1025E00001280FD11204B3F8660002F47C120243F2
:1025F0000A610A69013292029A641A654FF4007204
:10260000DA64A9E71A680120044991635A6B42F021
:1026100080525A6383F8300010BD00BFFF0FE01FE7
:10262000F0B5002395B0044600214FF48030CDE989
:102630000433CDE90633FDF73BF9054648B90123DC
:1026400084F830304FF0006363630125284615B0ED
:10265000F0BD7B4E04ABB0FBF6F60798314608960A
:102660008DE803000ECB206800F0FEFB206800F030
:102670001DFC744B74489D4284BF7600B5FBF6F593
:10268000B0FBF5F00130FFF785FD002320680393D0
:1026900000F046FC0546A8B9206800F05BFFB0F1E9
:1026A000004F06D12068E56300F03AFC80B1054692
:1026B00008E00123E3630021206800F0B1FD50B180
:1026C0004FF08055012384F83030636B2B43BBE718
:1026D000E36B012BEFD000214FF6FE765B4F14E049
:1026E000206800F09DFD05460028EBD139462068A2
:1026F00000F092FE0028E3D12946206800F0FAFBA2
:10270000039B0546C10F01330393039BB34201D8DA
:102710000029E5D0039BB34214D8C5F3807500238C
:10272000A563ADF80A30FFF72FFD0546206800F0DD
:10273000C9FB50B94FF08061012384F83030636BDE
:102740000B4381E74FF08075BCE7A36B2068032B38
:102750003DD000F00FFE01460028EDD1206800F0CA
:10276000C9FB0421E066206800F0C4FB0821206753
:10277000206800F0BFFB0C216067206800F0BAFB06
:10278000A36BA067032B22D041F28736BDF80A1055
:10279000206859B3A36B032B19D06164090400F0BE
:1027A00000FE01460028C7D1206800F0A3FB0421E9
:1027B000E065206800F09EFB08212066206800F09C
:1027C00099FB0C216066206800F094FBA066042150
:1027D000206800F08FFB09A9000D20642046FFF758
:1027E00069FE054688B14FF08051A5E70DF10A0159
:1027F00000F06CFE014600289ED1FFF7C5FC401B8F
:10280000B042C3D94FF0004196E7616C20680904DB
:1028100000F0ECFC014600288ED14FF400712068D6
:1028200000F038FC00283FF411AF2368084A9A638F
:10283000636B03436363012384F8303005E700BF13
:1028400000350C00FF340C0010210100000010C105
:10285000FF0FE01F2DE9F04190F8303096B00446AC
:102860000D46032B00F0AB80FFF78EFC00210646DF
:10287000206800F03FFB830100F1A6804021206822
:1028800000F008FC58B1636B636323680125524A6A
:102890009A63636B0343636384F8305082E0616C36
:1028A0002068090400F0BCFC0028ECD140234FF064
:1028B000FF374FF0600C049069462068CDE9007343
:1028C0000223CDE902C30123059300F016FB206823
:1028D00000F00EFD0028D6D106AF23685A6B12F423
:1028E000957F0AD05A6B110771D45A6B920770D436
:1028F0005B6B9B061ED52020C7E75B6B180408D5D1
:1029000007F12008206800F0C9FA47F8040BB84521
:10291000F8D1FFF739FC801B0130DED14FF00040C9
:10292000B3E700F0BBFA47F8040BFFF72DFC801B60
:102930000130F3D02068426B12F48052F1D1069935
:10294000264B8363C1F381132B70C1F340136B706B
:102950000B0A23F0FF0343EA11639BB26B80079BD2
:102960001BBA6B60089BD9B22972C3F30721697245
:10297000C3F303511B0CA972099923F0FF03C8B2DA
:102980000343AB81C1F38523AB73C1F30123EB7325
:10299000C1F3031301F00F012B749DF82B30697400
:1029A000AB7415464FF40071206800F073FB38B12A
:1029B0002368094A9A630123606384F83030012553
:1029C000284616B0BDE8F0814FF400605DE70820AE
:1029D0005BE7022059E700BFFF0FE01F3A0F001826
:1029E000032330B580F8303089B0836B04460D4640
:1029F000032B02D0B1F5004F03D1636B43F080533A
:102A00001EE0B1F5804F23D100210068CDE903110C
:102A100000F070FA800135D403A92046FFF7E4FBEB
:102A200060B9049B590330D5616C2068090400F03B
:102A3000F7FB18B90221206800F00CFC636B03431C
:102A40006363636B43B323683D4A9A63012550E097
:102A5000F1B90068CDE9031100F04CFA820111D4FC
:102A600003A92046FFF7C0FB0028E7D1049BDB0346
:102A70000BD5616C2068090400F0D2FB0028DDD181
:102A80000146D8E74FF40060D8E74FF08060D5E703
:102A9000436B43F00063D3E74FF480300021FCF731
:102AA00007FF002847D0636826490393A368B0FB5B
:102AB000F1F2CDE9043523690693636993420CD2A0
:102AC000A56DB5F5007F08D0B5F5807F29D11BBB7A
:102AD000884202D91C4BB0FBF3F3079308AB0025E7
:102AE00013E9030003AB8DE803000ECB206800F070
:102AF000BBF94FF40071206800F0CCFA30B12368C4
:102B000001250F4A9A63636B0343636301232846DD
:102B100084F8303009B030BD5A00B0FBF2F28A427E
:102B2000D7E70A491BB9884288BF1346D5E75D003D
:102B3000B0FBF5F0F7E7636B43F00063636385E791
:102B4000FF0FE01F80F0FA0200E1F50540787D01FB
:102B5000416C10B509040446006800F0AFFB014663
:102B600028B9206800F0C6F9C0F3432010BD636B9C
:102B7000034300206363F7E770B5044686B018B9D5
:102B80000125284606B070BD90F8303003F0FF02F2
:102B900013B90276F5F75EFA0423204684F8303044
:102BA000FFF73EFD0028EBD101A92046FFF752FEBA
:102BB0000028E5D1A16B9DF8143001299DF815205E
:102BC000DBB2D2B205D1134314BF4FF400704FF4FF
:102BD0008070A0652046E168FFF702FF05460028E7
:102BE000CED1FFF7D1FA06462046FFF7B1FF042801
:102BF00006D100236363E362012384F83030C0E729
:102C0000FFF7C2FA801B0130EED14FF000430325DD
:102C10006363012384F83030B3E77047704770472F
:102C200070470000F7B5C56A04460068436B1B0493
:102C300020D52F071ED5D4E909631F2B18D9351DC0
:102C400006F124072068043500F028F905F8080C7F
:102C5000030A05F8073C030C000E05F8063C05F8CE
:102C6000050CBD42EED1A36A2036203B6662A3620A
:102C700003B0F0BD436BDE0553D54FF4807383631F
:102C8000C36B23F4414323F03A03C363C36B23F0C4
:102C90008053C363C36823F04003C36015F0080387
:102CA0001FD015F0220F08D000F076FA28B1636B20
:102CB00003432046636305F07DFE2368A907694A44
:102CC0009A634FF0010384F830304FF00003E36261
:102CD00003D0204605F04EFECAE7204605F05AFE16
:102CE000C6E72A06C4D515F0220F8362C3620365C6
:102CF00008D000F051FA28B1636B034320466363A8
:102D000005F058FE012315F0300F84F830304FF0F5
:102D10000003E36202D0204605F03CFEAF07A7D0D7
:102D2000D7E7436B5E0427D5290725D5236A1F2BD8
:102D30009ED9E669351D06F1240715F8043C0435D3
:102D400001A92068019315F8072C43EA0223019397
:102D500015F8062C43EA0243019315F8052C43EAC3
:102D60000263019300F09DF8AF42E6D1236A20365A
:102D7000203BE66123627BE7436B13F03A0F436B22
:102D800056D09A0703D5636B43F002036363436B2A
:102D90001B0703D5636B43F008036363436B9F0614
:102DA00003D5636B43F020036363436BDE0603D5F7
:102DB000636B43F0100363632A4B8363C36B23F499
:102DC0009D73C363C36823F04003C360C36A43F4C5
:102DD0000053C362C36843F08003C36000F0DCF9B2
:102DE000636B15F0080143EA000363632368DA6844
:102DF00022F08002DA604FF400629A6308D0012367
:102E000084F830300023E362204605F0D3FD2FE73D
:102E100028067FF52DAF626B002A3FF429AFDA6BED
:102E200022F08052DA631965012384F83030EBE731
:102E3000DA007FF51DAF4FF0805305F02005836366
:102E4000036D20465B0706D415B1FFF7E9FE0FE7D7
:102E5000FFF7E4FE0CE715B1FFF7E1FE08E7FFF727
:102E6000DCFE05E73A0F001884B010B503AC84E827
:102E70000E00039B41681343059A1343069A1343BC
:102E8000079A1343044A0A40BDE81040134304B0B4
:102E900043600020704700BF002CC0FFD0F88000C6
:102EA00070470B68C0F8803000207047036843F01B
:102EB0000303036000207047036823F003030360EB
:102EC00000207047006800F0030070470B6810B5E1
:102ED0008360C468D1E901321343CA6813430A69A5
:102EE0001343034A22401343C360002010BD00BFB8
:102EF000C0E0FEFF1430405870470B6810B54362C5
:102F00004B688362C26AD1E9023422F0FF02234394
:102F10000C69496923430B431343C362002010BD6E
:102F200010B5002386B0044601A9CDE90133CDE9EF
:102F300003334FF480530593FFF7C8FF0A4B4FF458
:102F4000FA521B68B3FBF2F341F288325343013B60
:102F500007D3626B1206FAD5044B0020A36306B0B8
:102F600010BD4FF00040FAE708040020C500200023
:102F70000346444810B500684FF4FA54B0FBF4F02F
:102F8000414C4243002A48D0586B204207D080046D
:102F900005D45A6B540704D50420986310BD013A38
:102FA000F0E75A6BD00703D501229A630120F5E7B9
:102FB000364A9A631A69D2B29142F7D15B693448B2
:102FC00018400028EAD0002B2ADB5A002BD49C00A2
:102FD0002BD4D9002BD41A012CD45C012DD4D901C7
:102FE0002ED41A022FD45C0230D4990231D4DA02E2
:102FF00032D45C0333D4990334D4DA0335D41C04BB
:1030000036D4590437D49A0438D413F0080F0CBFBF
:103010004FF480304FF40000C0E74FF00040BDE7B0
:103020004FF00070BAE74020B8E78020B6E74FF4D1
:103030008070B3E74FF40070B0E74FF48060ADE705
:103040004FF40060AAE74FF48050A7E74FF4005018
:10305000A4E74FF48040A1E74FF400409EE74FF40F
:1030600000309BE74FF4802098E74FF4002095E76D
:103070004FF4801092E74FF400108FE74FF4800078
:103080008CE700BF0804002045002000C500200098
:1030900008E0FFFD30B54FF4807387B0102504467B
:1030A0000022019101A9CDE902534FF48053CDE9EB
:1030B0000423FFF70BFF41F288322946204607B070
:1030C000BDE83040FFF754BF30B54FF4807387B090
:1030D000112504460022019101A9CDE902534FF4C4
:1030E0008053CDE90423FFF7F1FE41F288322946EF
:1030F000204607B0BDE83040FFF73ABF30B54FF487
:10310000807387B0122504460022019101A9CDE900
:1031100002534FF48053CDE90423FFF7D7FE41F269
:1031200088322946204607B0BDE83040FFF720BF6F
:1031300030B54FF4807387B0182504460022019102
:1031400001A9CDE902534FF48053CDE90423FFF7E1
:10315000BDFE41F288322946204607B0BDE8304026
:10316000FFF706BF30B54FF4807387B019250446CA
:103170000022019101A9CDE902534FF48053CDE91A
:103180000423FFF7A3FE41F288322946204607B008
:10319000BDE83040FFF7ECBE30B5002387B00C250A
:1031A0004FF48072044601A9CDE90323CDE901352E
:1031B0004FF480530593C36843F08003C360C36832
:1031C00023F04003C360FFF781FE074A29462046EB
:1031D000FFF7CEFEE368B0F1007F23F0800308BF65
:1031E0000020E36007B030BD00E1F50530B54FF4D5
:1031F000807387B0072504460022019101A9CDE91B
:1032000002534FF48053CDE90423FFF75FFE41F2F0
:1032100088322946204607B0BDE83040FFF7A8BEF7
:1032200030B54FF4807387B03725044600220191F2
:1032300001A9CDE902534FF48053CDE90423FFF7F0
:1032400045FE41F288322946204607B0BDE83040AD
:10325000FFF78EBE30B54FF4807387B00625044665
:103260000022019101A9CDE902534FF48053CDE929
:103270000423FFF72BFE41F288322946204607B08F
:10328000BDE83040FFF774BE30B5002387B033256A
:103290004FF48072044601A9CDE90323CDE901353D
:1032A0004FF480530593FFF711FE41F2883229460F
:1032B000204607B0BDE83040FFF75ABE30B54FF4A6
:1032C000807387B00D2504460022019101A9CDE944
:1032D00002534FF48053CDE90423FFF7F7FD41F289
:1032E00088322946204607B0BDE83040FFF740BE8F
:1032F00030B5002387B00D254FF48072044601A934
:10330000CDE90323CDE901354FF480530593FFF751
:10331000DDFD41F288322946204607B0BDE8304045
:10332000FFF726BE114B4FF4FA5102461B68B3FB60
:10333000F1F341F288314B43013B13D3516B11F050
:10334000450FF9D08904F7D4536B5B0702D50420ED
:1033500090637047506B10F0010014BF0123044BC1
:10336000936370474FF00040704700BF080400208F
:10337000C500200010B5002386B00222044601A932
:10338000CDE901324FF44072CDE903234FF480536D
:103390000593FFF79BFD204606B0BDE81040FFF700
:1033A000C1BF10B5092286B04FF4407304460191A5
:1033B0000021CDE902234FF48053CDE9041301A984
:1033C000FFF784FD204606B0BDE81040FFF7AABF16
:1033D0000F4B4FF4FA5102461B68B3FBF1F341F275
:1033E00088314B43013B0FD3516B11F0450FF9D09E
:1033F0008904F7D4506B10F0040002D004209063CD
:103400007047044B936370474FF00040704700BF14
:1034100008040020C500200010B5292286B04FF412
:103420008073044601910021CDE902234FF48053BB
:10343000CDE9041301A9FFF749FD204606B0BDE818
:103440001040FFF7C5BF000003461E4810B50068D6
:103450004FF4FA54B0FBF4F041F288346043013881
:1034600029D35C6B14F0450FF9D0A404F7D4586B42
:10347000440702D50420986310BD586BC00703D5DC
:1034800001229A630120F7E71869C0B28142F9D19D
:103490000D4999635B6913F4604002D11B0C1380E2
:1034A000EAE75A040AD413F4004F0CBF4FF48030FB
:1034B0004FF48050E0E74FF00040DDE74FF400505C
:1034C000DAE700BF08040020C500200070B5002323
:1034D00086B003264FF4807204460D4601A9CDE95B
:1034E0000323CDE901364FF480530593FFF7EEFC3B
:1034F0002A463146204606B0BDE87040FFF7A4BF1B
:10350000134B4FF4FA5102461B68B3FBF1F341F23F
:1035100088314B43013B17D3516B11F0450FF9D064
:103520008804F7D4536B590702D504209063704781
:10353000506B10F0010002D0012393637047536B6E
:103540005B0603D54023F8E74FF00040704700BF0B
:103550000804002010B54FF4D57286B008234FF44C
:1035600080710446CDE901230023CDE903134FF414
:10357000805301A90593FFF7A9FC204606B0BDE8DA
:103580001040FFF7BDBF0000002373B50193044650
:1035900090F850300D461646012B3ED0012380F89E
:1035A000503000F077FB636D002833D123F488534B
:1035B000226806F0804605F4803523F0020343F0CC
:1035C00002036365164B91680B4033432B4343F072
:1035D000004393609368002B12DA019B013301933F
:1035E0000199104B9942F5D3636D012023F012032A
:1035F00043F010036365002384F8503002B070BDBF
:10360000636D23F0030343F001036365002384F833
:103610005030F3E743F01003F7E70220EEE700BF76
:10362000C0FFFE3F00F8C32530B5CC0D1430C1F308
:103630000451072504F004048D408A40035923EA0D
:1036400005031343035130BD806800F0010070474B
:103650008068C0F3800070470368434A93422DE9B5
:10366000F04104460E461ED002F1C0523F48404988
:1036700002F58642834208BF0A4625699768082DED
:1036800007F01F0724D040F22122FA40D1070CD5C1
:10369000DB6813F0010F1AD0636D012043F02003A3
:1036A0006365BDE8F081324AE7E72F4A93420CD0C8
:1036B00002F1C0522D482E4902F58642834208BFCE
:1036C0000A46936813F4404FE5E7294AF9E70425D1
:1036D000FEF75AFD804623681A682A4225D0626D9B
:1036E00042F400726265DA6812F4406F0FD1627DB5
:1036F0006AB91A6816070AD5626D22F4807262658B
:10370000626DD00403D4626D42F001026265174A13
:10371000934204D140F22122FA40D1071BD5DA6846
:10372000082D1BD11D600020BBE7721CD4D0FEF712
:103730002BFDA0EB0800B04201D8002ECBD12368AE
:103740001B682B40C7D1626D032084F8503042F0D3
:1037500004026265A5E7044AD268E1E75204E2D4B4
:103760000C221A60DFE700BF002002400021024067
:10377000002302400368186C704700000023F7B56F
:103780000193054690F850300E46012B00F09281CF
:103790000122046880F850202046FFF759FF0028D6
:1037A00040F05C810B68002B4FEA936107DBC3F3A9
:1037B000130000286AD18A40E3691343E361726809
:1037C00004F1300C1F2701F01F01900902F01F02C5
:1037D00000F00C00974091405CF8003023EA0703AA
:1037E0000B434CF800302046FFF732FFA36803F08C
:1037F000080303433FD1B26820463168FFF714FF46
:10380000AD4B72691B6803F07043B3F1805FE368EE
:1038100045D1C3F382035B0037699A403168042FB6
:1038200045D004F1600001F0F84150F8273003F072
:1038300000430B43134340F82730727E3169571E13
:1038400050F821307A4223F000437A4143EAC273B0
:1038500040F82130337E316903F1FF3C226901F0E9
:103860001F01DCF1000322F4F04243EB0C03DB0206
:103870008B40134323612046FFF7E6FE00283DD02E
:103880000020002385F8503003B0F0BD93FAA3F375
:10389000B3FA83F3012203F01F039A408CE713F07D
:1038A000100FE368B5D05B0803F00803B4E7236E9C
:1038B0008A0603F0F843B3EB816F03D1236E23F044
:1038C00000432366636E03F0F8439A4203D1636EAC
:1038D00023F000436366A36E03F0F8439A4203D1DA
:1038E000A36E23F00043A366E36E03F0F8439A420D
:1038F000C1D1E36E23F00043E366BCE7F7683368A9
:1039000007F0180C6D4AD4F8C010C3F3130022FA64
:103910000CF221EA00011A400A43C4F8C020684AA8
:1039200097423FD198B99B0E01215A1C02F01F000B
:103930009206814002F0F842092800EB400341EA78
:10394000020129D91E3B1B0543F0007325E093FAC1
:10395000A3F232B1B2FA82F1481C00F01F0009282C
:1039600058D893FAA3F293FAA3F0B2FA82F2B0FA1B
:1039700080F093FAA3F301320130B3FA83F301210B
:10398000920600F01F00013302F0F842814003F07C
:103990001F03114303EB43031B051943B268204681
:1039A000FFF742FE31680029BFF66AAF454B9C42E3
:1039B00049D003F580739C4245D003F1C05342487F
:1039C00003F584439B68FFF73FFE002846D13F483C
:1039D00003F0E072814247D118023FF551AF3A4BF4
:1039E0009C427FF44DAF3A498B6823F0E073134358
:1039F000384A43F400038B60374B1B68B3FBF2F388
:103A000001335B000193019B002B3FF439AF019B15
:103A1000013BF7E7B2FA82F2481C0121013280062D
:103A200002F01F0200F0F840914093FAA3F2B2FABC
:103A300082F2014303236FF01D00013202F01F02E6
:103A400013FB02037FE7254B1E489B68FFF7FCFD35
:103A500002462348FFF7F8FD0243B8D06B6D012002
:103A600043F020036B650CE71E4881420FD1D9015A
:103A70003FF506AF144B9C427FF402AF14498B68AC
:103A800023F0E073134343F080738B60F8E616482D
:103A900081427FF4F5AE5B023FF5F2AE0A4B9C42E9
:103AA0007FF4EEAE0A498B6823F0E073134343F4CE
:103AB0008003EAE70220E7E60010005CFFFF0F004A
:103AC0000000FF470020024000600258000084CB45
:103AD00000630258400D0300080400200023024048
:103AE00000210240000052C70000B8CF026870B544
:103AF00004461046FFF7A8FD08B1002070BD91688C
:103B0000204B194209D0636D012043F01003636517
:103B1000A36D43F00103A365F0E7936823F000432E
:103B200023F03F0343F001039360FEF72DFB23686E
:103B3000154A054693420CD002F58072934202D09A
:103B4000124B9B6803E0124B9B68D906D5D1114EEE
:103B500013E00F4BF5E71046FFF776FD20B99368A9
:103B6000334043F001039360FEF70EFB401B022835
:103B700003D923681B68DA07C5D522681368DB07F9
:103B8000E9D5BAE73F0000800020024000630258F8
:103B900000230240C0FFFF7F3B4B70B50446006826
:103BA000984257D003F1C0533849394A03F5864348
:103BB000884208BF13469E68FFF74AFD0546002865
:103BC0005FD194F85030012B5BD00123204684F85C
:103BD0005030FFF78BFF002850D1636D06F01F01B6
:103BE0002A4A23F4706323F0010343F4807363656E
:103BF0002368934230D189BBA2F58072656D25F4AC
:103C000080156565656D15F4805502D0A56D25F0AC
:103C10000605A5651C2593421D604FF0000584F83C
:103C2000505005D040F2212525FA01F1C90717D5DA
:103C3000DA68920105D5626D22F4405242F4805256
:103C400062659A6822F0004222F03F0242F00402CC
:103C50009A6070BD0E4BAEE71A46CFE70A4AD1E72D
:103C6000636D43F480136365D3689B01F1D5636D85
:103C700023F4405343F480536365EAE784F85050DB
:103C8000E7E70220E5E700BF0020024000210240F4
:103C90000023024038B5036804469A681846910725
:103CA00003D5FFF7D1FC00202BE0FFF7CDFC002867
:103CB000F9D09A6802F00D02012A19D19A6822F00F
:103CC000004222F03F0242F002029A6003221A6090
:103CD000FEF75AFA054623689B68DB07E3D5FEF733
:103CE00053FA401B0228F6D923689B68DA07F2D5FD
:103CF000636D012043F010036365A36D43F001037E
:103D0000A36538BD38B5494A05460368934203D0D8
:103D100002F58072934215D1454B9B6813F4403FE6
:103D200022D0FAF76BFD6B680446B3F5003F05D06F
:103D3000B3F5403F08D0B3F5803F06D11B0CB4FB70
:103D4000F3F402E03B4BE8E78408FEF735FA41F272
:103D5000030398422B6858D8374A94424AD99A6844
:103D600042F480729A604AE04FF400200021FBF791
:103D70009FFD6B680446B3F5101F37D01DD8B3F50F
:103D8000E01F31D014D8B3F5801F08D00AD8B3F59E
:103D9000002F04D023F40022B2F5802FD5D19B0C44
:103DA0005B00CCE7B3F5A01FF9D0B3F5C01FF5E772
:103DB000B3F5001FC9D14409C7E7B3F5201F17D0D9
:103DC000B3F5301FC1D1FEF7F7F941F20303984272
:103DD00010D91A4BB3EB142F12D22A68936823F42C
:103DE000407343F4807309E00409AEE78409ACE74B
:103DF000C409AAE72A68936823F48073936038BDE6
:103E00002A68936823F44073F8E70C4A9442F7D980
:103E10000B4A9442E1D90B4A94429A6896BF22F425
:103E2000407242F4407242F400729BE7002002406C
:103E30000023024000630258002D310121BCBE0066
:103E400041787D0181F0FA02002373B504460193A5
:103E5000002800F0F080456D25B9F2F72FFFA56529
:103E600084F8505023689A68900005D59A6822F02B
:103E7000204222F03F029A609A68D10040F19D8072
:103E80009A68D20000F1AF80626D012542F0100205
:103E90006265A26D42F00102A2651846FFF7D8FBE9
:103EA000626D02F01002024340F0C180626D18465C
:103EB00022F4817242F002026265FFF7C5FB80B90D
:103EC0005E4E5F49B34202D08B4240F08E805B4829
:103ED000FFF7BAFB02465A48FFF7B6FB024300F071
:103EE0009280FEF769F941F20303A2689842217FAC
:103EF000607D236B40F28D80102A40F08A800A0496
:103F000042EA4032134343F01C03012902BF226AF4
:103F100002F1FF3243EA4243626A22B102F478724C
:103F2000A16A0A43134322684649D06801401046FB
:103F30001943D160FFF78CFB936803F00803034338
:103F400027D1D368217D23F4804323F0030343EA80
:103F50008133E16A0B43D36094F83830012B5ED192
:103F6000E36B1069591ED4E91036334343EA014329
:103F7000A16C0B43344901400B4343F0010313612F
:103F800020461369616B23F070430B431361FFF705
:103F9000B9FEE3682268012B45D1116BA36921F0BA
:103FA0000F01013B0B431363636D23F0030343F0E5
:103FB00001036365284602B070BD9A68234922F068
:103FC000104222F03F0242F080529A60204A12686A
:103FD000B2FBF1F201320192019A002A3FF450AF94
:103FE000019A013AF7E7002557E71A48FFF72CFB3B
:103FF00000287FF476AF184A9368616823F47C1335
:104000000B4393606DE7B34201D08B42F3D1134A67
:10401000F2E7134343EA403343EA014375E7136988
:1040200023F00103ABE7136B23F00F03BBE7636DD2
:1040300043F0100363650125BCE700BF0020024088
:104040000021024003C0F0FF1EF800FC400D0300F9
:104050000804002000600258006302580023024058
:10406000064B82B01868002382B2000C62F30F0383
:1040700060F31F43184602B0704700BF34110808B0
:10408000014B1868704700BF30110808044A00202F
:10409000137923F001031371024B1860704700BFBE
:1040A00054320124B4190124A0B10D4B1B799B0794
:1040B00013D50C4BD3F80023110A02714171D3F8C8
:1040C00004331A0E0370C2701A0C82701A0A4270FE
:1040D000002070476FF0040070474FF0FF307047CA
:1040E000543201240080024060B1094B1B799B07C8
:1040F0000BD58288074BC3F8002302680020C3F861
:10410000042370476FF0040070474FF0FF30704792
:1041100054320124008002406FF0030070476FF0BA
:104120000300704708B513460A4601460448006A72
:10413000F6F786FF003818BF0120404208BD00BFD7
:104140005432012413B514460A460146064801AB11
:10415000006AF6F748FF18B9019B238002B010BD32
:104160004FF0FF30FAE700BF5432012470B52D4DF7
:104170000C462B799B074CD5431E052B4CD80328A6
:1041800033D0062839D001282DD12749286AF6F7DF
:1041900087FF2649286AF7F7D5F914F0030303D0FF
:1041A000012B3CD14FF480431F49204E4B6114F04A
:1041B0000403286A18BF4FF400538B61C4F3001343
:1041C0000B77C4F340130B71C4F3C0137372C4F3C1
:1041D0000023C4F3402473713470F7F727F8314695
:1041E000286AF7F781F9002070BD286A11B1F6F747
:1041F00033FDF8E7F6F771FDF5E70029F3D08AB251
:1042000011F48031286A18BF4FF48031F7F7CDF9E7
:10421000E9E74FF0FF30E7E76FF00400E4E76FF005
:104220000300E1E754320124F0310124E03101249C
:1042300013B5054C01A9206AF6F7BBFD10B9A069BA
:1042400002B010BD0020FBE75432012438B50C4603
:1042500030B10D4D2B799A0709D44FF0FF3005E0AE
:1042600071B9094B1B799B07F7D5204638BD6969A1
:104270000029FAD0224628F04BFC00236B61F4E7BA
:104280006FF00400F2E700BF54320124F8B50D4688
:104290001646014658B355B3194C23799B0729D5C7
:1042A000E36873B9174A906A871D52F82720D268CD
:1042B000002A22DB4FF4BF67134A236107FB002269
:1042C000A260A0682A46184428F022FCE36816F091
:1042D00001061D44E56001D00020F8BD0B490C4BE0
:1042E0000848C1E90153F6F738FDE660F4E76FF0DE
:1042F0000400F2E74FF0FF30EFE76FF00100ECE76A
:1043000054320124B41901243C1C0020A83101249A
:104310005C32012410B520B102280CD06FF00300EC
:104320000FE0104803686BB90F4A137923F00203BA
:104330001371002005E00C4C2379DA0705D44FF007
:10434000FF3010BDF6F77DFCEEE79B07F1D4054882
:10435000F6F7ACFF0028F2D12379E06043F00203C6
:104360002371E6E7B41901245432012470B5144BCB
:104370000126144C0546342200212360124B26727C
:10438000E360124B23614FF4BF636361104B6360C2
:10439000104B184627F083FD21220F4B002140F8D7
:1043A000042C4FF4403202611C22184627F077FD9E
:1043B000021FC46140F8045C0020167170BD00BF8C
:1043C00000800240B4190124DC1B00207C1B00206B
:1043D000E4100808AC31012458320124F0B508B9C2
:1043E000002976D13E4B1B799B0775D53D4B9A68CA
:1043F00022F4806222F004029A6000221A615A615B
:1044000069B9C3F80813C3F80C13C3F81013C3F841
:104410001413C3F81813C3F81C130020F0BD8488CC
:10442000012944F00044C3F808430468C3F80C436E
:1044300008D1C3F81023C3F81423C3F81823C3F812
:104440001C23EAE74489022944F00044C3F81043DE
:10445000D0F80640C3F81443EFD0028A033942F083
:104460000042C3F81823C268C3F81C23D5D0123009
:104470001D4E012504464FF0FF32063014F8017B33
:1044800097FAA7F77A400827002A4FEA4202B8BFF6
:104490007240013FF8D18442F0D1D443002C4FEA5E
:1044A000946210DA02F01F025C6905FA02F22243FC
:1044B0005A610139DED10B4A936843F4806343F0BB
:1044C00004039360A9E71C6905FA02F222431A610A
:1044D000EFE76FF00400A1E74FF0FF309EE700BF69
:1044E0005432012400800240B71DC1046FF0030064
:1044F0007047000008494FF4BF6210B54C79631C47
:1045000004FB0222054CDBB22244042B026028BFCC
:1045100000234B7110BD00BF543201241C34002015
:104520000149C1E90523704754320124024B1B683D
:104530000BB102201847704754320124024B1B680C
:104540000BB101201847704754320124024B1B68FD
:104550000BB10420184770475432012420B18369FD
:10456000B3F5804F02D1890008467047B3F5005F6C
:1045700008BF4900F8E7000038B5134D0C46114656
:104580006B69DA031BD5FFF7E9FF40EA0403DB069A
:1045900017D124F01F031F34E41A044424F01F042D
:1045A000002C0CDDBFF34F8F1C44C5F8683220335C
:1045B000E21A002AF9DCBFF34F8FBFF36F8F01209F
:1045C00038BD0020FCE700BF00ED00E0064B82B0E4
:1045D0001868002382B2000C62F30F0360F31F43DC
:1045E000184602B0704700BFE0110808002070476D
:1045F0000020024B1860024B18727047A41B012464
:1046000078320124014B5868704700BF783201248A
:1046100010B5344C2046F9F705FC28285FD0D4E9C2
:104620000E233BB91AB192F83530022B2FD0638D8F
:104630009BB250E093F835100229F3D11B682A4948
:104640008B421ED018318B421BD018318B4218D0B0
:1046500018318B4215D018318B4212D018318B4251
:104660000FD018318B420CD018318B4209D001F594
:1046700056718B4205D018318B4202D018318B42D3
:10468000FFD05B683AB392F83510022923D1136842
:10469000154A93421ED0183293421BD018329342CF
:1046A00018D01832934215D01832934212D01832D3
:1046B00093420FD0183293420CD01832934209D053
:1046C00002F55672934205D01832934202D0183246
:1046D0009342FFD05B68054A1069C01A10BD4FF0C5
:1046E000FF30FBE7A41B01241000024078320124B4
:1046F0002DE9F8430D460646002842D0002940D057
:10470000B1F5803F31D2234C1FFA81F9676817F069
:10471000010739D1DFF880804046F9F783FB28286C
:1047200023D1636843F001036360636867F3451353
:104730006360636867F3C30363602023D8F83800BD
:1047400023722561A8B12A463146FFF715FF80B1D3
:104750004FF080734A4631464046F8F7E3F90128A6
:1047600015D163686FF3000363604FF0FF30BDE85D
:10477000F8834FF080734A4631460748F8F770F9DE
:10478000EDE76FF00400F2E76FF00100EFE70020C3
:10479000EDE700BF78320124A41B01242DE9F34189
:1047A0000F46002964D0002A62D020F40441B1F5FC
:1047B000806F5DD2B2F5803F04D34FF0FF3002B07E
:1047C000BDE8F0812D4C1FFA82F86168C90752D408
:1047D0002B49C0F30906C8680128606840F0010051
:1047E00008BF76006060606840F00200606060684A
:1047F0006FF38200606060686FF34510606060680E
:104800006FF3041060602261DBB1257A15F040057A
:1048100021D1237A43F040032372886B00B33946D9
:10482000FFF7AAFEE0B143463A46314614480095E8
:10483000F7F754FF0028C2D063686FF3000363608A
:10484000BBE7237A5B0608D5237A4FF42A4503F0A9
:10485000BF032372E1E7AA25DFE74FF00075DCE72D
:1048600043463A46314600950548F7F7C3FEE1E76F
:104870006FF00400A3E76FF00100A0E77832012495
:10488000A41B0124012838B553D0022826D018BB18
:104890002948F7F796FE10B14FF0FF3038BD274B8F
:1048A0005A6860F300025A605A6860F341025A6025
:1048B0005A6860F382025A605A6860F3C3025A6011
:1048C0005A6860F304125A605A6860F345125A60DD
:1048D0001A7A02F0FD021A720020DFE7174C237AE1
:1048E000DA07D9D5237A9B07F6D4134D2846F7F774
:1048F00013FE0028D0D14FF480512846F9F79AFAD8
:1049000001460028C8D12846F9F7BAFA0028C3D1D1
:10491000EB6B1BB1237A43F010032372AB6B1BB11B
:10492000237A43F008032372237A43F002032372AD
:10493000D2E76FF00300B1E7A41B01247832012411
:1049400070B50D4C0546217A11F0010111D10B4BC8
:1049500001260B4A201D9960C3E900211022C3E9FA
:104960000361C3E90511C3E9071127F098FA25602F
:104970002672002070BD00BF78320124A41B0124E0
:10498000005800402DE9F04F8C4C99B00D46237A29
:104990009F0738D5431E032B35D8DFE813F00400FA
:1049A00022002101800131B98548F8F79BFA0020E7
:1049B00019B0BDE8F08F11F4806FC1F3C0334FEA36
:1049C00041057F4C18BF0220DB04C5F30905E060F8
:1049D0002046E361A560F7F79FFD2046F8F76EFAE1
:1049E000E5E7784C636D13F4405311D1F9F706FFF6
:1049F000E3695E060AD5E2690223C2F3011293401D
:104A0000B0FBF3F088B94FF0FF30D1E70123F7E7AF
:104A1000B3F5805F04D113A8FAF7F6FD1598F1E716
:104A2000B3F5005F40F0AB806748013D022D00F216
:104A30006781664B4FF0100BDFF8A09153F82530DB
:104A4000634A09EB530152F82520B1FBF3F30793B6
:104A500009EB500394681169B3FBF0F3091B9BB297
:104A6000D068A1EB830121EAE17102915168014410
:104A700058000F9003EB4300091A84464FF6FF706D
:104A800021EAE17103915169611808916FF0706139
:104A9000CDE9050107984FF000080F99ACEB000035
:104AA000ACEB010110904FF07040049100FB0BF053
:104AB00011900898049CA04249D80020824600909A
:104AC000039850453BD80298504538D3106850247D
:104AD00004FB00F56424B9FBF0F0B5FBF4F50A9093
:104AE0000024906901940B906046B9FBF5F5099597
:104AF000019C0B9D0E940134A84201944AD3B3EB60
:104B0000900F47D2D56966464FF0000E0C95109D68
:104B100005440C9FCDF834E00EF1010EBE4234D3B3
:104B20009E4232D937180A9CA7422ED33C46099F91
:104B3000BC422AD8002D28DB0598A84230DC00981A
:104B40008A4400F58030B0F5801F0090B8D10498F9
:104B500008F580180844B8F1807F0490A9D1BBF112
:104B6000010B9C4496D11B4B1A6822F001021A607B
:104B7000069A1A611A6842F001021A6017E7B3F543
:104B8000405F7FF440AF14484FE7BEF5807F0E448E
:104B90000D44BED1019C0844B4F5807FA8D1CEE776
:104BA000A8B2009C0590119840EA080020430E9C92
:104BB00020430D9C40EA04200690C0E7783201248F
:104BC000A41B0124004402580090D003441108089B
:104BD000381108080058004000093D0000CA9A3BFF
:104BE000012511231027202613A947481397CDE943
:104BF000143500231693F7F753FA13A94248139676
:104C0000F7F74EFA2A4639463F48F7F7E1FB2A46BE
:104C100031463D4809253C4EF7F7DAFB0220FDF707
:104C2000B9FA20213046F7F7CDFB012820D1202109
:104C30003548F7F7C7FB12230026042714931023E7
:104C400013A9054630481393169615961797F7F74C
:104C500027FA202313A92C48139315961797F7F7D3
:104C60001FFA2368BBB9681E18BF4FF0FF309FE6DC
:104C7000012210213046F7F7ABFB0120FDF78AFA3D
:104C8000002210213046F7F7A3FB0120FDF782FA3E
:104C9000013DC6D1CBE74FF480709847E3E71B4D49
:104CA0002846F9F7C2F820281DD12A68536843F432
:104CB0000043536063686FF30003636063686FF3DE
:104CC0004103636063686FF38203636063686FF33B
:104CD000C303636063686FF30413636063686FF317
:104CE0004513636063E6002328466372084B5968E6
:104CF000C1F30901F8F712F9637A002BFCD0D9E768
:104D00006FF0030054E600BF001C0258A41B0124EE
:104D10000058004038B5114D0C4611466B69DA0356
:104D20001BD5FFF71BFC40EA0403DB0615D124F07A
:104D30001F031F34E41A044424F01F04002C0CDD6C
:104D4000BFF34F8F1C44C5F85C322033E21A002AAF
:104D5000F9DCBFF34F8FBFF36F8F38BD00ED00E07C
:104D6000084B5B69DB0310B50C46114608D5FFF70D
:104D7000F5FB044314F01F0F14BF0020032010BDE7
:104D80000120FCE700ED00E070B50A46054600286A
:104D90003FD000293DD0B1F5803F02D34FF0FF3026
:104DA00070BD204C8EB26368C3F3000013F00103A2
:104DB00032D16168E56041F001016160616863F3CF
:104DC00045116160616863F3C30120236160237250
:104DD000154B2261A072D86B18B12946FFF7C0FFAE
:104DE000A072A37A6BB14FF08073324629460E4809
:104DF000F7F7B0FF012812D163686FF30003636017
:104E0000CCE74FF08073324629460748F7F740FF5A
:104E1000F0E76FF00400C3E76FF00100C0E7002087
:104E2000BEE700BF78320124A41B01242DE9F34121
:104E30000F4620F40441B1F5806F5FD2B2F5803F98
:104E400041D2314C1FFA82F86168C90759D42F4901
:104E5000C0F30906E760C8680128606840F00100F7
:104E600008BF76006060606840F0020060606068C3
:104E700040F00400606060686FF345106060606837
:104E80006FF304106060226113B3257A15F04005BA
:104E900028D1237A43F0400323720023C86BA37206
:104EA00018B13946FFF75CFFA072A37A0095F3B101
:104EB00043463A4631461548F7F72AFD28B163685C
:104EC0006FF3000363604FF0FF3002B0BDE8F08184
:104ED000237A5B0608D5237A4FF42A4503F0BF03F3
:104EE0002372DAE7AA25D8E74FF00075D5E74346E5
:104EF0003A4631460548F7F7B9FCDFE76FF00400A2
:104F0000E3E76FF00100E0E778320124A41B0124FD
:104F10000268064B9A4208D1054B5A686FF30002AB
:104F20005A601B680BB101201847704700580040B9
:104F30007832012402680E4B9A4210B513D10D4C01
:104F4000A37A032B05D10C4B2269E168D86BFFF7DC
:104F5000E1FE63686FF300036360236833B10120EF
:104F6000BDE81040184700239B6AFFDE10BD00BF5C
:104F70000058004078320124A41B012400681C4B17
:104F8000984210B527D11B4C63686FF341036360EF
:104F9000237A13F020030FD1F1B96368082043F09E
:104FA000040363602AB9636840F0200043F00803FB
:104FB0006360236803B19847227A0F4B92061B68FF
:104FC00010D45A6842F400425A601A6842F0B8029B
:104FD0001A600822DA6110BD6168042063F382015F
:104FE0006160DFE7626842F001026260F1E700BFE2
:104FF0000058004078320124A41B0124026808B53F
:105000000B4B9A4212D10B4B1A7A02F0DF021A7242
:105010005A686FF300025A601B680BB10120984771
:10502000054B1A68136843F0B803136008BD00BF4E
:105030000058004078320124A41B0124026838B5CE
:10504000104B9A421BD1104C104DA37A032B04D164
:105050002269E168E86BFFF75DFE237A03F0DF0366
:10506000237263686FF30003636023680BB1012050
:1050700098472A68136843F0B803136038BD0023CB
:105080009B6AFFDE0058004078320124A41B0124F3
:105090000268034B9A4202D10248F7F70FBF7047EC
:1050A00000580040A41B012410B50446F8F7C0FEC8
:1050B000154B02462168994224D110F0010F134B81
:1050C0001ED05968832041F020015960910705D511
:1050D000596840F0400041F010015960520706D570
:1050E000628D92B21AB9228D0AB140F010005A684E
:1050F0006FF300025A601B6823B1BDE810401847E7
:105100000320E3E710BD00BF0058004078320124BF
:105110000268034B9A4202D1024B01225A72704735
:1051200000580040783201243E4B984211D13E4B4A
:10513000D3F8982042F48052C3F8982000BF00BFF3
:1051400000BF00BFD3F8982022F48052C3F8982003
:105150007047364B984211D1334BD3F8902042F42C
:105160008042C3F8902000BF00BF00BF00BFD3F84B
:10517000902022F48042C3F8902070472C4B984234
:105180000FD1294BD3F8902042F40042C3F890206D
:1051900000BF00BF00BF00BFD3F8902022F4004240
:1051A000E9E7244B98420FD11F4BD3F8982042F4E3
:1051B0000052C3F8982000BF00BF00BF00BFD3F863
:1051C000982022F40052C1E71B4B98420FD1164B96
:1051D000D3F8982042F48012C3F8982000BF00BF93
:1051E00000BF00BFD3F8982022F48012AEE7134B23
:1051F000984212D103F50C33D3F89C2042F02002E0
:10520000C3F89C2000BF00BF00BF00BFD3F89C20A4
:1052100022F02002C3F89C20704700BF00BF00BFEF
:1052200000BF704700300140004402580038004081
:10523000003C004000340140005001400014005880
:1052400020B18369B3F5804F02D1890008467047C9
:10525000B3F5005F08BF4900F8E70000064B82B0D5
:105260001868002382B2000C62F30F0360F31F433F
:10527000184602B0704700BF341208080A20704771
:105280000A4B187A10F0010007D0094BB3F86800F8
:1052900020B1B3F86A309BB2C01A7047B3F860000F
:1052A0000028FAD0B3F86230F5E700BFA03201243D
:1052B0009C29012470B50D46064618B311B3134856
:1052C000FBF7CCF8052813D8012818D8A0B1104B4B
:1052D0000024AAB231460D489D60DC60FAF734FE26
:1052E00002280CD000F0FD00012805D0204605E082
:1052F000831FDBB2012BEAD84FF0FF3070BD6FF097
:105300000100FBE76FF00400F8E700BF9C290124CF
:105310008C32012438B50F480025FBF7A2F804466B
:105320000C48FBF79BF805280FD8012894BF0020F4
:105330000120C4F3800304F0010440EA430040EA82
:10534000840060F30705284638BDC31F5842584102
:10535000EFE700BF9C290124FFF7DCBF38B50D4DF6
:105360002C7A14F0010412D11422286021460A4834
:1053700026F095FD094B0A4AA3F86A401A60A3F883
:105380006840A3F86240A3F8604001232B7200201C
:1053900038BD00BFA03201248C3201249C29012495
:1053A000003001404FF480500021FAF781BA00002C
:1053B0002DE9F041964F86B005460E463B7A9B0795
:1053C00004D44FF0FF3006B0BDE8F081C4B2142C15
:1053D0000AD1904C2046FAF7A3FE0023A4F86830C7
:1053E000A4F860300020EEE78A48FBF737F805287C
:1053F00004D8012804D96FF00100E4E70728FAD0A7
:10540000132C00F2DF81DFE814F02A007000140092
:1054100073003100DD01DD01DD01DD01DD01DD01B4
:10542000DD01DD01DD01DD01DD01350042004B0064
:105430004E0000220023774C0021C4E9012305F42B
:10544000E0636162B3F5007F00F0868053D8002BE3
:105450005BD0B3F5807F5BD06FF00700B3E76D4B97
:105460001A68136823F001031360BBE700224FF4AE
:10547000C023E0E7FFF796FF00231A46013320FA26
:1054800003F18E4280F0BA81082BF6D199E7FFF73D
:1054900089FF614B9B68C3F302730133D84092E7E5
:1054A0005E4B1E829EE77B68DAB2012A0DD103F4BF
:1054B000C013B3F5002F84D12EB94FF48061584842
:1054C000F6F786FF8EE70022F7E7022A7FF479AF2E
:1054D0009C027FF576AF504B012E1A680CBF22F468
:1054E000805242F480521A607CE74FF48002A1E7B8
:1054F0004FF48002BBE7B3F5407F31D0B3F5806F46
:10550000AAD14FF40023636206E06361236103E0E4
:105510004FF08073C4E9041305F47C33B3F5903F76
:1055200000F0AB8047D8B3F5304F00F0A88028D802
:10553000B3F5E04F00F0A58016D8B3F5A04F00F00A
:10554000A280B3F5C04F00F0A080B3F5804F00F00B
:105550009E806FF0080036E761614FF00073D5E779
:105560004FF080736361F8E7B3F5104F00F091805E
:10557000B3F5204F00F08F80B3F5004FE9D107233A
:1055800057E0B3F5704F00F088800CD8B3F5504F5A
:1055900000F08580B3F5604F00F08380B3F5404F95
:1055A000D7D10B2345E0B3F5803F7CD0B3F5883FDE
:1055B000CFD110233DE0B3F5D03F76D019D8B3F565
:1055C000B03F74D00AD8B3F5A03F72D0B3F5A83F6E
:1055D00071D0B3F5983FBCD112232AE0B3F5C03F98
:1055E0006BD0B3F5C83F6AD0B3F5B83FB1D116233D
:1055F0001FE0B3F5F03F64D014D8B3F5E03F62D0BC
:10560000B3F5E83F61D0B3F5D83FA2D11A2310E03B
:10561000A03201249C290124003001408C32012455
:1056200000180258B3F5F83F51D0B3F5003F90D1C0
:105630001F23E360C5F30533102B4AD8082B8CBF1A
:105640000223012375494FF000084B60C5F38043E6
:10565000C4F83480DB052362002A00F0908005F452
:10566000C013B3F5801F7DD035D8002B5DD0B3F5C6
:10567000002F6AD06FF00A00A5E61123D9E70A23AC
:10568000D7E70623D5E70423D3E70523D1E7032390
:10569000CFE70823CDE70923CBE70E23C9E70C2387
:1056A000C7E70D23C5E70F23C3E71923C1E7152378
:1056B000BFE71323BDE71423BBE71723B9E718237C
:1056C000B7E71D23B5E71B23B3E71C23B1E71E2370
:1056D000AFE70423B6E7B3F5C01FCBD100234FF4E7
:1056E000806002224FF00108A361CDE90333052356
:1056F000CDE9010205936368B3F5800F19D04FF02F
:10570000004347486365FAF75BFB00287FF459AE16
:10571000B8F1000F03D001A94248F6F7C1FC3B7A6B
:105720007D6043F004033B725CE64FF08062984674
:10573000A261FFF737FE00221346013220FA02F180
:105740008E4242D2082AF7D13BE64FF080634FF4F5
:105750008061A3610123CDE90388CDE901134FF0F6
:105760000108E6E74FF000534FF48062A361022383
:10577000CDE901230523CDE903880593EFE7AB02CB
:10578000ACD54FF080634FF480612648A361F6F7F3
:105790007DFDB0E70023E361B1E74FF08053FAE706
:1057A0004FF00053F7E74FF04053F4E74FF08043DA
:1057B000F1E74FF0A043EEE74FF0C043EBE74FF0C7
:1057C000E043E8E76FF00300FDE55A1CD040864255
:1057D000FFF4F7AD013B062BDCD801A252F823F011
:1057E0009B570508A1570508A7570508AD57050899
:1057F000B3570508B9570508BF570508531CD840CB
:105800008642FFF4DEAD06481207C261FAF7D8FA05
:10581000003818BF01204042D5E500BF8C3201247A
:105820009C2901240018025870B51E4D04462B7A9D
:10583000D90733D540B1022821D0012814BF6FF019
:1058400004006FF0030070BDFFF764FDC2070AD5C6
:105850002B7A9B0707D5144E3046FAF761FCA6F861
:105860006840A6F860401148FFF75EFC0E48FAF762
:1058700053FB2B7A23F002032B720020E3E713F093
:105880000201FAD10A4A43F00203074811822B723F
:10589000F2F77EFC0548FFF747FCEEE74FF0FF30DC
:1058A000D1E700BFA03201249C290124003001402F
:1058B0008C32012410B5064C237A9B0702D50020B8
:1058C000FFF7B2FF0020034B2072186010BD00BF2D
:1058D000A03201249C290124FFF7A6BF02681D4BBA
:1058E0009A4270B531D11C4C638A032B24D11B4DD5
:1058F0006B69DA0320D51A4B2268B3F86810D86FA9
:10590000FFF79EFC40EA0203DB0615D122F01F03DD
:105910001F32D21A024422F01F02002A0CDDBFF30C
:105920004F8F1A44C5F85C322033D11A0029F9DCB4
:10593000BFF34F8FBFF36F8FA368E360094B1B6802
:1059400033B10120BDE87040184700231B69FFDE1A
:1059500070BD00BF003001408C32012400ED00E03A
:105960009C290124A0320124F8B50D4616460746AD
:1059700038B331B32AB31448FAF770FD052816D8A6
:1059800001281BD8B8B1114B00242A4639461D60A6
:105990009E60DC605C82B3B20B48FAF737FB0228EA
:1059A0000CD000F0FD00012805D0204605E0841F42
:1059B000E4B2012CE7D84FF0FF30F8BD6FF00100E2
:1059C000FBE76FF00400F8E79C2901248C320124E6
:1059D00070B50E46054600283AD0002938D01E483A
:1059E000FAF73CFD052822D8012827D818B31A4910
:1059F00000231A4AC968156007299660D36020D829
:105A0000A9192B46108A03F8010B8B42FAD1002406
:105A1000B3B22946104854822A46FAF7F7FA022808
:105A20000CD000F0FD00012805D0204605E0841FC1
:105A3000E4B2012CDBD84FF0FF3070BD6FF00100F5
:105A4000FBE7118A25F8131001339E42F9D1DEE7F6
:105A50006FF00400F1E700BF9C2901248C3201247F
:105A60000268084B9A4210B5044607D10648FAF777
:105A7000FBFC2046BDE81040FFF730BF00231B6849
:105A8000FFDE00BF003001409C290124FFF726BF44
:105A9000FFF724BF104B026810B5104C9A4218BF94
:105AA0000024FAF7DEFC10F0010300F0040001D13D
:105AB00040B910BD28B9E3681A68002AF9D004205B
:105AC00006E00423E2681268002AF2D043F00200E4
:105AD000BDE81040104700BF003001401012080818
:105AE00003681A4A934221D0A2F54C42934229D02E
:105AF00002F5806293421BD002F58062934223D06C
:105B000002F58062934215D002F54442934213D0CD
:105B1000A2F51C42934211D002F5806293420FD04D
:105B20000B4A0C48934218BF002070470A48704740
:105B30000A4870470A4870470A4870470A48704741
:105B40000A4870470A4870470A48704700100140E9
:105B5000000C005838140808F8140808C81408087D
:105B600098140808801408086814080850140808D5
:105B7000E0140808B0140808564B984211D1564B4F
:105B8000D3F8982042F01002C3F8982000BF00BF5D
:105B900000BF00BFD3F8982022F01002C3F898206D
:105BA00070474E4B984211D14B4BD3F8902042F4A2
:105BB0000032C3F8902000BF00BF00BF00BFD3F881
:105BC000902022F40032C3F890207047444B984252
:105BD0000FD1414BD3F8902042F48022C3F890209B
:105BE00000BF00BF00BF00BFD3F8902022F4802286
:105BF000E9E73C4B98420FD1374BD3F8902042F461
:105C00000022C3F8902000BF00BF00BF00BFD3F840
:105C1000902022F40022D6E7334B98420FD12E4B2E
:105C2000D3F8902042F48012C3F8902000BF00BF48
:105C300000BF00BFD3F8902022F48012C3E72B4BA3
:105C4000984213D1244AD2F8983043F02003C2F886
:105C5000983000BF00BF00BF00BF244B98421E4BCE
:105C60002AD0D3F8902022F08042ACE7204B984213
:105C700007D1194AD2F8903043F08043C2F89030EF
:105C8000E7E71C4B98420FD1134BD3F8902042F01A
:105C90000042C3F8902000BF00BF00BF00BFD3F890
:105CA000902022F000428EE700BF00BF00BF00BF7F
:105CB000114B984205D07047D3F8982022F020026B
:105CC0006CE7054AD2F89C3023F00803C2F89C30F8
:105CD000704700BF001001400044025800440040DB
:105CE00000480040004C00400050004000140140BB
:105CF00000780040007C0040000C005820B183690F
:105D0000B3F5804F02D1890008467047B3F5005FB4
:105D100008BF4900F8E70000064B82B0186800236E
:105D200082B2000C62F30F0360F31F43184602B007
:105D3000704700BF101508086FF00300704700207F
:105D400070470000014B1868704700BFF81408083E
:105D50000020014B18737047BC3301244FF0FF3013
:105D600070470000014B1868704700BFE014080836
:105D70000020014B187370479C330124014B1868B5
:105D8000704700BFC81408080020014B1873704703
:105D90007C330124014B1868704700BFB014080819
:105DA0000020014B187370475C330124014B1868C5
:105DB000704700BF981408080020014B1873704703
:105DC0003C330124014B1868704700BF8014080859
:105DD0000020014B187370471C330124014B1868D5
:105DE000704700BF681408080020014B1873704703
:105DF000FC320124014B1868704700BF501408089A
:105E00000020014B18737047DC320124014B1868E5
:105E1000704700BF381408080020014B1873704702
:105E2000BC320124F8B505464068FBF7C5FDA0F17A
:105E300021030024032B93BF144A27462646D65C31
:105E40009CBF134AD75CEA6846EA47069379D5793E
:105E50009B00107AED00517A03F00403000105F075
:105E60000805927A334300F0100049012B43920158
:105E700001F02001034302F040020B43134303F0FF
:105E80007F0363F307042046F8BD00BF3C120808F7
:105E9000381208080148FFF7C5BF00BFF81408080A
:105EA0000148FFF7BFBF00BFE01408080148FFF733
:105EB000B9BF00BFC81408080148FFF7B3BF00BF4F
:105EC000B01408080148FFF7ADBF00BF98140808D8
:105ED0000148FFF7A7BF00BF801408080148FFF77B
:105EE000A1BF00BF681408080148FFF79BBF00BFAF
:105EF000501408080148FFF795BF00BF3814080880
:105F0000F8B5D6681446327B930702D44FF0FF30C1
:105F1000F8BDC3B2A3F11505052D3DD8DFE805F0A6
:105F20001C3344030B146068FAF7B8FF636800225F
:105F3000A3F8542006E06068FAF7F8FF63680022CF
:105F4000A3F85C200020E3E76068FAF727FF6368A6
:105F50000022A3F85C20EBE76068436969B143F075
:105F600008034361FBF784FF0028EBD0022807D029
:105F70000328CBD16FF00200CAE723F00803F0E753
:105F80006FF00100C4E76068436911B143F0040396
:105F9000E7E723F00403E4E7062B08D810F0FE0738
:105FA00040F0BF80012B07D06FF00300B0E7102B4B
:105FB000FAD123699981C5E700F4E065B5F5C06FB2
:105FC00012D006D825B3B5F5807F39D06FF0080020
:105FD0009EE7B5F5E06FF9D110F4405F636809D131
:105FE0004FF080579F6018E010F4405FEED0636878
:105FF0004FF080579F6000F44053B3F5005F2AD004
:1060000003D853B1B3F5805F21D06FF009007FE76B
:1060100010F4405F636810D19D60636800271F61C2
:1060200000F44043B3F5004F34D018D8F3B1B3F5C2
:10603000804F2AD06FF00A006AE74FF48057D9E703
:1060400010F4405FC2D163684FF48057CAE76368B9
:106050004FF48067E3E763684FF4C067DFE7B3F5A9
:10606000404FE7D163684FF4805711E06768FB60E9
:1060700000F44030B0F5003F4AD00FD8A8B1B0F5D9
:10608000803F41D06FF00B0042E763684FF4005748
:10609000DF60EDE763684FF44057F9E7B0F5403F44
:1060A000F0D163684FF4407000E06368986142F09B
:1060B0000402606841603273FBF7DAFE237D064616
:1060C00073B16368D86F58B1002D0BBF2A464FF4E7
:1060D00000522B464FF40063C0E90532F2F7C4FFCB
:1060E000637D4BB16368D3F8800028B1A5B92B4616
:1060F000C0E90553F2F7B8FF002E3FF423AF022E9C
:106100003FF43EAF032E34E763684FF48070CDE771
:1061100063684FF40070C9E74FF400534FF4006513
:10612000E6E76FF00600F3E6014AFFF7E9BE00BFBD
:10613000F8140808014AFFF7E3BE00BFE01408089E
:10614000014AFFF7DDBE00BFC8140808014AFFF787
:10615000D7BE00BFB0140808014AFFF7D1BE00BF88
:1061600098140808014AFFF7CBBE00BF8014080846
:10617000014AFFF7C5BE00BF68140808014AFFF7CF
:10618000BFBE00BF50140808014AFFF7B9BE00BFE8
:10619000381408082DE9F0410E461446054600283B
:1061A00067D0002965D0D3681B7B580757D5506846
:1061B000FBF702FCA0285FD04FD821284AD045D851
:1061C00000284CD0E3684FF0000883F8068022696D
:1061D00082F80F805660217D6368002943D0284FE4
:1061E0007969C9031ED5D86F3146FFF787FD40EAAC
:1061F0000503DB0618D125F01F0105F11F035B1A0B
:10620000034423F01F0343450CDDBFF34F8F0B44C2
:10621000C7F868122031581A0028F9DCBFF34F8FF5
:10622000BFF36F8F4FF0010882F80F80B2B223697D
:106230006068DB7BBBB12946FAF76EFD022809D006
:1062400000F0FD0001280AD000200AE0A0F123039D
:10625000012BB7D86FF0010003E0E028B2D14FF076
:10626000FF30BDE8F081B2B229466068FAF7FEFC63
:10627000E4E76FF00400F4E76FF00200F1E700BF1D
:1062800000ED00E0014AFFF785BF00BFF8140808E1
:10629000014AFFF77FBF00BFE0140808014AFFF77B
:1062A00079BF00BFC8140808014AFFF773BF00BFD9
:1062B000B0140808014AFFF76DBF00BF9814080822
:1062C000014AFFF767BF00BF80140808014AFFF7C3
:1062D00061BF00BF68140808014AFFF75BBF00BF39
:1062E00050140808014AFFF755BF00BF38140808CA
:1062F000CA6810B5137B0C46D90737D540B10228C0
:106300001AD0012814BF6FF004006FF0030010BD15
:10631000A068FFF731FC6068036893B9E368002266
:106320001A715A719A71DA711A725A729A721A7BC8
:1063300022F002021A7302E013F0020304D00020DC
:10634000E5E7F1F72BFDE9E721698B8113715371C3
:106350009371D37113725372937203231373606832
:10636000F0F7F8FCA068FFF707FCE8E74FF0FF3014
:10637000CDE700000149FFF7BBBF00BFF8140808D4
:106380000149FFF7B5BF00BFE01408080149FFF756
:10639000AFBF00BFC81408080149FFF7A9BF00BF7D
:1063A000B01408080149FFF7A3BF00BF98140808FC
:1063B0000149FFF79DBF00BF801408080149FFF79E
:1063C00097BF00BF681408080149FFF791BF00BFDD
:1063D000501408080149FFF78BBF00BF38140808A4
:1063E000CA6810B5137B0C4613F0010113D1636822
:1063F00059611171106051719171D17111725172A5
:1064000091721022206925F04AFDD4E901321A6008
:106410000122E3681A73002010BD00000149FFF754
:10642000DFBF00BFF81408080149FFF7D9BF00BF5C
:10643000E01408080149FFF7D3BF00BFC8140808DB
:106440000149FFF7CDBF00BFB01408080149FFF7AD
:10645000C7BF00BF981408080149FFF7C1BF00BFBC
:10646000801408080149FFF7BBBF00BF6814080883
:106470000149FFF7B5BF00BF501408080149FFF7F5
:10648000AFBF00BF38140808C36802461B7B13F077
:1064900002002AD013695268D97B39B35868D36F88
:1064A000154A1B6893421ED0183293421BD01832F3
:1064B000934218D01832934215D01832934212D01A
:1064C000183293420FD0183293420CD018329342B4
:1064D00009D002F55672934205D01832934202D089
:1064E00018329342FFD05B68C01A7047B2F856303A
:1064F000B2F854009BB2F7E7100002400148FFF7E2
:10650000C3BF00BFF81408080148FFF7BDBF00BFB4
:10651000E01408080148FFF7B7BF00BFC814080817
:106520000148FFF7B1BF00BFB01408080148FFF7EA
:10653000ABBF00BF981408080148FFF7A5BF00BF14
:10654000801408080148FFF79FBF00BF68140808BF
:106550000148FFF799BF00BF501408080148FFF732
:1065600093BF00BF38140808C36802461B7B13F0B2
:1065700002002BD013695268997B41B31868D2F896
:106580008030164A1B6893421ED0183293421BD0AB
:106590001832934218D01832934215D018329342D1
:1065A00012D0183293420FD0183293420CD01832C6
:1065B000934209D002F55672934205D018329342A5
:1065C00002D018329342FFD05B68C01A7047B2F80D
:1065D0005E30B2F85C009BB2F7E700BF10000240EB
:1065E0000148FFF7C1BF00BFF81408080148FFF7D2
:1065F000BBBF00BFE01408080148FFF7B5BF00BFEC
:10660000C81408080148FFF7AFBF00BFB01408085E
:106610000148FFF7A9BF00BF981408080148FFF719
:10662000A3BF00BF801408080148FFF79DBF00BF4B
:10663000681408080148FFF797BF00BF5014080806
:106640000148FFF791BF00BF381408084FF0FF3032
:1066500070474FF0FF3070474FF0FF3070474FF0FA
:10666000FF3070474FF0FF3070474FF0FF307047FA
:106670004FF0FF3070474FF0FF3070472DE9F04189
:106680000E4614460546002849D0002947D0D36855
:106690001B7B580735D55068FBF78EF9A02841D0F1
:1066A0002DD870B3A0F12203022B2ED9E26800236B
:1066B000D371137253729372B2B22769BB733E6087
:1066C000BD60637DD4F8048023B3184BD8F88000F4
:1066D0005B69D9031CD53146FFF710FB2843C3067D
:1066E00018D1032329464046BB73FBF7EDFC022873
:1066F0000BD000F0FD00012803D0002003E0E028CB
:10670000D4D14FF0FF30BDE8F0816FF00100FAE71F
:106710000123E7E729464046FBF764FCE7E76FF013
:106720000400F0E76FF00200EDE700BF00ED00E0CD
:10673000014AFFF7A3BF00BFF8140808014AFFF79A
:106740009DBF00BFE0140808014AFFF797BF00BFD4
:10675000C8140808014AFFF791BF00BFB014080829
:10676000014AFFF78BBF00BF98140808014AFFF7E2
:1067700085BF00BF80140808014AFFF77FBF00BF34
:1067800068140808014AFFF779BF00BF50140808D1
:10679000014AFFF773BF00BF3814080810B5FFF7B0
:1067A0009FF9C3681B681BB10920BDE8104018475A
:1067B00010BD000070B5FFF793F902690446937BA2
:1067C000032B25D1164D6B69D90321D543689268F7
:1067D000B3F85C10D3F88000FFF790FA40EA0203A8
:1067E000DB0615D122F01F031F32D21A024422F019
:1067F0001F02002A0CDDBFF34F8F1A44C5F85C322C
:106800002033D11A0029F9DCBFF34F8FBFF36F8F0C
:10681000E3681B681BB10220BDE87040184770BDDB
:1068200000ED00E010B5FFF75BF904464068FBF7A8
:10683000C9F8034610F0010200F0040003F0080359
:1068400002D1B0B93BB910BDE2680121917270B9B3
:106850004FF4007023B1E368012240F02000DA71A8
:10686000E3681B68002BEED0BDE8104018474FF4DA
:10687000007242F480700121E2685172EAE7000080
:1068800080B586B000AF864B5B78012B40F0F1807D
:10689000844B1B68002B1CDB824B1B6842F20F727F
:1068A000934216DC7F4B1B6803F00303002B10D1CF
:1068B0007D4B1B6807F109027C49184607F086FCEE
:1068C0007B7A002B05D042F6E06012F017F912F047
:1068D00073F9744B1B68282B03D1642106200EF03A
:1068E000F5FF704B1B68C82B0DD19FED655B9FEDCD
:1068F000644B9FED633B9FED622B9FED611B9FED12
:10690000600B10F0A5F8674B1B6840F6B832934255
:1069100003D1642107200EF0D9FF624B1B6840F6BB
:106920000842934203D1642108200EF0CFFF5D4B53
:106930001B68B3F57A6F02D1072008F08BFC594B26
:106940001B68B3F57A6F71DD594B1B78002B6DD145
:10695000584B1B68BA1D5849184607F037FCB7F961
:10696000063007EE903AB8EEE77B9FED476B27EED7
:10697000067BF7EEC77BC7ED037A504B1B7A002BE3
:1069800013D0D7ED037AF0EEE77AB7EE007AF4EEA3
:10699000C77AF1EE10FA00D44EE0642105200EF023
:1069A00095FF434B01221A7046E03F4B1B683A1D8E
:1069B0004349184607F00AFC40F69C724149424898
:1069C00025F053FAB7F904301A463E4B1A600123FA
:1069D000FB7500233B611AE0B7F904301946394AC8
:1069E0003B6952F82330CB1A07EE903AB8EEE77BBA
:1069F000B0EEC77BB1EE046BB4EEC67BF1EE10FADD
:106A000002DD0023FB7506E03B6901333B613B6916
:106A1000B3F57A7FE0DBFB7D012B0DD164210520EE
:106A20000EF054FF224B01221A7005E01D4B1B682B
:106A300001331C4A136000E000BF1B4B1B6807F1C9
:106A40000A022249184607F0C1FB7B8907EE903AFB
:106A5000B8EEE77B9FED0E6B27EE067B9FED0E6B8E
:106A6000B4EEC67BF1EE10FA00D402E0062008F086
:106A7000F1FB00BF1837BD4680BD00BFAFF30080FB
:106A800000000000000000007B14AE47E17A843F64
:106A90009A9999999999B93F000000000040504097
:106AA000543B0224F04401240835022454FE070814
:106AB000F44401241435022460FE0708FC44012438
:106AC00068FE07080C3501241035012470FE070804
:106AD00080B5ECB000AFDA4B19688A68CB689FEDDF
:106AE000D27B43EC162B26EE077BFDEEC77B17EE21
:106AF000903A1BB2A7F8AE310023C7F8A4310023A7
:106B0000C7F8A831CF4A07F5D27392E8030083E8AB
:106B10000300CD4B186807F5D77207F5D271022331
:106B200007F0ECFBC64B19680A684B689FEDBE7B0B
:106B300043EC162B26EE077BFDEEC77B17EE903A53
:106B40001BB2A7F8A2310023C7F898310023C7F879
:106B50009C3107F5CC730722BC49184625F0D8FFB5
:106B6000B94B186807F5D17207F5CC71022307F00D
:106B7000C5FBB34B19680A694B699FEDAB7B43ECCE
:106B8000162B26EE077BFDEEC77B17EE903A1BB265
:106B9000A7F896310023C7F88C310023C7F890314D
:106BA00007F5C6730622AA49184625F0B1FFA64B81
:106BB000186807F5CB7207F5C671022307F09EFB34
:106BC0009F4B1B68D3F8EF3007EE903AFDEEE77A63
:106BD00017EE903A1BB2A7F88A310023C7F880312C
:106BE0000023C7F8843107F5C0730322994918467A
:106BF00025F08EFF944B186807F5C57207F5C07134
:106C0000022307F07BFB8E4B1B68D3F8F33007EEB3
:106C1000903AFDEEE77A17EE903A1BB2A7F87E3174
:106C20000023C7F874310023C7F8783107F5BA7329
:106C300003228949184625F06BFF834B186807F536
:106C4000BF7207F5BA71022307F058FB7C4B1B6833
:106C5000D3F8F73007EE903AFDEEE77A17EE903A68
:106C60001BB2A7F872310023C7F868310023C7F8B8
:106C70006C3107F5B47303227849184625F048FFB4
:106C8000714B186807F5B97207F5B471022307F064
:106C900035FB6B4B1B68D3F8FB30DFED717A07EEE9
:106CA000103A67EE277AFDEEE77A17EE903A1BB2BC
:106CB000A7F866310023C7F85C310023C7F86031BC
:106CC000684A07F5AE7392E8030083E803005E4B61
:106CD000186807F5B37207F5AE71022307F00EFBD3
:106CE000574B1B68D3F8FF30DFED5D7A07EE103AA3
:106CF00067EE277AFDEEE77A17EE903A1BB2A7F817
:106D00005A310023C7F850310023C7F8543107F532
:106D1000A87306225449184625F0FAFE4A4B186813
:106D200007F5AD7207F5A871022307F0E7FA444BA7
:106D30001968D1F8D720D1F8DB309FED3D7B43ECCB
:106D4000162B26EE077BFDEEC77B17EE903A1BB2A3
:106D5000A7F84E310023C7F844310023C7F8483163
:106D6000424A07F5A27392E8030083E80300364B1A
:106D7000186807F5A77207F5A271022307F0BEFA9B
:106D80002F4B1968D1F8DF20D1F8E3309FED287B35
:106D900043EC162B26EE077BFDEEC77B17EE903AF1
:106DA0001BB2A7F842310023C7F838310023C7F8D7
:106DB0003C3107F59C7306222D49184625F0A8FEA4
:106DC000214B186807F5A17207F59C71022307F0A3
:106DD00095FA1B4B1B68B3F848309BB2DBB287F8BF
:106DE00037310023C7F82C310023C7F8303107F5BD
:106DF000967306221F49184625F08AFE1E4B186816
:106E000007F2371207F59671012307F077FA0C4B5A
:106E10001968D1F84A20D1F84E309FED077B43EC3A
:106E2000162B26EE077B29E00000000000005940E9
:106E30000000000000407F4000000000D0126341CD
:106E40004819002078FE0708F834022484FE070859
:106E50008CFE070894FE070898FE07089CFE0708AA
:106E60000000C842A0FE0708ACFE0708B4FE0708F1
:106E7000C0FE0708C8FE070810350224FDEEC77BD8
:106E800017EE903AC7F828310023C7F820310023C5
:106E9000C7F8243107F590730622DD49184625F01E
:106EA00037FEDC4B186807F5947207F590710423E0
:106EB00007F024FAD84B1968D1F85220D1F856308F
:106EC0009FEDCD7B43EC162B26EE077BFDEEC77BBB
:106ED00017EE903AC7F81C310023C7F8143100238D
:106EE000C7F8183107F58A730622CC49184625F0F1
:106EF0000FFEC84B186807F58E7207F58A710423D8
:106F000007F0FCF9C44B1968D1F85A20D1F85E306B
:106F100043EC172BFDEEC77B17EE903A1BB2A7F898
:106F200012310023C7F808310023C7F80C3107F5E8
:106F300084730622BA49184625F0EAFDB54B186855
:106F400007F5897207F58471022307F0D7F9B24B70
:106F50001968D1F81F21D1F82331B2EE047B43EC3C
:106F6000162B26EE077BFDEEC77B17EE903A1BB281
:106F7000A7F806310023C7F8FC300023C7F800311A
:106F800007F1FC030722A749184625F0C1FDA64BCF
:106F9000186807F5837207F1FC01022307F0AEF9C8
:106FA0009D4B1968D1F86A20D1F86E309FED947B23
:106FB00043EC162B26EE077BFDEEC77B17EE903ACF
:106FC0001BB2A7F8FA300023C7F8F0300023C7F847
:106FD000F43007F1F00307229449184625F098FD94
:106FE000914B186807F1FA0207F1F001022307F04C
:106FF00085F9894B1968D1F87A20D1F87E309FED58
:10700000807B43EC162B26EE077BFDEEC77B17EE4D
:10701000903A1BB2A7F8EE300023C7F8E430002303
:10702000C7F8E830824A07F1E40392E8030083E8F6
:1070300003007D4B186807F1EE0207F1E40102231B
:1070400007F05CF9744B1968D1F87220D1F87630EA
:107050009FED6D7B43EC162B26EE077BFDEEC77B89
:1070600017EE903A1BB2A7F8E2300023C7F8D830E9
:107070000023C7F8DC3007F1D80306226D49184613
:1070800025F046FD684B186807F1E20207F1D801C8
:10709000022307F033F9604B1968D1F88220D1F848
:1070A000863043EC172BF7EEC77BC7ED357A00230C
:1070B000C7F8CC300023C7F8D03007F1CC03072243
:1070C0005D49184625F024FD574B186807F1D40296
:1070D00007F1CC01042307F011F94F4B1968D1F8DF
:1070E0008A20D1F88E30B2EE047B43EC162B26EECC
:1070F000077BFDEEC77B17EE903AC7F8C830002338
:10710000C7F8C0300023C7F8C43007F1C003052218
:107110004A49184625F0FCFC434B186807F1C802A1
:1071200007F1C001042307F0E9F83B4B1968D1F8D7
:107130009220D1F89630B2EE047B43EC162B26EE6B
:10714000077BFDEEC77B17EE903A1BB2A7F8BE3067
:107150000023C7F8B4300023C7F8B83007F1B403F0
:1071600005223749184625F0D3FC2F4B186807F144
:10717000BE0207F1B401022307F0C0F8264B1B68DA
:1071800093F89A3087F8B33007F5D873A3F5847372
:1071900000221A6000225A6007F5D873A3F58473A1
:1071A000284A92E8030083E803001F4B186807F1A0
:1071B000B30207F1A801012307F0A0F8164B1B68E2
:1071C00093F89B2007F5D873A3F209131A7007F5FB
:1071D000D873A3F58A7300221A6000225A6007F55B
:1071E000D873A3F58A73184A92E8030083E8030072
:1071F0002CE000BFAFF3008000000000D01263411C
:1072000000000000000059400000000000408F40D6
:10721000D0FE07081035022448190020D8FE0708C0
:10722000E0FE0708E8FE0708F8340224F0FE07082D
:10723000F8FE070804FF07080CFF070814FF0708FB
:107240001CFF070824FF070830FF0708D44B186805
:1072500007F1A70207F19C01012307F04FF8D14B7A
:107260001968D1F8A720D1F8AB309FEDCB7B43EC68
:10727000162B26EE077BFDEEC77B17EE903A1AB26F
:1072800007F5D873A3F58B731A8007F5D873A3F5A8
:10729000907300221A6000225A6007F190030722BF
:1072A000C149184625F034FCBD4B186807F19A0215
:1072B00007F19001022307F021F8BA4B1968D1F8C1
:1072C000AF20D1F8B330B2EE047B43EC162B26EEA0
:1072D000077BFDEEC77B17EE903A1AB207F5D8731D
:1072E000A3F591731A8007F5D873A3F5967300225E
:1072F0001A6000225A6007F184030522AB49184640
:1073000025F006FCA64B186807F18E0207F18401F0
:10731000022306F0F3FFA34B1968D1F8B720D1F888
:10732000BB30B2EE047B43EC162B26EE077BFDEE62
:10733000C77B17EE903A1AB207F5D873A3F5977387
:107340001A8007F5D873A3F59C7300221A600022F7
:107350005A6007F1780306229549184625F0D8FBB4
:107360008F4B186807F1820207F17801022306F0BB
:10737000C5FF8C4B1968D1F8BF20D1F8C330B2EEED
:10738000047B43EC162B26EE077BFDEEC77B17EE46
:10739000903A1AB207F5D873A3F59D731A8007F5D2
:1073A000D873A3F5A27300221A6000225A6007F175
:1073B0006C0304227F49184625F0AAFB784B186815
:1073C00007F1760207F16C01022306F097FF754B77
:1073D0001968D1F8C720D1F8CB309FED6F7B43EC13
:1073E000162B26EE077BFDEEC77B17EE903A1AB2FE
:1073F00007F5D873A3F5A3731A8007F5D873A3F51F
:10740000A87300221A6000225A6007F16003052267
:107410006949184625F07CFB614B186807F16A0240
:1074200007F16001022306F069FF5E4B1968D1F88D
:10743000CF20D1F8D3309FED587B43EC162B26EEAE
:10744000077BFDEEC77B17EE903A1AB207F5D873AB
:10745000A3F5A9731A8007F5D873A3F5AE730022BC
:107460001A6000225A6007F1540305225349184656
:1074700025F04EFB4A4B186807F15E0207F15401F4
:10748000022306F03BFF474B1968D1F80721D1F8DA
:107490000B3143EC172BF7EEC77B07F5D873A3F539
:1074A000B073C3ED007A07F5D873A3F5B473002267
:1074B0001A6000225A6007F1480306224049184624
:1074C00025F026FB364B186807F1500207F14801FA
:1074D000042306F013FF334B1968D1F82721D1F8A4
:1074E0002B319FED2D7B43EC162B26EE077BFDEE1B
:1074F000C77B17EE903A1AB207F5D873A3F5B573A8
:107500001A8007F5D873A3F5BA7300221A60002217
:107510005A6007F13C0304222A49184625F0F8FA7C
:107520001F4B186807F1460207F13C01022306F0E1
:10753000E5FE1C4B1B68D3F8333107F5D872A2F572
:10754000BC72136007F5D873A3F5C07300221A60EC
:1075500000225A6007F1300306221B49184625F025
:10756000D7FA1A4B186807F1380207F130010423E3
:1075700006F0C4FE0B4B1B68D3F8373107F5D87201
:10758000A2F5C272136007F5D873A3F5C673002283
:107590001EE000BFAFF30080000000000000594073
:1075A000F8340224481900203CFF070844FF07086C
:1075B0004CFF070854FF07085CFF070864FF070833
:1075C0006CFF070874FF07087CFF0708F4340224E7
:1075D0001A6000225A6007F1240306223C4918462B
:1075E00025F096FA3B4B186807F12C0207F12401AD
:1075F000042306F083FE384B1B68D3F83B3107F5B4
:10760000D872A2F5C872136007F5D873A3F5CC73CE
:1076100000221A6000225A6007F1180306222F493F
:10762000184625F075FA2B4B186807F1200207F170
:107630001801042306F062FE274B1B68D3F83F3184
:1076400007F5D872A2F5CE72136007F5D873A3F5CB
:10765000D27300221A6000225A6007F10C0306223E
:107660001F49184625F054FA1A4B186807F11402FE
:1076700007F10C01042306F041FE174B1B6893F839
:107680009C30012B1ED107F5D873A3F2A513EE226F
:107690001A7007F5D873A3F5D87300221A60002278
:1076A0005A6007F5D873A3F5D8730E4A92E8030021
:1076B00083E803000C4B186807F10B0239460123DD
:1076C00006F01CFE00BF07F5D877BD4680BD00BFA1
:1076D00084FF0708F4340224481900208CFF0708AF
:1076E00094FF07089CFF07080835022400000000EB
:1076F00080B59EB000AF904B1B7803F01003DBB257
:10770000002B00F00E818D4BDB78012B40F00981BE
:107710008B4B19688A69CB699FED857B43EC162BEF
:1077200026EE077BFDEEC77B17EE903A1BB2A7F85B
:1077300046300023FB6300233B6407F13C03062231
:107740008049184625F0E4F97F4B186807F1460296
:1077500007F13C01022306F0D1FD794B19680A6A52
:107760004B6A9FED737B43EC162B26EE077BFDEEF9
:10777000C77B17EE903A1BB27B8700233B63002345
:107780007B6307F1300306227049184625F0C0F9E3
:107790006D4B186807F13A0207F13001022306F039
:1077A000ADFD674B19688A6ACB6A9FED617B43EC3C
:1077B000162B26EE077BFDEEC77B17EE903A1BB229
:1077C000FB8500237B620023BB6207F124030622B2
:1077D0005F49184625F09CF95B4B186807F12E02AB
:1077E00007F12401022306F089FD554B19680A6B45
:1077F0004B6B9FED4F7B43EC162B26EE077BFDEE8C
:10780000C77B17EE903A1BB27B840023BB61002339
:10781000FB6107F1180306224E49184625F078F956
:10782000494B186807F1220207F11801022306F0FC
:1078300065FD434B19688A6BCB6B9FED3D7B43EC39
:10784000162B26EE077BFDEEC77B17EE903A1BB298
:10785000FB820023FB6000233B6107F10C0306223F
:107860003D49184625F054F9374B186807F11602C0
:1078700007F10C01022306F041FD314B19680A6C37
:107880004B6C9FED2B7B43EC162B26EE077BFDEE1E
:10789000C77B17EE903A1BB27B8100233B6000232D
:1078A0007B603B4606222D49184625F031F9264BD0
:1078B000186807F10A023946022306F01FFD204B23
:1078C00019688A69CB69C7E91C231D4B19680A6AC4
:1078D0004B6AC7E91A231A4B19688A6ACB6AC7E947
:1078E0001823174B19680A6B4B6BC7E91623144B07
:1078F00019688A6BCB6BC7E91423114B19680A6CA2
:107900004B6CC7E9122397ED125B97ED144B97ED83
:10791000163B97ED182B97ED1A1B97ED1C0B0FF0EC
:1079200097F800BF7837BD4680BD00BFAFF3008039
:107930000000000000005940FC440124543B022494
:1079400048190020A8FF070800350224B0FF0708E7
:10795000B8FF0708C0FF0708C8FF0708D0FF0708DF
:1079600080B588B000AF324BDB78012B37D1314B7B
:107970001B7803F01003002B31D02F4B1B78002B0A
:1079800013D12E4B1968D1F86220D1F8663043EC40
:10799000172BFCEEC77B17EE902A294B1A60284B59
:1079A0001B68002B01D10023FB61254B1B689BB298
:1079B0007B8300233B6100237B61224A07F1100394
:1079C00092E8030083E803001F4B186807F11A02CE
:1079D00007F11001022306F091FC00BF23E0144BD5
:1079E000DB78002B1FD1134B1B7803F01003002B07
:1079F00019D0134B4CF244521A60114B1B689BB2C6
:107A0000FB8100237B600023BB600E4A3B1D92E894
:107A1000030083E803000C4B186807F10E02391DC0
:107A2000022306F06BFC00BF2037BD4680BD00BFBF
:107A3000543B0224FC440124EF4401244819002053
:107A4000A89F0524D8FF0708F834022480B500AFAA
:107A50000A4B1B7803F01003DBB2002B07D0FFF7B3
:107A600047FEFFF77DFFFFF733F800F0E1FDFEF77B
:107A700007FF0DF0DDFB00BF80BD00BFFC4401240B
:107A800080B52DED028B8AB000AF0E4B1B7803F052
:107A90002003002B18D000F04DFFB0EE407B0949C9
:107AA000D1F81320D1F8173043EC162B37EE467B74
:107AB00051EC170B034B20330333186059600BF064
:107AC000A3FAB2E2FC44012400F034FFB0EE407BA4
:107AD000CD49D1F81320D1F8173043EC162B37EEEF
:107AE000467B51EC170BC84B2033033318605960A9
:107AF000C64B1B6807F11802C549184606F066FB1D
:107B0000D7ED067AC34B1B68B7EEE77A51EC170B3B
:107B100018625962BD4B1B6807F11802BE4918462E
:107B200006F054FBD7ED067ABA4B1B68B7EEE77A3E
:107B300051EC170B9862D962B44B1B6807F118021D
:107B4000B649184606F042FBD7ED067AB14B1B68E2
:107B5000B7EEE77A51EC170B18635963AB4B1B6810
:107B600007F11802AE49184606F030FBD7ED067A49
:107B7000A84B1B68B7EEE77A51EC170B9863D963F3
:107B8000A24B1B6807F11802A649184606F01EFB17
:107B9000D7ED067A9F4B1B68B7EEE77A51EC170BCF
:107BA00018645964994B1B6807F118029E491846DE
:107BB00006F00CFBD7ED067A964B1B68B7EEE77A1A
:107BC00051EC170B9864D964904B1B6807F11402B1
:107BD0009649184606F0FAFA7B6907EE903AB8EE35
:107BE000E77B8C4B1B689FED806B27EE067B51EC8F
:107BF000170B9865D965854B1B6807F114028C49F2
:107C0000184606F0E3FA7B6907EE903AB8EEE77B98
:107C1000804B1B689FED746B27EE067B51EC170BB6
:107C200018665966794B1B6807F118028149184696
:107C300006F0CCFAD7ED067A764B1B68B7EEE77AFA
:107C400051EC170B9866D966704B1B6807F112024E
:107C50007949184606F0BAFAB7F9123007EE903AA9
:107C6000B8EEE77B6B4B1B689FED616B27EE067BE5
:107C700051EC170B18675967644B1B6807F1120228
:107C80006E49184606F0A2FAB7F9123007EE903A9C
:107C9000B8EEE77B5F4B1B689FED556B27EE067BCD
:107CA00051EC170B9867D967584B1B6807F1120204
:107CB0006349184606F08AFAB7F9123007EE903A8F
:107CC000B8EEE77B534B1B689FED496B27EE067BB5
:107CD00051EC170BC3F88000C3F884104B4B1B68A2
:107CE00007F112025749184606F070FAB7F9123038
:107CF00007EE903AB8EEE77B464B1B689FED3C6B76
:107D000027EE067B51EC170BC3F88800C3F88C10E4
:107D10003E4B1B6807F110024B49184606F056FA15
:107D20003B8A07EE903AB8EEE77B3A4B1B689FED33
:107D3000306B27EE067B51EC170BC3F89000C3F8AD
:107D40009410324B1B6807F112024049184606F0A6
:107D50003DFAB7F9123007EE903AB8EEE77B2D4BBB
:107D60001B689FED236B27EE067B51EC170BC3F8C6
:107D70009800C3F89C10274B1968D1F89020D1F8CF
:107D800094302449096883F00043C1F89020C1F879
:107D90009430204B1968D1F89020D1F894309FEDA1
:107DA000167B43EC162BB4EEC76BF1EE10FA13DD25
:107DB000184B1968D1F89020D1F89430154909680A
:107DC0009FED0F7B43EC162B36EE477B53EC172BC6
:107DD000C1F89020C1F894300E4B1968D1F890206A
:107DE000D1F8943034E000BF48AFBC9AF2D77A3E65
:107DF0007B14AE47E17A843F0000000000806640BB
:107E00000000000000807640FC4401241435022468
:107E1000E4FF070844190020ECFF0708F4FF0708F7
:107E2000FCFF0708040008080C00080814000808F4
:107E30001C000808240008082C00080860FE070839
:107E4000340008083C0008084800080850000808EA
:107E50009FEDA77B43EC162BB4EEC76BF1EE10FA47
:107E600013D5AD4B1968D1F89020D1F89430AA49B8
:107E700009689FEDA17B43EC162B36EE077B53EC94
:107E8000172BC1F89020C1F89430A34B1B68A34A6C
:107E9000D27883F8A020A04B19680A6F4B6FB0EE20
:107EA000001B43EC102B21F083F8B0EE408B9A4B73
:107EB00019688A6FCB6FB0EE001B43EC102B21F0DA
:107EC00077F8B0EE407B38EE078B934B1968D1F80A
:107ED0008020D1F88430B0EE001B43EC102B21F051
:107EE00067F8B0EE407B38EE077BB0EE470B20F032
:107EF00023FD87ED080B884B1B683A6A1A657A6A7E
:107F00005A6597ED087BB2EE046B27EE067BFDEE1B
:107F1000C77B17EE903A1BB27B8100233B600023A6
:107F20007B603B4606227E49184624F0F1FD7D4BDE
:107F3000186807F10A023946022306F0DFF97A4B86
:107F40001B6807F10E027949184606F03FF9764B97
:107F50001B6807F10C027649184606F037F9B7F9A5
:107F60000E3007EE903AB8EEE77B6B4B1B689FED47
:107F7000646B27EE067B51EC170BA03301331860BE
:107F80005960B7F90C3007EE903AB8EEE77B624BD8
:107F90001B689FED5B6B27EE067B51EC170BB03334
:107FA000073B18605960634B5B78002B15D1624B1F
:107FB0001968594B18688A69CB6900F1A001013131
:107FC0000A604B605C4B1968534B18680A6A4B6A2D
:107FD00000F1B00107390A604B604F4B1B68B033AA
:107FE000013300221A7000225A7000229A70002277
:107FF000DA7000221A7100225A7100229A7100224E
:10800000DA71454B1B68C033073B00221A7000220F
:108010005A7000229A700022DA7000221A7100222F
:108020005A7100229A710022DA71444B18683A4B57
:108030001B68E9331A46424906F0C8F83F4B1B68F3
:1080400007F11E023F49184606F0C0F8B7F91E3086
:1080500007EE903AB8EEE77B9FED2B6B27EE067BA1
:108060002D4B1B689FED2A6B87EE067B51EC170B9F
:10807000E033073B18605960304B1B6807F11E0264
:108080003149184606F0A2F8B7F91E3007EE903ACB
:10809000B8EEE77B9FED1C6B27EE067B1E4B1B6843
:1080A0009FED1B6B87EE067B51EC170BE033013322
:1080B000186059601B4B1B6807F11C0223491846C6
:1080C00006F084F8BA8B144B1B6807EE902AB8EEC2
:1080D000677B51EC170BC03301331860596000BF48
:1080E0002837BD46BDEC028B80BD00BFAFF30080DA
:1080F00000000000008066C00000000000807640A4
:108100007B14AE47E17A843FFCA9F1D24D62603F17
:108110006666666666A64C4044190020543B0224FD
:1081200058000808083502240035022460000808B9
:1081300068000808FC44012448190020F83402248F
:108140007000080878000808840008088C000808F7
:1081500080B500AF0A4B1B7803F01003DBB2002B95
:108160000CD0084B1B68084A12681146184615F0D7
:108170009BF8044B1B68002283F8EA2000BF80BDF7
:10818000FC4401244419002048190020000000008C
:1081900080B489B000AFF860FB681B781A46264BA4
:1081A0001A600023FB6137E0FB69DB000233FA68E9
:1081B00013441B68BB61FB69DB000633FA68134498
:1081C0001B687B61BB6907EE903AB8EEE77B9FEDD9
:1081D000186B27EE067B87ED007B184AFB691B01B5
:1081E00013443A681A607A685A607B6907EE903ADD
:1081F000B8EEE77B9FED0E6B27EE067B87ED007BED
:108200000E4AFB691B01134408333A681A607A6806
:108210005A60FB690133FB61074B1B68FA699A429C
:10822000C2DB002318462437BD465DF8047B704747
:1082300048AFBC9AF2D77A3EAC440124CC33012437
:1082400080B491B000AF87ED060B87ED041B87ED7E
:10825000022B87ED003BBB693B63FB697B633B699A
:10826000BB637B69FB63BB683B62FB687B623B680B
:10827000BB627B68FB62386B796B3A6A7B6A41EC64
:10828000170B43EC162B27EE066BB86BF96BBA6A2B
:10829000FB6A41EC170B43EC152B27EE057B36EE02
:1082A000077BB0EE470B4437BD465DF8047B704753
:1082B00080B588B000AF87ED020B87ED001BBB686F
:1082C0003B61FB687B613B68BB617B68FB61386934
:1082D00079693A697B6941EC170B43EC162B27EE61
:1082E000066BB869F969BA69FB6941EC170B43EC95
:1082F000152B27EE057B36EE077BB0EE470B20F003
:108300001BFBB0EE407BB0EE470B2037BD4680BD77
:1083100080B5A8B000AF87ED0A0B87ED081B87ED8D
:10832000062B87ED043B87ED024B87ED005BBB6AB4
:108330003B65FB6A7B653B6ABB657B6AFB65BB692A
:108340003B64FB697B643B69BB647B69FB64BB6822
:108350003B63FB687B633B68BB637B68FB63386B99
:10836000796B3A6D7B6D41EC170B43EC162B37EEB6
:10837000467B87ED1C7BB86BF96BBA6DFB6D41ECEE
:10838000170B43EC162B37EE467B87ED1E7B386BC5
:10839000796B3A6C7B6C41EC170B43EC162B37EE88
:1083A000467B87ED187BB86BF96BBA6CFB6C41ECC4
:1083B000170B43EC162B37EE467B87ED1A7B97EDB8
:1083C000184B97ED1A5B97ED1C6B97ED1E7BB0EE8B
:1083D000442BB0EE453BB0EE460BB0EE471BFFF72B
:1083E0002FFF87ED260B97ED1C6B97ED1E7BB0EEF4
:1083F000460BB0EE471BFFF75BFF87ED240B97EDB5
:10840000186B97ED1A7BB0EE460BB0EE471BFFF7EB
:108410004FFF87ED220B97ED246B97ED227B26EE25
:10842000076B97ED265B85EE067B87ED207B97ED4E
:10843000200B20F0FDF9B0EE407BB0EE470BA037EB
:10844000BD4680BD00000000B0B5ADF55E7D00AF5B
:1084500007F1280383ED000B07F1280303ED021B4E
:1084600007F128031A68C7F854235B68C7F8583324
:1084700007F1280353F8082CC7F85C2353F8043C91
:10848000C7F860330023C7F8743341E0D7F874337A
:108490000133D7F85423BA61D7F85823FA61D7F8D3
:1084A0005C233A61D7F860237A615F4A1B01134469
:1084B0001A68BA605A68FA609A683A60DB687B604A
:1084C000594AD7F874331B0113441C685D689868D7
:1084D000D96897ED064B97ED045B97ED022B97ED6E
:1084E000003B45EC104B41EC110BFFF711FFB0EED8
:1084F000407B07F55E73A3F55272D7F87433DB0047
:10850000134483ED007BD7F874330133C7F8743319
:10851000464B1B68013BD7F874239A42B6DBD7F869
:108520005433BB61D7F85833FB61D7F85C333B61F8
:10853000D7F860337B613C4B1A68BA605A68FA60BE
:108540009A683A60DB687B60374AD7F874331B015E
:1085500013441C685D689868D96897ED064B97EDE1
:10856000045B97ED022B97ED003B45EC104B41EC83
:10857000110BFFF7CDFEB0EE407B07F55E73A3F560
:108580005272D7F87433DB00134483ED007B4FF055
:1085900000024FF00003C7E9DA230023C7F8743361
:1085A00014E007F55E73A3F55272D7F87433DB005D
:1085B000134493ED007B97EDDA6B36EE077B87ED86
:1085C000DA7BD7F874330133C7F87433174B1B6861
:1085D000D7F874239A42E4DB97EDDA7B9FED0E6BBC
:1085E000B4EEC67BF1EE10FA0CDD97EDDA7B9FED71
:1085F0000C6BB4EEC67BF1EE10FA03D5012387F8BD
:10860000673302E0002387F8673397F8673318462B
:1086100007F55E77BD46B0BDCDCCCCCCCCCC1840F8
:108620009A99999999991940CC330124AC44012421
:1086300090B58FB000AF724BD3F81B00D3F81F106A
:108640004FF0C8024FF0000327F02EF9134301D07A
:108650000123C7E06A49D1F81B20D1F81F30B2F5D9
:10866000C87F73F1000301D20123BBE0654B1B6897
:1086700007F11C026449184605F0A8FD614B1B6810
:1086800007F118026149184605F0A0FDFB6907EEE5
:10869000903AB8EEE77B9FED566B27EE067B87EDB1
:1086A0000C7BBB6907EE903AB8EEE77B9FED506B11
:1086B00027EE067B87ED0A7B554B1B78002B15D0E8
:1086C000544B1B781E2B04D110F076FA524B00222B
:1086D0001A60504B1B78002B02D100F0A9F805E07E
:1086E0004C4B1B78013BDAB24A4B1A7097ED0A1BD0
:1086F00097ED0C0BFFF7A8FE0346002B32D1474B3A
:108700001B78012B34D0464B1B68022B24DDCC2375
:10871000FB750023FB6000233B61424A07F10C0319
:1087200092E8030083E803003F4B186807F1170243
:1087300007F10C01012305F0E1FD354B1B78002BFF
:1087400002D1344B23221A70314B01221A70324B62
:1087500044F250621A600BE0314B1B680133304A1F
:10876000136005E02E4B00221A60294B00221A707C
:108770002E4B1B78002B34D02C49D1F80920D1F88E
:108780000D302A4CD4F80100D4F8051041EC130B3D
:1087900043EC122B97ED0C1B97ED0A0B1FF0F8FE24
:1087A00087ED080B97ED087B9FED136BB4EEC67B4E
:1087B000F1EE10FA15D50323FB7200233B60002372
:1087C0007B60184A3B4692E8030083E80300164B9F
:1087D000186807F10B023946012305F08FFD00F000
:1087E00027F8002318463C37BD4690BDAFF3008004
:1087F00048AFBC9AF2D77A3E0000000000C0624049
:10880000FC44012414350224140008081C00080844
:10881000EF440124EE440124A89F05241DE0052413
:10882000F84401249800080808350224B0440124C3
:1088300080B400AF074B1B7823F01003DAB2054B6E
:108840001A70054B01225A7000231846BD465DF888
:10885000047B7047FC440124543B022480B500AFE4
:1088600002F088FF02F034FF06F0AAF814F016FDBB
:1088700006F0ECFB08F066FA07F070FD1EF052FC03
:1088800008F036F9024B09221A7000BF80BD00BF04
:10889000FC44012498B500AF134CD4F81B00D4F865
:1088A0001F10421C41F100030F49203105390A60B5
:1088B0004B6007F075FBFFF7E3F8FFF749FC07F0A3
:1088C00027FFFFF7C3F80DF0A1F806F0FFFA08F054
:1088D00027FA0EF0A9FD10F089FB07F0D1F80A2065
:1088E0001EF09CFC00BF98BDFC44012480B500AF85
:1088F000FFF7B4FF00F02EF800BF80BD80B500AFD9
:1089000005F03CFA00BF80BD80B500AF074B93ED8A
:10891000006B074B93ED007B36EE077B034B83ED3B
:10892000007BFFF7B7FF00BF80BD00BF38450124C3
:108930002004002080B400AF054BD3E9002343ECB2
:10894000172BB0EE470BBD465DF8047B704700BFA8
:108950003845012480B400AF05494FF000024FF0C4
:108960000003C1E9002300BFBD465DF8047B7047EA
:108970003845012480B582B000AF78600022012123
:10898000034827F041F900BF0837BD4680BD00BF4E
:108990001055012480B582B000AF7860002202211A
:1089A000034827F031F900BF0837BD4680BD00BF3E
:1089B0001055012480B582B000AF786000221021EC
:1089C000034827F021F900BF0837BD4680BD00BF2E
:1089D0001055012480B584B000AF78607B68FB60DF
:1089E0000DE0FB68013BFB600948FAF7B1F803466C
:1089F000042B01D1002306E0012027F019F9FB68C0
:108A0000002BEED1012318461037BD4680BD00BFB4
:108A10006054012480B58CB002AFF860B9607A6010
:108A200000237B617B68C3F30803002B02D04FF067
:108A3000FF335AE04FF0FF312E4827F0C1F807F11D
:108A4000140300220092012213212B4827F0BCF8C6
:108A50007B685B0AFA68B9682848F9F73FFC034667
:108A6000002B01D000BFFDE707F1140340F6B83238
:108A7000009201221121204827F0A6F87B6903F01B
:108A80001003002B01D000BFFDE71D4B5B6903F411
:108A90008033002B25D07B68BA687A623B623B6AE0
:108AA000002B1DDD7B6A03F01F023B6A1344FB6150
:108AB0007B6ABB61BFF34F8F00BF114ABB69C2F82D
:108AC0005C32BB692033BB61FB69203BFB61FB6906
:108AD000002BF2DCBFF34F8F00BFBFF36F8F00BFDF
:108AE00000BF044827F078F87B6818462837BD4651
:108AF00080BD00BFDC5401241055012460540124C2
:108B000000ED00E080B590B002AFF860B9607A6027
:108B100000237B617B68C3F30803002B02D04FF076
:108B2000FF337DE04FF0FF313F4827F049F807F170
:108B3000140300220092012213213C4827F044F83C
:108B40003B4B5B6903F48033002B25D07B68BA680C
:108B50007A623B623B6A002B1DDD7B6A03F01F02D9
:108B60003B6A1344FB617B6ABB61BFF34F8F00BF5D
:108B70002F4ABB69C2F86832BB692033BB61FB690D
:108B8000203BFB61FB69002BF2DCBFF34F8F00BF82
:108B9000BFF36F8F00BF00BF2648F9F765FC03469F
:108BA000012B02D04FF0FF333AE07B685B0AFA6892
:108BB000B9682048F9F7F4FB0346002B01D000BF49
:108BC000FDE707F1140340F6B832009201221221AA
:108BD000164826F0F9FF03467B637B6B002B01D11F
:108BE00000233B637B6B072B01D10023FB627B6B74
:108BF0001A2B01D10023BB627B6903F01003002B09
:108C000001D000BFFDE74FF47A70FFF7E3FE0346A3
:108C1000002B01D000BFFDE7034826F0DDFF7B6895
:108C200018463837BD4680BDDC5401241055012458
:108C300000ED00E06054012480B59AB000AF786088
:108C4000364BD3F8E030354A43F00103C2F8E03048
:108C5000324BD3F8E03003F00103BB60BB68012363
:108C60003B6501237B650023BB650023FB65002377
:108C70003B6607F1500319462948F3F711FA012220
:108C800001212748F3F7A4FB342301222549264874
:108C900026F0D2FF28222549254826F089FF254BBA
:108CA000254A1A602348F9F705FB224B4FF480321E
:108CB0005A60204B00229A601E4B4FF48042DA60CB
:108CC0001C4B00221A611B4B01225A611948F9F70B
:108CD00053FF0346002B01D001231AE007F13803AC
:108CE00019461448F9F7C3FB07F10C03194611485C
:108CF000F9F7E0FB00221149114804F093F903460B
:108D000087F8673097F86730002B01D0022300E026
:108D1000002318466837BD4680BD00BF0044025896
:108D200000000258A4000808DC540124B000080820
:108D3000105501246054012400700052BC00080842
:108D40003052012480B584B000AF786039603B6850
:108D50004FF40A7202FB03F3094A13440B227968A9
:108D6000184604F0A9F90346FB73FB7B002B01D0E6
:108D7000012300E0002318461037BD4680BD00BF28
:108D80004045012480B586B000AFF860B9607A60D4
:108D9000FB684FF40A7202FB03F30F4A98187A68D3
:108DA00007F11003B96804F011FB0346FB75FB7D66
:108DB000002B01D001230AE0FB684FF40A7202FB8A
:108DC00003F3054A1344184604F06AFC00231846CE
:108DD0001837BD4680BD00BF4045012480B584B032
:108DE00000AF78607B68002B01D100233CE07B68FA
:108DF00001331B78EB2B04D17B6802331B78902B5B
:108E000001D0002330E07B6803331B781A467B686F
:108E100004331B781B029BB21344FB81FB8907338D
:108E20007A6813441B781946FB8908337A6813441F
:108E30001B781B029BB20B44BB817B68D81CFB894F
:108E400004331946BB891A4601F07EFB0346012B09
:108E500007D040F609020021786823F020F80023AB
:108E600002E0FB8909339BB218461037BD4680BD2E
:108E700080B5ADF5007D00AF07F50073A3F5FE7377
:108E8000186007F50073A3F5FE731B68002B01D172
:108E900000238AE007F50073A3F5FE731B68013316
:108EA0001B78EB2B08D107F50073A3F5FE731B6845
:108EB00002331B78902B01D0002376E007F5007376
:108EC000A3F5FC7207F50073A3F5FE731B6810464B
:108ED00019464FF4FA731A4623F01AFE07F5007389
:108EE000A3F5FE731B6803331B781A4607F500735E
:108EF000A3F5FE731B6804331B781B029BB213445B
:108F0000A7F8FE31B7F8FE31043307F50072A2F579
:108F1000FE72126813441B7887F8FD3107F10803CD
:108F20000533B7F8FE21013A92B21146184601F016
:108F30001BFD034687F8FC3197F8FD2197F8FC31BB
:108F40009A420BD007F50073A3F5FE7340F60902B1
:108F50000021186822F0A3FF002326E007F5007324
:108F6000A3F5FE731B68581C07F50073A3F5FE7389
:108F70001B6803F10B01B7F8FE31073B1A4622F0DC
:108F800074FF07F50073A3F5FC7207F50073A3F5F2
:108F9000FE731B68104619464FF4FA731A4623F005
:108FA000B7FDB7F8FE31063B9BB2184607F50077D0
:108FB000BD4680BD80B5ADF6284D00AF07F628430D
:108FC000A3F61C43184640F606431A46002122F039
:108FD00066FF0023C7F8243C5DE007F62843A3F6AC
:108FE000244300221A609A80D7F8243CD9B23A1D53
:108FF00007F10C03184600F0B7F80346A7F8163C33
:10900000B7F9163C002B3ED10023C7F8203C35E0D1
:1090100007F62843A3F62443D7F8202C33F8123060
:10902000002B32D04E49D7F8242C13465B00134452
:10903000DB000B441033196807F10C00D7F8202C23
:1090400013465B0213445B000344184688470346FB
:10905000A7F8143C07F10C01D7F8202C13465B024B
:1090600013445B000B44B7F8142C1146184602F069
:109070000FFAD7F8203C0133C7F8203CD7F8203C42
:10908000022BC5DD02E000BF00E000BFD7F8243CA2
:109090000133C7F8243CD7F8243C082B9DDD07F6A4
:1090A0002843A3F61E4300221A8007F10A0318463C
:1090B00002F01AFAC7F81C0CD7F81C3C002B48D059
:1090C00007F62843A3F61E431B88002B41D007F662
:1090D0002843A3F61E431B881A46D7F81C1C2148B8
:1090E00023F016FD1F4BC7F8183CD7F8183CB3F80F
:1090F00003309BB21A46D7F8183C1344DA79D7F8F4
:10910000183C83F80728D7F8183CB3F803309BB213
:109110000133D7F8182C1344DA79D7F8183C83F8C0
:109120000828D7F8183CB3F803309BB21A46D7F892
:10913000183C1344D81DD7F8183CB3F803309BB241
:10914000C3F500631A46002122F0A9FED7F8183CA7
:1091500000E00023184607F62847BD4680BD00BF43
:109160008CFA01243855012480B5ADF5036D00AFAC
:1091700007F50363A3F62403186007F50363A3F65A
:109180002C031A6007F50363A3F625030A461A7039
:1091900040F20143A7F82A380023C7F8243807F51E
:1091A0000363A3F2144300221A60043340F2FD3239
:1091B0000021184622F073FE07F50363A3F625038A
:1091C0001A78504913465B001344DB000B4401330B
:1091D0001B781846B7F82A2807F21C43194606F0F0
:1091E000AFFAC7F82408D7F82438002B01DC464B27
:1091F00083E007F50363A3F625031B78032B02D155
:109200000023C7F82038D7F824389AB207F21C4157
:1092100007F50363A3F625031B78184601F040FC0D
:1092200007F50363A3F6180300221A60043340F223
:10923000FD320021184622F032FE07F50363A3F643
:109240001A0300221A800023C7F82C3845E0D7F80B
:109250002C2813465B0213445B001A4607F5036390
:10926000A3F624031B68134407F50362A2F6250244
:1092700012781A70D7F82C2813465B0213445B004F
:109280001A4607F50363A3F624031B681344581C0E
:1092900007F50363A3F61A031B881A4607F11803A0
:1092A000194623F035FCD7F82C385B0007F503622C
:1092B000A2F62C021268134407F50362A2F61A0202
:1092C00012881A80D7F82C380133C7F82C38D7F811
:1092D0002C38022B01DD0C4B0FE007F1160207F1D1
:1092E000180107F50363A3F625031B78184601F060
:1092F00041FC0346002BAAD00023184607F503675C
:10930000BD4680BD8CFA012416FCFFFF90B585B0E8
:1093100000AF3A601A460346FB710B46BB71134619
:10932000BB803B8C002B07D03B68002B04D03B8CD0
:1093300041F20702934202D96FF47A7386E0FB7917
:10934000002B02D1BB79092B01D9424B7EE03B684F
:10935000EB221A703B68013390221A70B7F904307F
:109360003A68D0183A8CB7F90430D31A023B194640
:109370003B8C023B3A6813441A4601F0E5F9364B40
:1093800093F84930BA799A4259D1344B1B6807F1A6
:109390000F023349184604F019FF304B1B6807F1E0
:1093A0000E023049184604F011FF3B680A333A8C2C
:1093B0003968184622F059FD3B8C07333B843B68E3
:1093C000EB221A703B68013390221A703B6802331B
:1093D0003A8CD2B21A703B8C1B0A9AB23B680333A8
:1093E000D2B21A703B680433FA7B1A703B680533BB
:1093F000BA7B1A703B680633CB221A703B6807337E
:1094000000221A703B68083301221A70164B1B7831
:109410005A1CD1B2144A11703A68093213703B8C4D
:1094200004333B843B68181D3B8C043B99B23B8C56
:10943000013B3A68D41801F097FA03462370BB79D0
:109440003A8C3968184606F063F900231846143739
:10945000BD4690BD18FCFFFF8CFA01241035022494
:10946000C0000808CC000808280400200000000004
:1094700080B5ACB000AF87ED120B87ED101B87ED08
:109480000E2B87ED0C3B87ED0A4B87ED085B87EDD4
:10949000066B87ED047BF860B9607A603B609FEDF6
:1094A0003A6B97ED127B27EE067B87ED127B9FEDE3
:1094B000366B97ED107B27EE067B87ED107B9FEDDB
:1094C000326B97ED0C7B27EE067B87ED0C7B9FEDD7
:1094D0002E6B97ED0A7B27EE067B87ED0A7B9FEDCF
:1094E0002A6B97ED087B27EE067B87ED087BD7E993
:1094F0000A23C7E92023D7E90823C7E92223D7E9AC
:109500000623C7E92423D7E90423C7E92623D7E99B
:109510002E23C7E92823D7E93023C7E92A2307F1F7
:10952000500207F1800397ED0C3B97ED0E2B97ED62
:10953000101B97ED120B1146184600F015FBD7E9EA
:109540001423F968C1E90023D7E91623B968C1E9F2
:109550000023D7E918237968C1E90023D7E91A2342
:109560003968C1E90023D7E91C23D7F8C810C1E93D
:109570000023D7E91E23D7F8CC10C1E9002300BF90
:10958000B037BD4680BD00BF399D52A246DF913F36
:1095900080B489B000AFF860B9607A604FF0000223
:1095A0004FF00003C7E9062300237B6134E000236A
:1095B0003B611DE07A6913465B001344DB001A46E9
:1095C000FB681A443B69DB00134493ED006B3B6975
:1095D000DB00BA68134493ED007B26EE077B97ED22
:1095E000066B36EE077B87ED067B3B6901333B61FB
:1095F0003B69022BDEDD7B69DB007A68D118D7E995
:109600000623C1E900234FF000024FF00003C7E931
:1096100006237B6901337B617B69022BC7DD00BFB9
:1096200000BF2437BD465DF8047B704780B48BB023
:1096300000AFF860B9607A604FF000024FF00003AD
:10964000C7E908230023FB614BE00023BB6142E034
:1096500000237B6124E0FA6913465B001344DB00BE
:109660001A46FB681A447B69DB00134493ED006BD8
:109670007A6913465B001344DB001A46BB681A4440
:10968000BB69DB00134493ED007B26EE077B97ED6F
:10969000086B36EE077B87ED087B7B6901337B61C6
:1096A0007B69022BD7DDFA6913465B001344DB00AC
:1096B0001A467B681A44BB69DB00D118D7E9082336
:1096C000C1E900234FF000024FF00003C7E908236F
:1096D000BB690133BB61BB69022BB9DDFB69013397
:1096E000FB61FB69022BB0DD00BF00BF2C37BD461C
:1096F0005DF8047B7047000090B585B000AF87ED42
:10970000020B786079684FF000022A4BC1E9002310
:1097100079684FF000024FF00003C1E90223796835
:109720004FF000024FF00003C1E904237B6803F10E
:1097300018014FF000024FF00003C1E900237B68DD
:1097400003F1180497ED020B1FF01EFAB0EE407BF8
:1097500084ED027B7B6803F1180497ED020B1FF088
:109760005BFAB0EE407B84ED047B7B6803F1300153
:109770004FF000024FF00003C1E9002397ED020B08
:109780001FF04AFAB0EE407B7B683033B1EE477B86
:1097900083ED027B7B6803F1300497ED020B1FF031
:1097A000F3F9B0EE407B84ED047B00BF1437BD4677
:1097B00090BD00BF0000F03F90B585B000AF87EDD1
:1097C000020B786097ED020B1FF0DEF9B0EE407BE4
:1097D0007B6883ED007B79684FF000024FF0000357
:1097E000C1E9022397ED020B1FF016FAB0EE407BA1
:1097F000B1EE477B7B6883ED047B7B6803F1180146
:109800004FF000024FF00003C1E900237B6803F131
:1098100018014FF00002174BC1E902237B6803F1E6
:1098200018014FF000024FF00003C1E904237B68E8
:1098300003F1300497ED020B1FF0EEF9B0EE407B20
:1098400084ED007B7B6803F130014FF000024FF0A4
:109850000003C1E902237B6803F1300497ED020B9A
:109860001FF092F9B0EE407B84ED047B00BF14370B
:10987000BD4690BD0000F03F90B585B000AF87EDCC
:10988000020B786097ED020B1FF07EF9B0EE407B83
:109890007B6883ED007B97ED020B1FF0BDF9B0EE06
:1098A000407B7B6883ED027B79684FF000024FF0CC
:1098B0000003C1E9042397ED020B1FF0ADF9B0EEF0
:1098C000407B7B681833B1EE477B83ED007B7B6880
:1098D00003F1180497ED020B1FF056F9B0EE407B30
:1098E00084ED027B7B6803F118014FF000024FF01A
:1098F0000003C1E904237B6803F130014FF000024B
:109900004FF00003C1E900237B6803F130014FF001
:1099100000024FF00003C1E902237B6803F130012C
:109920004FF00002034BC1E9042300BF1437BD46CA
:1099300090BD00BF0000F03F80B52DED048B90B0CE
:1099400000AF786039607B68D3E90023C7E90E2354
:109950007B68D3E90223C7E90C237B68D3E904239E
:10996000C7E90A239FED429B97ED0C0B1FF054F9BA
:10997000B0EE407B9FED406B27EE068B97ED0C0B16
:109980001FF04AF9B0EE407B28EE077BB7EE006B84
:1099900036EE477BB0EE470B1EF0CEFFB0EE406BCD
:1099A00089EE067B87ED087B97ED086B97ED0A7BC8
:1099B00036EE078B97ED0C0B1FF0E6F8B0EE407B10
:1099C00028EE078B97ED0E0B1FF0DEF8B0EE407B14
:1099D00028EE077B87ED067B97ED086B97ED0A7BFA
:1099E00036EE078B97ED0C0B1FF0CEF8B0EE407BF8
:1099F00028EE078B97ED0E0B1FF00EF9B0EE407BB3
:109A000028EE077B87ED047B9FED1B7BB7EE006B99
:109A100036EE476B97ED087B26EE076B97ED0A7BDA
:109A200036EE078B97ED0C0B1FF0F6F8B0EE407B8F
:109A300028EE077B87ED027B3968D7E90623C1E969
:109A400000233B6803F10801D7E90423C1E900239F
:109A50003B6803F11001D7E90223C1E9002300BFED
:109A60004037BD46BDEC048B80BD00BFAFF3008026
:109A700000000040A6545841028FFEF1906B7B3FDE
:109A800080B485B000AF786039600023FB6025E0CA
:109A90000023BB601CE0BA6813465B001344DB0084
:109AA0001A467B689918FA6813465B001344DB007A
:109AB0001A463B689818FB68DB000B44D3E9002387
:109AC000B968C9000144C1E90023BB680133BB6028
:109AD000BB68022BDFDDFB680133FB60FB68022BF8
:109AE000D6DD00BF00BF1437BD465DF8047B70476C
:109AF00080B59CB000AF87ED080B87ED061B87EDA6
:109B0000042BF860B9607A603B60D7E90823C7E9A5
:109B10001623D7E90623C7E91823D7E90423C7E9A1
:109B20001A2307F1400207F1580311461846FFF7C0
:109B300003FF07F1280207F140031946F868FFF711
:109B400027FDD7E90A23B968C1E90023D7E90C2327
:109B50007968C1E90023D7E90E233968C1E90023F8
:109B600000BF7037BD4680BDF0B52DED048BADF262
:109B7000744D00AF07F58E63A3F24C43186007F5F0
:109B80008E63A3F58A63196007F1200303ED020BCE
:109B900007F1100383ED001B07F1100303ED022B07
:109BA0003B4683ED003B07F58E63A3F24C431B68F5
:109BB000D3E9002307F58D61C1E9002307F58E6322
:109BC000A3F24C431B68D3E9022307F58C61C1E97A
:109BD000002307F58E63A3F24C431B68D3E90423EB
:109BE00007F58B61C1E9002307F58E63A3F24C43AF
:109BF0001B68D3E9062307F58661C1E9002307F551
:109C00008E63A3F24C431B68D3E9082307F58761F1
:109C1000C1E9002307F58E63A3F24C431B68D3E927
:109C20000A2307F58861C1E900239FEDEF9B07F543
:109C30008C6393ED000B1EF0EFFFB0EE407B9FEDC9
:109C4000EC6B27EE068B07F58C6393ED000B1EF093
:109C5000E3FFB0EE407B28EE077BB7EE006B36EEFD
:109C6000477BB0EE470B1EF067FEB0EE406B89EE0F
:109C7000067B07F58A6383ED007B07F58A6393ED26
:109C8000006B07F58B6393ED007B36EE078B07F5D2
:109C90008C6393ED000B1EF077FFB0EE407B28EE57
:109CA000078B07F58D6393ED000B1EF06DFFB0EE93
:109CB000407B28EE077B07F5836383ED007B07F588
:109CC0008A6393ED006B07F58B6393ED007B36EEB3
:109CD000078B07F58C6393ED000B1EF055FFB0EE7C
:109CE000407B28EE078B07F58D6393ED000B1EF08C
:109CF00093FFB0EE407B28EE077B07F5846383ED8E
:109D0000007B9FEDBB7BB7EE006B36EE476B07F534
:109D10008A6393ED007B26EE076B07F58B6393ED6B
:109D2000007B36EE078B07F58C6393ED000B1EF07E
:109D300073FFB0EE407B28EE077B07F5856383ED6C
:109D4000007B9FEDAD5BB0EE007B85EE076B3B4685
:109D500093ED007B36EE077BB1EE477B07F5507342
:109D60001846B0EE470BFFF727FD07F5627307F1C2
:109D70001002184692ED000BFFF7BEFC9FED9E5BB4
:109D8000B0EE007B85EE076B07F1200313ED027B3D
:109D900036EE477BB1EE477B07F53E731846B0EED3
:109DA000470BFFF769FD07F52C7207F5627107F5A0
:109DB00050731846FFF73AFC07F5747207F53E71C9
:109DC00007F52C731846FFF731FC07F5267207F5E7
:109DD000836107F574731846FFF7DAFB07F5147310
:109DE00007F11002184692ED000BFFF745FD07F54D
:109DF00002733A46184692ED000BFFF7DDFC07F5BB
:109E0000E07207F5027107F514731846FFF70EFCB0
:109E100007F1200307F58D6292ED006B13ED027BD5
:109E200036EE477B07F5896383ED007B07F58C638E
:109E300093ED007BB1EE477B07F5BC731846B0EE9F
:109E4000470BFFF719FD07F59873184607F5896367
:109E500093ED000BFFF750FC07F1E80207F598714E
:109E600007F5BC731846FFF7E1FB07F1A00207F501
:109E7000E07107F1E8031846FFF7D8FB07F1580235
:109E800007F1A00311461846FFF7FAFD07F140025B
:109E900007F5866107F158031846FFF779FB07F1CC
:109EA000400319464FF000024FF0000341E902233E
:109EB00007F1300319464FF000024FF00003C1E9EB
:109EC000002307F1300319464FF000024FF0000362
:109ED00041E9022307F1280307F1300207F13801B5
:109EE00007F5747007F11004264607F110042546A3
:109EF00007F1200416ED022B95ED001B14ED020B6B
:109F0000FFF7F6FD07F58E63A3F5EC7393ED006B99
:109F100007F1400313ED027B36EE477B07F58E63B6
:109F2000A3F58A631B6883ED007B07F58E63A3F5B9
:109F3000EC7393ED026B07F1300393ED007B07F5B3
:109F40008E63A3F58A631B68083336EE477B83ED87
:109F5000007B07F58E63A3F5EC7393ED046B07F1BB
:109F6000300313ED027B07F58E63A3F58A631B684C
:109F7000103336EE477B83ED007B07F58E63A3F548
:109F80008A631B6803F1180107F58E63A3F58663E6
:109F9000D3E90023C1E9002307F58E63A3F58A63A3
:109FA0001B6803F1200107F58E63A3F58663D3E9EF
:109FB0000223C1E9002307F58E63A3F58A631B68BA
:109FC00003F1280107F58E63A3F58663D3E9042323
:109FD000C1E9002300BF07F27447BD46BDEC048B06
:109FE000F0BD00BFAFF3008000000040A654584110
:109FF000028FFEF1906B7B3F182D4454FB210940EA
:10A0000080B58AB000AF87ED010A3860D44B3B625F
:10A01000D44BFB61D44BBB6197ED067AD7ED017A47
:10A0200067EE277AB7EEE75A97ED067AD7ED017A11
:10A0300067EE277AB7EEE76A9FEDB54B86EE047BB5
:10A04000B7EE006B37EE066B85EE067BF7EEC77B4F
:10A05000C7ED057AD7ED057AB2EE067AF4EEC77A47
:10A06000F1EE10FA40D5D7ED057AB7EEE77AB1EE0A
:10A070000A6B27EE067B9FEDA86B36EE477BF7EE6B
:10A08000C77BC7ED047AD7ED047AB7EEE77A9FED88
:10A09000A25B85EE076BD7ED087AF1EE677AB7EE33
:10A0A000E77AB1EE0A4B87EE045BB0EE451BB0EEEB
:10A0B000460B1EF07DFFB0EE407BF7EEC77BC7ED91
:10A0C000037AD7ED037AB7EEE75AD7ED047AB7EE05
:10A0D000E77A9FED914B87EE046B85EE067BF7EEFA
:10A0E000C77BC7ED097AE5E1D7ED057AB3EE047ACF
:10A0F000F4EEC77AF1EE10FA34D59C4B3B61D7ED04
:10A10000087AB1EE677AD7ED057AF2EE066A77EE55
:10A11000E67A67EE277AB7EEE77A9FED815B87EE06
:10A12000056BB0EE460B1EF0EFFDB0EE407B9FEDF1
:10A130007E6B27EE067BF7EEC77BC7ED037AD7ED84
:10A14000037AB7EEE75AD7ED047AB7EEE77A9FEDD8
:10A15000724B87EE046B85EE067BF7EEC77BC7ED8F
:10A16000097AA7E1D7ED057A9FED817AF4EEC77AF7
:10A17000F1EE10FA3ED5D7ED057AB3EE047A77EE1C
:10A18000C77AB7EEE77A9FED666B37EE067BF7EEA0
:10A19000C77BC7ED047AD7ED047AB7EEE77A9FED77
:10A1A000605B85EE076BD7ED087AB7EEE77AB0EE25
:10A1B000471BB0EE460B1EF0FBFEB0EE407B9FED62
:10A1C0005C6B27EE067BF7EEC77BC7ED037AD7ED16
:10A1D000037AB7EEE75AD7ED047AB7EEE77A9FED48
:10A1E0004E4B87EE046B85EE067BF7EEC77BC7ED23
:10A1F000097A5FE1D7ED057A9FED5E7AF4EEC77AD2
:10A20000F1EE10FA46D5D7ED057A9FED597A77EE43
:10A21000C77AB7EEE77A9FED486B27EE067B9FED96
:10A22000486B37EE067BF7EEC77BC7ED047AD7EDB8
:10A23000047AB7EEE77A9FED425B85EE076BD7EDC8
:10A24000087AB7EEE77A9FED3C4B87EE045BB0EE01
:10A25000451BB0EE460B1EF0ABFEB0EE407B9FED13
:10A260003A6B27EE067BF7EEC77BC7ED037AD7ED97
:10A27000037AB7EEE75AD7ED047AB7EEE77A9FEDA7
:10A28000264B87EE046B85EE067BF7EEC77BC7EDAA
:10A29000097A0FE1D7ED057A9FED397AF4EEC77AA6
:10A2A000F1EE10FA6ED5344B3B61D7ED087AB1EE82
:10A2B000677AD7ED057ADFED2F6A77EEE67A67EEFB
:10A2C000277AB7EEE77A9FED225B87EE056BB0EE5B
:10A2D000460B1EF019FDB0EE407B9FED1F6B27EE85
:10A2E000067BF7EEC77BC7ED037AD7ED037AB7EEAF
:10A2F000E75AD7ED047AB7EEE77A9FED074B87EE82
:10A30000046B85EE067BF7EEC77BC7ED097AD1E0DB
:10A31000BC749318C4D4B840666666666602724020
:10A32000CDCCCCCCCC146B4010069E7B0F97CC3F91
:10A3300054FCDF1115AAAB3F66666666666606408A
:10A34000CDCCCCCCCC946C400C0CB4965D8B813FC6
:10A350006666666666EA70400874266DAAEE513F2E
:10A360001DA70842CDCC9C3F6F12833A66A6584386
:10A370000000004200003C423353874300008E42FD
:10A3800000004C42D7ED057A1FED047AF4EEC77A4F
:10A39000F1EE10FA48D5D7ED057A1FED077A77EE82
:10A3A000C77AB7EEE77A9FED4A6B27EE067B9FED03
:10A3B0004A6B36EE477BF7EEC77BC7ED047AD7EDE5
:10A3C000047AB7EEE77A9FED445B85EE076BD7ED35
:10A3D000087AF1EE677AB7EEE77A9FED3D4B87EEAC
:10A3E000045BB0EE451BB0EE460B1EF0E1FDB0EE97
:10A3F000407B9FED3B6B27EE067BF7EEC77BC7EDFF
:10A40000037AD7ED037AB7EEE75AD7ED047AB7EEC1
:10A41000E77A9FED354B87EE046B85EE067BF7EE12
:10A42000C77BC7ED097A45E0D7ED057A9FED347A11
:10A4300077EEC77A77EEA77AB7EEE77A9FED2C6BC7
:10A4400036EE477BF7EEC77BC7ED047AD7ED047A8B
:10A45000B7EEE77A9FED265B85EE076BD7ED087ABE
:10A46000B1EE677AF0EE005AC7EE257AB7EEE77ADA
:10A47000B0EE471BB0EE460B1EF09AFDB0EE407BEF
:10A480009FED1D6B27EE067BF7EEC77BC7ED037ACA
:10A49000D7ED037AB7EEE75AD7ED047AB7EEE77A4D
:10A4A0009FED114B87EE046B85EE067BF7EEC77BC5
:10A4B000C7ED097A97ED077AD7ED097A67EE277A23
:10A4C0003B68C3ED007A002318462837BD4680BD9F
:10A4D00066666666666606406666666666EA70403A
:10A4E0002B2E541FC4A5453F666666666602724001
:10A4F000CDCCCCCCCCD46A4079272558AA78043F5F
:10A5000000008E4280B483B000AF03460A46FB8051
:10A5100013467B71FB881B021AB2FB881B0A9BB295
:10A5200019467B794B40DBB2064931F813301BB238
:10A5300053401BB29BB218460C37BD465DF8047BF6
:10A54000704700BF2C04002080B586B000AFF860D3
:10A55000B9601346FB80FB68002B02D0BB68002B60
:10A5600001D1002319E00023FB820AE0FB685A1C9A
:10A57000FA601A78FB8A11461846FFF7C3FF0346B4
:10A58000FB82BB685A1EBA60002BEFD1FA88FB8AA7
:10A590009A4201D1012300E0002318461837BD4636
:10A5A00080BD80B485B000AF0346FB710023FB7310
:10A5B0000023BB6013E0FA79BB6842FA03F303F0AF
:10A5C0000102BB68C3F1070302FA03F35AB297F919
:10A5D0000F3013435BB2FB73BB680133BB60BB68D6
:10A5E000072BE8DDFB7B18461437BD465DF8047B7E
:10A5F000704780B485B000AF0346FB800023FB8129
:10A600000023BB6013E0FA88BB6842FA03F303F04F
:10A610000102BB68C3F10F0302FA03F31AB2B7F9E0
:10A620000E3013431BB2FB81BB680133BB60BB68B8
:10A630000F2BE8DDFB8918461437BD465DF8047B17
:10A64000704780B586B000AF786039600023FB8228
:10A6500000233B612EE07A683B6913441B78FB7250
:10A66000FB7A1846FFF79DFF0346FB72FB7A1B023D
:10A670001AB2B7F9163053401BB2FB820023FB60BD
:10A6800012E0B7F91630002B08DAFB8A5B001AB229
:10A6900041F2210353401BB2FB8202E0FB8A5B00C4
:10A6A000FB82FB680133FB60FB68072BE9DD3B693C
:10A6B00001333B613B683A699A42CCD3FB8A184626
:10A6C000FFF797FF0346FB82FB8A18461837BD4603
:10A6D00080BD000080B487B000AF786039607B68CF
:10A6E0001B78FB7300233B611DE03B69002B0AD103
:10A6F0003B697A6813441B781A46124B9B5CFB73C8
:10A70000FB7BFB750CE03B697A6813441A78FB7D90
:10A710005340DBB21A460B4B9B5CFB73FB7BFB7518
:10A720003B6901333B613B693A689A42DDD8FB7D66
:10A7300083F05503DBB218461C37BD465DF8047B39
:10A74000704700BF2C06002080B586B000AFF860CF
:10A75000B9607A60FB68002B1CD07B68002B19D095
:10A76000BB68002B16D00023FB820AE0FB685A1C52
:10A77000FA601A78FB8A11461846FFF7C3FE0346B3
:10A78000FB82BB685A1EBA60002BEFD17B68FA8A45
:10A790001A8000E000BF1837BD4680BD80B485B088
:10A7A00000AF78600B46FB700023FB600023BB60AA
:10A7B0000123BB6014E07B6803F00103002B09D088
:10A7C000FA78BB68D31A012202FA03F31A46FB682F
:10A7D0001343FB607B685B087B60BB680133BB6035
:10A7E000FB78BA689A42E6DDFB6818461437BD4626
:10A7F0005DF8047B7047000080B584B000AF234B48
:10A800007B600023FB600023BB600023FB6035E01E
:10A810000821F868FFF7C2FF03461A061C49FB68C7
:10A8200041F823200023BB6015E0194AFB6852F869
:10A8300023305A001649FB6851F82330002B01DA07
:10A840007B6800E000235A401149FB6841F823204F
:10A85000BB680133BB60BB68072BE6D90C4AFB68B9
:10A8600052F8233020211846FFF798FF0246084986
:10A87000FB6841F82320FB680133FB60FB68FF2B7A
:10A88000C6D900BF1037BD4680BD00BFB71DC1048B
:10A89000445D012480B586B000AFF860B9607A608D
:10A8A0003B604FF0FF337B613B68002B01D07B683E
:10A8B0007B6100233B61184B1B78002B21D1164B89
:10A8C00001221A7000233B6107E0144A3B69002112
:10A8D00042F823103B6901333B613B69FF2BF4DDF8
:10A8E000FFF78AFF0DE07B691A0A7B69D9B2FB6822
:10A8F000581CF8601B784B40084951F823305340EE
:10A900007B61BB685A1EBA60002BECD17B69DB43CC
:10A9100018461837BD4680BD44610124445D0124BA
:10A9200080B485B000AF78600B467B800023FB814C
:10A930000023BB600023BB600BE07B681B781A46DA
:10A94000FB891344FB817B6801337B60BB68013367
:10A95000BB607B88BA689A42EFDBFB8918461437E4
:10A96000BD465DF8047B704780B485B000AF786069
:10A970000B467B800023FB730023BB8109E0BB896E
:10A980007A6813441A78FB7B5340FB73BB8901330D
:10A99000BB81BA897B889A42F1D3FB7B1846143776
:10A9A000BD465DF8047B704780B483B000AF0346BA
:10A9B000FB71FB79394A41F2170101FB03F31344A0
:10A9C0000933EB221A70FB79344A41F2170101FB7B
:10A9D00003F313440A3390221A70FB792F4A41F291
:10A9E000170101FB03F313440833002242F008026D
:10A9F000DA7100221A7200225A7200229A72FB79CE
:10AA0000264A41F2170101FB03F3134400225A7056
:10AA100000229A700022DA7000221A71FB791F4A14
:10AA200041F2170101FB03F3134400225A71002283
:10AA30009A710022DA7100221A72FB79174A41F2E8
:10AA4000170101FB03F3134408330022DA700022DC
:10AA50001A7100225A7100229A71FB790F4A41F251
:10AA6000170101FB03F3134410330022DA700022B4
:10AA70001A7100225A7100229A71FB79074A41F239
:10AA8000170101FB03F3134401221A700023184637
:10AA90000C37BD465DF8047B704700BF4861012458
:10AAA000F0B585B000AF03463960FB711346BB803B
:10AAB000FB792F4A41F2170101FB03F313441B7882
:10AAC000002B03D1FB791846FFF76EFFBB88B3F567
:10AAD000805F01D9FF2346E00023FB603EE0FB6876
:10AAE0003A68D018F979FA79214C41F2170302FB40
:10AAF00003F32344D3F805305C1C1D4D41F21706C7
:10AB000006FB02F22A44C2F805400478184841F2D4
:10AB1000170201FB02F202441344173322461A7053
:10AB2000FB79134A41F2170101FB03F31344D3F8F5
:10AB30000530B3F5805F0ED1FB790D4A41F2170164
:10AB400001FB03F3134400225A7100229A71002280
:10AB5000DA7100221A72FB680133FB60BB88FA6865
:10AB60009A42BCDB002318461437BD46F0BD00BF37
:10AB700048610124B0B596B000AF0346B9607A6071
:10AB8000FB73FB7BB54A41F2170101FB03F313444E
:10AB9000D3F8053003F58052FB7BB04941F2170032
:10ABA00000FB03F30B44D3F80130D31A5A42C3F32A
:10ABB0000B03C2F30B0258BF53427B657B6D072B1F
:10ABC00002DCA74B00F042BCFB7B052B40F0C980A8
:10ABD000C0E00023A7F85230FA7BFB7B9F4941F28B
:10ABE000170000FB03F30B44D3F801309B4941F2FB
:10ABF000170000FB02F20A44134417331B78FF2BA3
:10AC000003D13523A7F8523030E0FA7BFB7B934920
:10AC100041F2170000FB03F30B44D3F801308F49D6
:10AC200041F2170000FB02F20A44134417331B7869
:10AC3000FE2B03D11D23A7F8523017E0FA7BFB7BD4
:10AC4000864941F2170000FB03F30B44D3F80130AF
:10AC5000824941F2170000FB02F20A441344173301
:10AC60001B78FD2B02D12923A7F85230B7F85230B8
:10AC70007A6D9A4201DA7A4BE8E3B7F85230002B4A
:10AC80004BD00023FB643DE0F97BFA7B734841F233
:10AC9000170302FB03F30344D3F80130581C6F4C35
:10ACA00041F2170505FB02F22244C2F80100FA6CDA
:10ACB000B8680244694841F2170404FB01F10144F9
:10ACC0000B4417331B781370FB7B644A41F2170166
:10ACD00001FB03F31344D3F80130B3F5805F0ED1C9
:10ACE000FB7B5E4A41F2170101FB03F31344002290
:10ACF0005A7000229A700022DA7000221A71FB6CDE
:10AD00000133FB64B7F85230FA6C9A42BCDB7B68C3
:10AD1000B7F852201A80002398E37B6D013B7B65D6
:10AD2000FB7B4E4A41F2170101FB03F31344D3F8B6
:10AD300001300133FA7B5942C3F30B03C1F30B011A
:10AD400058BF4B42454941F2170000FB02F20A444A
:10AD5000C2F801307B6D1C2B3FF73BAF4FF0FF3348
:10AD600074E3FB7B012B40F0E880DFE0FB7B3B4A98
:10AD700041F2170101FB03F31344D3F8013001330F
:10AD80005A42C3F30B03C2F30B0258BF53427B6218
:10AD9000FB7B324A41F2170101FB03F31344D3F862
:10ADA00001309A1CFB7B2D4941F2170000FB03F395
:10ADB0000B440833D3F8033013445A42C3F30B0354
:10ADC000C2F30B0258BF53423B62FA7BFB7B234921
:10ADD00041F2170000FB03F30B44D3F801301F4985
:10ADE00041F2170000FB02F20A44134417331A78A9
:10ADF000FB7B1A4941F2170000FB03F30B440933B4
:10AE00001B789A4275D1FB7B144A41F2170101FB72
:10AE100003F31A447B6A134417331A78FB7B0F49F8
:10AE200041F2170000FB03F30B440A331B789A42EC
:10AE30005FD1FB7B094A41F2170101FB03F31A447E
:10AE40003B6A134417331B78FB83FB8B7A6D9A4262
:10AE500001DA034BFAE20023BB6441E048610124BC
:10AE600016FCFFFFF97BFA7BB74841F2170302FBA0
:10AE700003F30344D3F80130581CB34C41F21705D7
:10AE800005FB02F22244C2F80100BA6CB868024421
:10AE9000AD4841F2170404FB01F101440B441733A0
:10AEA0001B781370FB7BA84A41F2170101FB03F3E7
:10AEB0001344D3F80130B3F5805F0ED1FB7BA24A77
:10AEC00041F2170101FB03F3134400225A700022E0
:10AED0009A700022DA7000221A71BB6C0133BB64D5
:10AEE000FB8BBA6C9A42BDDB7B68FA8B1A8000231D
:10AEF000ACE27B6D013B7B65FB7B934A41F2170122
:10AF000001FB03F31344D3F801300133FA7B5942B8
:10AF1000C3F30B03C1F30B0158BF4B428A4941F203
:10AF2000170000FB02F20A44C2F801307B6D072BC8
:10AF30003FF71CAF4FF0FF3388E2FB7B032B40F061
:10AF40007F82FAE0FB7B804A41F2170101FB03F3A9
:10AF50001344D3F8013001335A42C3F30B03C2F355
:10AF60000B0258BF53423B63FB7B774A41F2170108
:10AF700001FB03F31344D3F801309A1CFB7B7249A5
:10AF800041F2170000FB03F30B440833D3F80330FE
:10AF900013445A42C3F30B03C2F30B0258BF53428C
:10AFA000FB62FB7B684A41F2170101FB03F3134488
:10AFB000D3F80130DA1CFB7B634941F2170000FB38
:10AFC00003F30B440833D3F8033013445A42C3F35A
:10AFD0000B03C2F30B0258BF5342BB62FA7BFB7BED
:10AFE000594941F2170000FB03F30B44D3F8013039
:10AFF000554941F2170000FB02F20A44134417338B
:10B000001B78EB2B7CD1FB7B4F4A41F2170101FBF4
:10B0100003F31A443B6B134417331B78902B6FD107
:10B02000FB7B494A41F2170101FB03F31A44FB6A17
:10B03000134417331B783B76FB7B434A41F21701DD
:10B0400001FB03F31A44BB6A134417331B787B7666
:10B050003B8BBB83BB8B04339BB2BB83BB8B1A463E
:10B060007B6D934201DA394BF0E100237B643DE0D4
:10B07000F97BFA7B344841F2170302FB03F30344E4
:10B08000D3F80130581C304C41F2170505FB02F291
:10B090002244C2F801007A6CB86802442A4841F29E
:10B0A000170404FB01F101440B4417331B781370A0
:10B0B000FB7B254A41F2170101FB03F31344D3F84C
:10B0C0000130B3F5805F0ED1FB7B1F4A41F21701BF
:10B0D00001FB03F3134400225A7000229A700022ED
:10B0E000DA7000221A717B6C01337B64BB8B1A46C9
:10B0F0007B6C9342BCDBBA8B7B681A800023A5E192
:10B100007B6D013B7B65FB7B0F4A41F2170101FB25
:10B1100003F31344D3F801300133FA7B5942C3F3EC
:10B120000B03C1F30B0158BF4B42074941F2170013
:10B1300000FB02F20A44C2F801307B6D072B3FF797
:10B1400001AF4FF0FF3381E14861012416FCFFFF9E
:10B15000FB7BC04A41F2170101FB03F31344D3F810
:10B16000013001335A42C3F30B03C2F30B0258BF41
:10B170005342FB63FB7BB74A41F2170101FB03F328
:10B180001344D3F801309A1CFB7BB24941F21700FB
:10B1900000FB03F30B440833D3F8033013445A4243
:10B1A000C3F30B03C2F30B0258BF5342BB63FB7BD9
:10B1B000A84A41F2170101FB03F31344D3F801300D
:10B1C000DA1CFB7BA34941F2170000FB03F30B449D
:10B1D0000833D3F8033013445A42C3F30B03C2F3CA
:10B1E0000B0258BF53427B63FA7BFB7B994941F2C8
:10B1F000170000FB03F30B44D3F80130954941F2EB
:10B20000170000FB02F20A44134417331A78FB7B41
:10B21000904941F2170000FB03F30B4409331B78FC
:10B220009A4240F0F080FB7B8A4A41F2170101FB11
:10B2300003F31A44FB6B134417331A78FB7B8549DD
:10B2400041F2170000FB03F30B440A331B789A42C8
:10B2500040F0D980FB7B7F4A41F2170101FB03F3E9
:10B2600013441033D3F80330002B29D1FB7B794AE8
:10B2700041F2170101FB03F31A44BB6B134417336C
:10B280001B783B75FB7B734A41F2170101FB03F30B
:10B290001A447B6B134417331B787B75BB8AFB8284
:10B2A000FB7B6C4A41F2170101FB03F313440833A3
:10B2B000D3F807309AB2FB8A13449BB2FB821CE09E
:10B2C000FB7B644A41F2170101FB03F31344103383
:10B2D000D3F80330B3F1FF3F03D17B6D9BB2FB8208
:10B2E0000BE0FB7B5B4A41F2170101FB03F31344C4
:10B2F0001033D3F803309BB2FB82FB8AB3F5967F01
:10B300002FD9FB7B41F2170202FB03F31033514AA2
:10B31000134407334FF480520021184620F0BFFD3C
:10B32000FB7B4C4A41F2170101FB03F3134400225B
:10B330005A7000229A700022DA7000221A71FB7B88
:10B34000444A41F2170101FB03F3134400225A71EE
:10B3500000229A710022DA7100221A724FF0FF3334
:10B3600074E0FB8A1A467B6D934201DA3A4B6DE03A
:10B3700000233B643DE0F97BFA7B364841F217033A
:10B3800002FB03F30344D3F80130581C314C41F263
:10B39000170505FB02F22244C2F801003A6CB868B6
:10B3A00002442C4841F2170404FB01F101440B4410
:10B3B00017331B781370FB7B264A41F2170101FB00
:10B3C00003F31344D3F80130B3F5805F0ED1FB7B58
:10B3D000204A41F2170101FB03F3134400225A7083
:10B3E00000229A700022DA7000221A713B6C01333D
:10B3F0003B64FB8A1A463B6C9342BCDBFA8A7B684F
:10B400001A80002322E07B6D013B7B65FB7B114AA8
:10B4100041F2170101FB03F31344D3F80130013368
:10B42000FA7B5942C3F30B03C1F30B0158BF4B42E4
:10B43000084941F2170000FB02F20A44C2F8013049
:10B440007B6D072B3FF784AE4FF0FF33184658371C
:10B45000BD46B0BD4861012416FCFFFF80B500AFBA
:10B4600068220021084820F01AFD074B074A1A609D
:10B47000054B4FF40062A3F86420034B0022A3F8AD
:10B4800066200023184680BD18F2012480F20124B2
:10B4900080B584B000AF78600B467B800023FB60F2
:10B4A0007B68002B02D16FF47A7316E07B88002B47
:10B4B00001D10C4B11E07B88184600F079F8F86058
:10B4C000FB68002B02D16FF47B7306E07B88FA687F
:10B4D0001946786800F0B6F8034618461037BD469E
:10B4E00080BD00BF16FCFFFF80B584B000AF786060
:10B4F0000023FB607B68002B01D1002350E0002378
:10B50000FB6037E02849FA6813465B0013449B0050
:10B510000B4404331B78012B29D12349FA681346C5
:10B520005B0013449B000B4405331B78002B1ED19A
:10B530001D49FA6813465B0013449B000B44053316
:10B5400001221A701849FA6813465B0013449B00E5
:10B550000B440C331A887B681A801349FA68134627
:10B560005B0013449B000B4408331B6818E0FB6826
:10B570000133FB60FB68072BC4DD602200210B4810
:10B5800020F08DFC084B1B68074AB2F864200021AC
:10B59000184620F084FC044B0022A3F86620002308
:10B5A00018461037BD4680BD18F201241CF2012454
:10B5B00080B485B000AF0346FB800023FB60204BC6
:10B5C000B3F866301A46FB8813441D4AB2F864206B
:10B5D000934201DD00232CE00023FB6025E01849A5
:10B5E000FA6813465B0013449B000B4404331B783A
:10B5F000002B17D1124B1B68114AB2F8662099181C
:10B600000F48FA6813465B0013449B000344083359
:10B610001960FA6813465B0013449B00084A134400
:10B62000043306E0FB680133FB60FB68072BD6DDC3
:10B63000002318461437BD465DF8047B704700BFF1
:10B6400018F2012480B584B000AFF8600B467A6030
:10B650007B81FB68002B02D07B68002B02D16FF44A
:10B660007A731BE07B89002B01D10E4B16E07B68BF
:10B670005B687A89F968184621F04AFA7B680122EA
:10B680001A707B687A891A81074BB3F866207B8928
:10B6900013449AB2044BA3F86620002318461037CF
:10B6A000BD4680BD16FCFFFF18F2012480B5A2B094
:10B6B00000AF786007F108037A680449184620F063
:10B6C0005FFB002318468837BD4680BDD8000808B8
:10B6D00090B583B000AF00237B6040E024497A68D6
:10B6E00013465B001344DB000B4408331B78002B2C
:10B6F00002D06F23FB700FE01D497A6813465B0090
:10B700001344DB000B4409331B78002B02D0652364
:10B71000FB7001E06E23FB7015497A6813465B00ED
:10B720001344DB000B4401331B781C4610497A6834
:10B7300013465B001344DB000B44043319680C48C8
:10B740007A6813465B001344DB0003440A331B781A
:10B75000FA78204603F01CFF7B6801337B607B682E
:10B76000082BBBDD00BF00BF0C37BD4690BD00BF3E
:10B770008CFA012480B500AFFFF770FE02F0BCFB2D
:10B7800002F056F902F02CF903F0B9FC04F02CF8A1
:10B79000C82003F0EFFE0023184680BD80B483B0BC
:10B7A00000AF0346FB71FB79002B01D0012300E0C1
:10B7B000002318460C37BD465DF8047B704780B502
:10B7C00082B000AF0346FB71FB79002B01D001234F
:10B7D00008E00020FDF730FA0346002B01D00123DA
:10B7E00000E0002318460837BD4680BD80B584B010
:10B7F00000AFB9607A603B600346FB73FB7B002BB4
:10B8000001D004230EE03B685B021A46B9687868F1
:10B81000FDF700F902463B685B029A4201D0012322
:10B8200000E0002318461037BD4680BD80B584B0C7
:10B8300000AFB9607A603B600346FB73FB7B002B73
:10B8400001D004230EE03B685B021A46B9687868B1
:10B85000FDF758F902463B685B029A4201D001238A
:10B8600000E0002318461037BD4680BD80B485B087
:10B8700000AF03463A60FB710B46BB714FF080731B
:10B88000FB60FB79002B01D0042321E0BB79032B63
:10B890001DD801A252F823F0A9B80508ADB80508D3
:10B8A000B9B80508C5B80508002311E0FB685A0AB5
:10B8B0003B681A6000230BE03B684FF400721A806B
:10B8C000002305E03B6801221A60002300E0042306
:10B8D00018461437BD465DF8047B704780B485B0C8
:10B8E00000AF78607B6801331B78FB81FB891B020A
:10B8F0001AB27B681B781BB213431BB2FB81FB8916
:10B9000018461437BD465DF8047B704780B485B097
:10B9100000AF78607B6803331B78FB60FB681B0219
:10B920007A68023212781343FB60FB681B027A6864
:10B93000013212781343FB60FB681B027A681278AD
:10B940001343FB60FB6818461437BD465DF8047B63
:10B95000704780B483B000AF78600B467B807B6813
:10B960005A1C7A607A88D2B21A707B881B0A7B8054
:10B970007B685A1C7A607A88D2B21A7000BF0C3782
:10B98000BD465DF8047B704780B483B000AF78603B
:10B9900039607B685A1C7A603A68D2B21A703B6888
:10B9A0001B0A3B607B685A1C7A603A68D2B21A70F4
:10B9B0003B681B0A3B607B685A1C7A603A68D2B2CB
:10B9C0001A703B681B0A3B607B685A1C7A603A68B5
:10B9D000D2B21A7000BF0C37BD465DF8047B7047C9
:10B9E00080B483B000AF0346FB718122FB799342A0
:10B9F0000FD39F22FB79934201D801230AE0E02272
:10BA0000FB79934205D3FC22FB79934201D80123B1
:10BA100000E0002318460C37BD465DF8047B7047F4
:10BA200080B483B000AF0346FB714022FB799342A0
:10BA300019D37E22FB79934201D8012314E080229E
:10BA4000FB79934205D3FC22FB79934201D8012371
:10BA50000AE00022FB79934205D30022FB7993424E
:10BA600001D8012300E0002318460C37BD465DF8DD
:10BA7000047B704780B584B000AF78600023FB730F
:10BA80007B681B79002B2CD07B6858787B6803F18E
:10BA900030017B68DA6A0123FFF7C8FE0346002BFA
:10BAA0001DD17B6800221A717B68DA6A7B681B6A89
:10BAB000D21A7B689B699A4213D27B68DB78022B8F
:10BAC0000FD17B6858787B6803F130017B68DA6AB4
:10BAD0007B689B691A440123FFF7A8FE01E001235C
:10BAE000FB73FB7B18461037BD4680BD80B584B024
:10BAF00000AF786039600023FB737B68DB6A3A68CB
:10BB00009A421BD07868FFF7B5FF0346FB73FB7BB7
:10BB1000002B13D17B6858787B6803F13001012337
:10BB20003A68FFF763FE0346002B04D04FF0FF3363
:10BB30003B600123FB737B683A68DA62FB7B184643
:10BB40001037BD4680BD000080B584B000AF78607E
:10BB50007868FFF78FFF0346FB73FB7B002B57D101
:10BB60007B685B79012B47D17B6800225A717B6827
:10BB70001B78032B40D17B6830334FF400720021D7
:10BB8000184620F08CF97B68303324491846FFF7BB
:10BB9000FBFE7B68303303F5F27321491846FFF74B
:10BBA000F3FE7B68303303F5F4727B681B6919463A
:10BBB0001046FFF7E9FE7B68303303F5F6727B68C9
:10BBC000DB6819461046FFF7DFFE7B68303303F56C
:10BBD000F97314491846FFF7D7FE7B6858787B68DD
:10BBE00003F130017B68DB695A1C7B68DA627B6891
:10BBF000DA6A0123FFF71AFE7B685B7800220021D6
:10BC00001846FFF733FE0346002B01D00123FB73D8
:10BC1000FB7B18461037BD4680BD00BF52526141C4
:10BC200072724161000055AA80B483B000AF7860A1
:10BC300039603B68023B3B607B685B69023B3A686A
:10BC40009A4201D3002308E07B689A6A7B685B898B
:10BC500019463B6801FB03F3134418460C37BD46F5
:10BC60005DF8047B704780B586B000AF78603960BE
:10BC70007B681B683B613B68012B04D93B695B69AE
:10BC80003A689A4202D301237B618EE04FF0FF3382
:10BC90007B613B691B78032B61D0032B7BDC012B81
:10BCA00002D0022B41D076E03B68FB60FB685B086A
:10BCB000FA681344FB603B691A6AFB685B0A134429
:10BCC00019463869FFF712FF0346002B66D1FB685F
:10BCD0005A1CFA60C3F308033A69134493F83030EE
:10BCE000BB603B691A6AFB685B0A134419463869F2
:10BCF000FFF7FCFE0346002B52D1FB68C3F3080399
:10BD00003A69134493F830301B02BA681343BB609E
:10BD10003B6803F00103002B02D0BB681B0902E063
:10BD2000BB68C3F30B037B613FE03B691A6A3B6866
:10BD30001B0A134419463869FFF7D8FE0346002B47
:10BD400030D13B6903F130023B685B0003F4FF73C1
:10BD500013441846FFF7C2FD03467B6125E03B69AB
:10BD60001A6A3B68DB09134419463869FFF7BEFEBF
:10BD70000346002B18D13B6903F130023B689B005E
:10BD800003F4FE7313441846FFF7C0FD034623F087
:10BD900070437B6109E001237B6106E000BF04E0A2
:10BDA00000BF02E000BF00E000BF7B691846183703
:10BDB000BD4680BD90B589B000AFF860B9607A60CB
:10BDC0000223FB77BB68012B40F2D980FB685B69DB
:10BDD000BA689A4280F0D380FB681B78032B00F08E
:10BDE0009680032B00F3CB80012B02D0022B6ED068
:10BDF000C5E0BB68BB61BB695B08BA691344BB6142
:10BE0000FB681A6ABB695B0A13441946F868FFF7B6
:10BE10006DFE0346FB77FB7F002B40F0A980FB689B
:10BE200003F13002BB69591CB961C3F30803134421
:10BE30007B61BB6803F00103002B0DD07B691B788D
:10BE40005BB203F00F035AB27B68DBB21B015BB23B
:10BE500013435BB2DBB201E07B68DBB27A6913703B
:10BE6000FB6801221A71FB681A6ABB695B0A1344FA
:10BE70001946F868FFF73AFE0346FB77FB7F002B75
:10BE800078D1FB6803F13002BB69C3F308031344A4
:10BE90007B61BB6803F00103002B03D07B681B09A7
:10BEA000DBB20EE07B691B785BB223F00F035AB262
:10BEB0007B681B0A5BB203F00F035BB213435BB2F8
:10BEC000DBB27A691370FB6801221A7157E0FB68D4
:10BED0001A6ABB681B0A13441946F868FFF706FE86
:10BEE0000346FB77FB7F002B46D1FB6803F1300252
:10BEF000BB685B0003F4FF7313447A6892B2114687
:10BF00001846FFF726FDFB6801221A7137E0FB682F
:10BF10001A6ABB68DB0913441946F868FFF7E6FDA7
:10BF20000346FB77FB7F002B28D17B6823F070440E
:10BF3000FB6803F13002BB689B0003F4FE731344FB
:10BF40001846FFF7E3FC034603F0704323437B608E
:10BF5000FB6803F13002BB689B0003F4FE731344DB
:10BF600079681846FFF710FDFB6801221A7106E098
:10BF700000BF04E000BF02E000BF00E000BFFB7FA5
:10BF800018462437BD4690BD80B588B000AFF86034
:10BF9000B9607A600023FB77FB681B68BB61BB68F4
:10BFA000012B04D9BB695B69BA689A4201D30223A9
:10BFB0004BE07B68002B0CD04FF0FF327968B869FA
:10BFC000FFF7F8FE0346FB77FB7F002B01D0FB7FDA
:10BFD0003BE0B968F868FFF746FE78617B69002BA3
:10BFE00031D07B69012B01D102232EE07B69B3F1B3
:10BFF000FF3F01D1012328E00022B968B869FFF7AB
:10C00000D9FE0346FB77FB7F002B01D0FB7F1CE0B2
:10C01000BB691A69BB695B69023B9A420BD2BB6977
:10C020001B695A1CBB691A61BB695B7943F0010348
:10C03000DAB2BB695A717B69BB60BB695B69BA687C
:10C040009A42C6D300E000BF002318462037BD4601
:10C0500080BD80B588B000AF786039607B681B68B0
:10C060003B613B68002B0DD13B69DB68BB61BB6961
:10C07000002B04D03B695B69BA699A421BD3012348
:10C08000BB6118E039687868FFF7EDFDF860FB6880
:10C09000012B01D80123ADE0FB68B3F1FF3F01D1D3
:10C0A000FB68A7E03B695B69FA689A4201D2FB68CA
:10C0B000A0E03B68BB613B691B69002B01D10023F9
:10C0C00098E00023FB61BA693B689A4229D1BB69B9
:10C0D0000133FB613B695B69FA699A4201D3022330
:10C0E000FB61F9697868FFF7BEFDF860FB68012B1A
:10C0F00003D0FB68B3F1FF3F01D1FB687AE0FB6836
:10C10000002B0ED03B69DB68FB60FB68012B06D976
:10C110003B695B69FA689A4201D2FB68BB61002304
:10C12000FB61FB69002B29D1BB69FB61FB69013312
:10C13000FB613B695B69FA699A4207D30223FB61A1
:10C14000FA69BB699A4201D9002353E0F96978681A
:10C15000FFF789FDF860FB68002B0ED0FB68012B10
:10C1600003D0FB68B3F1FF3F01D1FB6842E0FA69FD
:10C17000BB699A42DAD100233CE000BF4FF0FF32A6
:10C18000F9693869FFF716FE0346FB75FB7D002B46
:10C1900009D13B68002B06D0FA6939683869FFF786
:10C1A00009FE0346FB75FB7D002B1AD13B69FA693A
:10C1B000DA603B691B69002B1BD03B691A693B693C
:10C1C0005B69023B9A4214D83B691B695A1E3B6962
:10C1D0001A613B695B7943F00103DAB23B695A713A
:10C1E00007E0FB7D012B02D14FF0FF3300E001237C
:10C1F000FB61FB6918462037BD4680BD80B586B01F
:10C2000000AF786039607868FFF734FC0346002B94
:10C2100001D0012336E039687868FFF705FD386101
:10C220007B683A69DA627B6830334FF40072002130
:10C2300018461FF034FE7B683033FB600123BB607F
:10C2400000237B6103E07A69BB6813447B617B68F0
:10C250005B891A467B6993420BD27B6858783A69AE
:10C260007B691A44BB68F968FFF7E0FA0346002BC4
:10C27000E9D07B685B891A467B69934214BF01232E
:10C280000023DBB218461837BD4680BD80B586B0A6
:10C2900000AF786039607B681B683B613B68B3F531
:10C2A000001F04D23B6803F01F03002B01D00223C0
:10C2B00063E07B683A681A617B689B687B617B6995
:10C2C000002B06D13B691B78022B02D93B695B6AC4
:10C2D0007B617B69002B0CD13B685B093A69128951
:10C2E000934201D3022348E03B695A6A7B689A6112
:10C2F00029E03B695B895B02FB6019E07B68796937
:10C300001846FFF7B0FC78617B69B3F1FF3F01D1BC
:10C31000012332E07B69012B04D93B695B697A69AF
:10C320009A4201D3022328E03A68FB68D31A3B60A3
:10C330003A68FB689A42E1D279693869FFF774FC80
:10C3400002467B689A617B687A695A617B689B695F
:10C35000002B01D1022310E07B689A693B685B0ADD
:10C360001A447B689A613B6903F130023B68C3F36E
:10C3700008031A447B68DA61002318461837BD4663
:10C3800080BD80B586B000AF786039607B681B687F
:10C390003B617B681B692033FB60FB68B3F5001FC2
:10C3A00002D37B6800229A617B689B69002B01D1D4
:10C3B000042378E0FB68C3F30803002B66D17B6895
:10C3C0009B695A1C7B689A617B685B69002B0AD168
:10C3D000FB685B093A691289934257D37B68002254
:10C3E0009A6104235FE0FB685B0A3A695289013A6B
:10C3F0001340002B4AD17A687B685B691946104666
:10C40000FFF731FC78617B69012B01D802234AE0F8
:10C410007B69B3F1FF3F01D1012344E03B695B69D4
:10C420007A699A4228D33B68002B04D17B680022AA
:10C430009A61042337E07A687B685B691946104685
:10C44000FFF707FE78617B69002B01D107232AE003
:10C450007B69012B01D1022325E07B69B3F1FF3F0A
:10C4600001D101231FE079693869FFF7C7FE034650
:10C47000002B01D0012316E07B687A695A61796943
:10C480003869FFF7D1FB02467B689A617B68FA68DE
:10C490001A613B6903F13002FB68C3F308031A44D5
:10C4A0007B68DA61002318461837BD4680BD80B529
:10C4B00086B000AF786039607B681B68FB60002144
:10C4C0007868FFF7E3FE0346FB75FB7D002B2BD15D
:10C4D00000233B617B689B691946F868FFF706FB00
:10C4E0000346FB75FB7D002B1DD17B68DB691B7848
:10C4F000E52B04D07B68DB691B78002B07D13B69F7
:10C5000001333B613A693B689A4202D10CE0002357
:10C510003B6101217868FFF734FF0346FB75FB7D23
:10C52000002BD7D000E000BFFB7D042B01D10723F7
:10C53000FB75FB7D18461837BD4680BD80B584B0BD
:10C5400000AF786039603B681A331846FFF7C6F9C8
:10C550000346FB607B681B78032B09D13B681433CF
:10C560001846FFF7BBF903461B04FA681343FB6048
:10C57000FB6818461037BD4680BD80B584B000AF5B
:10C58000F860B9607A60BB681A337A6892B2114673
:10C590001846FFF7DEF9FB681B78032B09D1BB684F
:10C5A00003F114027B681B0C9BB219461046FFF77F
:10C5B000D0F900BF1037BD4680BD80B586B000AF52
:10C5C00078607B681B683B6100217868FFF75EFE3E
:10C5D0000346FB75FB7D002B01D0FB7D3EE07B68B5
:10C5E0009B6919463869FFF781FA0346FB75FB7DA5
:10C5F000002B2FD17B68DB691B78FB73FB7B002B47
:10C6000002D10423FB7528E07B68DB690B331B78C0
:10C6100003F03F03DAB27B689A717B68DB690B3306
:10C620001B7803F00803002B0AD17B68D8697B686C
:10C6300020330B2219461FF008FC0346002B0BD0B9
:10C6400000217868FFF79DFE0346FB75FB7D002BFC
:10C65000C5D002E000BF00E000BFFB7D18461837E0
:10C66000BD4680BD80B584B000AF78607B681B6834
:10C67000BB6001217868FFF71AFF0346FB73FB7B61
:10C68000002B1CD17B689B691946B868FFF72EFA0E
:10C690000346FB73FB7B002B11D17B68DB692022F7
:10C6A000002118461FF0FBFB7B68D8697B682033AC
:10C6B0000B22194620F02CFABB6801221A71FB7B71
:10C6C00018461037BD4680BD80B58AB000AF78608F
:10C6D00039603B681B687B617B6820333B610B22C0
:10C6E000202138691FF0DBFB0023BB61BB69FB61C4
:10C6F00008233B62FB695A1CFA617A6913441B7870
:10C7000087F8273097F82730202B7CD997F82730E7
:10C710002F2B07D097F827305C2B10D102E0FB6954
:10C720000133FB617A69FB6913441B782F2BF6D028
:10C730007A69FB6913441B785C2BF0D064E097F8AE
:10C7400027302E2B03D0BA693B6A9A420DD33B6A3D
:10C750000B2B03D097F827302E2B01D0062375E042
:10C760000823BB610B233B624CE097F82730184647
:10C77000FFF736F90346002B24D0FB695A1CFA61F7
:10C780007A6913441B78FB73FB7B1846FFF748F963
:10C790000346002B04D03B6A013BBA699A4201D39D
:10C7A000062353E0BB695A1CBA613A69134497F8EF
:10C7B00027201A70BB695A1CBA613A691344FA7B84
:10C7C0001A7097E797F82730194622481FF06FFB39
:10C7D0000346002B01D0062338E097F82730602B62
:10C7E00008D997F827307A2B04D897F82730203BC0
:10C7F00087F82730BB695A1CBA613A69134497F825
:10C8000027201A7076E700BF7A69FB691A443B68F3
:10C810001A60BB69002B01D1062317E03B691B7826
:10C82000E52B02D13B6905221A7097F82730202B9F
:10C8300005D97A69FB6913441B78202B01D804229F
:10C8400000E000223B690B331A700023184628379A
:10C85000BD4680BDDC00080880B586B000AF7860BA
:10C8600039607B681B683B6102E03B6801333B60D9
:10C870003B681B782F2BF8D03B681B785C2BF4D0DF
:10C880007B6800229A603B681B781F2B0AD87B6864
:10C89000802283F82B2000217868FFF7F7FC0346FD
:10C8A000FB7543E03B4619467868FFF70DFF0346EA
:10C8B000FB75FB7D002B34D17868FFF77EFE0346C5
:10C8C000FB757B6893F82B30FB73FB7D002B0AD044
:10C8D000FB7D042B27D1FB7B03F00403002B22D12B
:10C8E0000523FB751FE0FB7B03F00403002B1CD129
:10C8F0007B689B7903F01003002B02D10523FB75A5
:10C9000014E03B6903F130027B681B69C3F3080341
:10C91000134419463869FFF711FE02467B689A6096
:10C92000C0E700BF02E000BF00E000BFFB7D18468B
:10C930001837BD4680BD80B487B000AF78607B6893
:10C940001B68FB60FB687B61FB68002B02D14FF02A
:10C95000FF332CE07B695A1C7A611B78FB72FB7AEF
:10C96000202B02D9FB7A3A2BF4D1FB7A3A2B1DD13A
:10C9700001233B61FB681B782F2B0CD9FB681B78CC
:10C98000392B08D8FB6802337A699A4203D1FB68D5
:10C990001B78303B3B613B69002B02DD4FF0FF33DE
:10C9A00005E07B687A691A603B6900E0002318465D
:10C9B0001C37BD465DF8047B7047000080B584B02D
:10C9C00000AF786039607B6800221A717B684FF095
:10C9D000FF32DA6239687868FFF788F80346002B7F
:10C9E00001D0042388E07B68303303F5FF731846D9
:10C9F000FEF774FF0346FB817B6893F830307B734E
:10CA00007B7BEB2B05D07B7BE92B02D07B7BE82B60
:10CA10006AD1FB894AF6552293420CD17B683033A8
:10CA200052330822364918461FF00FFA0346002BEE
:10CA300001D1002360E07B6830330B331846FEF7EA
:10CA40004DFF03467B817B6893F83D307B737A8989
:10CA50007B89013B1340002B46D17B89B3F5007FD6
:10CA600042D37B89B3F5007F3ED87B7B002B3BD044
:10CA70007A7B7B7B013B1340002B35D17B683033C5
:10CA80000E331846FEF72AFF0346002B2CD07B6896
:10CA900093F84030013B012B26D87B6830331133AB
:10CAA0001846FEF71BFF0346002B1DD07B68303372
:10CAB00013331846FEF712FF03467F2B09D87B6815
:10CAC000303320331846FEF721FF0346B3F5803F8D
:10CAD0000AD37B68303316331846FEF7FFFE034651
:10CAE000002B01D0002307E0FB894AF65522934230
:10CAF00001D1022300E0032318461037BD4680BD54
:10CB0000EC00080880B588B000AF7860396000217B
:10CB10007868FFF753FFB861BB69022B07D0BB6988
:10CB2000022B02D83B68002B01D1BB6945E00023F2
:10CB3000FB6114E07B6803F13002FB691B0103F524
:10CB4000E37313441846FEF7E1FE0246FB699B00BF
:10CB500020333B4443F8182CFB690133FB61FB692C
:10CB6000032BE7D93B68002B02D03B68013B00E078
:10CB70000023FB61FB699B0020333B4453F8183CC6
:10CB8000002B0BD0FB699B0020333B4453F8183C2F
:10CB900019467868FFF712FF034600E00323BB61E4
:10CBA0003B68002B08D1BB69012B05D9FB69013318
:10CBB000FB61FB69032BDDD9BB6918462037BD46F5
:10CBC00080BD000080B590B000AFF860B96013463A
:10CBD000FB71BB6800221A60F868FFF7ACFEF862D0
:10CBE000FB6A002B01DA0B23DAE19D4AFB6A52F85B
:10CBF0002330BB62BB6A002B01D10C23D0E1BB68A0
:10CC0000BA6A1A60FB7923F00103FB71BB6A1B78D7
:10CC1000002B1AD0BB6A5B781846FEF7BFFD0346AF
:10CC200087F8273097F8273003F00103002B0CD149
:10CC3000FB79002B07D097F8273003F00403002B73
:10CC400001D00A23ACE10023AAE1BB6A00221A70DA
:10CC5000BB6A5B781846FEF7B2FD034687F82730BB
:10CC600097F8273003F00103002B01D0032397E14D
:10CC7000FB79002B07D097F8273003F00403002B33
:10CC800001D00A238CE10021B86AFFF73BFF38632B
:10CC90003B6B042B01D1012382E13B6B012B01D9BA
:10CCA0000D237DE1BB6ADB6A3B62BB6A30330B3329
:10CCB0001846FEF713FE0346B3F5007F01D00D239F
:10CCC0006EE1BB6A303316331846FEF707FE0346A3
:10CCD000BB63BB6B002B06D1BB6A303324331846D1
:10CCE000FEF714FEB863BB6ABA6B9A61BB6A93F82D
:10CCF0004020BB6ADA70BB6ADB78012B05D0BB6AC7
:10CD0000DB78022B01D00D234AE1BB6ADB781A469F
:10CD1000BB6B02FB03F3BB63BB6A93F83D301A465F
:10CD2000BB6A5A81BB6A5B89002B08D0BB6A5B89EE
:10CD30001A46BB6A5B89013B1340002B01D00D23CF
:10CD40002EE1BB6A303311331846FEF7C7FD0346A8
:10CD50001A46BB6A1A81BB6A1B8903F00F039BB298
:10CD6000002B01D00D231BE1BB6A3033133318466F
:10CD7000FEF7B4FD0346FB63FB6B002B06D1BB6AD9
:10CD8000303320331846FEF7C1FDF863BB6A3033F9
:10CD90000E331846FEF7A2FD0346FB83FB8B002BE8
:10CDA00001D10D23FCE0FA8BBB6B1344BA6A1289E4
:10CDB000120992B21344BB61FA6BBB699A4201D269
:10CDC0000D23EDE0FA6BBB69D31ABA6A5289B3FB43
:10CDD000F2F37B617B69002B01D10D23E0E000239E
:10CDE0003B637B691F4A934201D803233B637B6902
:10CDF0004FF6F572934201D802233B637B6940F6FC
:10CE0000F572934201D801233B633B6B002B01D1A8
:10CE10000D23C5E07B699A1CBB6A5A61BB6A3A6AFA
:10CE2000DA61FA8B3B6A1A44BB6A1A623A6ABB69D6
:10CE30001A44BB6A9A623B6B032B23D1BB6A303323
:10CE40002A331846FEF74AFD0346002B01D00D2376
:10CE5000A6E0BB6A1B89002B06D00D23A0E000BF13
:10CE600080FA0124F5FFFF0FBB6A30332C331846DC
:10CE7000FEF74CFD0246BB6A5A62BB6A5B699B00C7
:10CE80007B631EE0BB6A1B89002B01D10D2387E069
:10CE9000BB6A1A6ABB6B1A44BB6A5A623B6B022BB1
:10CEA00003D1BB6A5B695B000AE0BB6A5A6913463F
:10CEB0005B0013445A08BB6A5B6903F00103134427
:10CEC0007B63BB6A9A697B6B03F2FF135B0A9A422E
:10CED00001D20D2364E0BB6A4FF0FF321A61BB6AD6
:10CEE0001A69BB6ADA60BB6A80225A713B6B032BFA
:10CEF00047D1BB6A303330331846FEF7EFFC0346A8
:10CF0000012B3ED13B6A01331946B86AFEF7EEFDAC
:10CF10000346002B35D1BB6A00225A71BB6A3033FD
:10CF20001846FEF7F3FC03461F4A934229D1BB6A19
:10CF3000303303F5F2731846FEF7E8FC03461B4A4C
:10CF400093421ED1BB6A303303F5F9731846FEF7DE
:10CF5000DDFC0346164A934213D1BB6A303303F516
:10CF6000F4731846FEF7D2FC0246BB6A1A61BB6A2C
:10CF7000303303F5F6731846FEF7C8FC0246BB6A69
:10CF8000DA603B6BDAB2BB6A1A700A4B1B8801335A
:10CF90009AB2084B1A80074B1A88BB6ADA800023C2
:10CFA00018464037BD4680BD5252614172724161A0
:10CFB000000055AA84FA012480B584B000AF7860DF
:10CFC00039600923FB737B68002B1CD07B681B68CE
:10CFD000002B18D07B681B681B78002B13D07B6854
:10CFE0009A887B681B68DB889A420CD17B681B6837
:10CFF0005B781846FEF7D2FB034603F00103002BD3
:10D0000001D10023FB73FB7B002B02D17B681B68E3
:10D0100000E000233A681360FB7B18461037BD46DA
:10D0200080BD000080B588B000AFF860B9601346DD
:10D03000FB71BB683B6107F110031846FFF77BFCEF
:10D04000F861FB69002B01DA0B232EE0194AFB691A
:10D0500052F82330BB61BB69002B07D0154AFB692E
:10D06000002142F82310BB6900221A70FB68002BD4
:10D070000BD0FB68FA69D2B25A70FB6800221A70B2
:10D08000FA680C49FB6941F82320FB79002B01D198
:10D0900000230AE007F10C0107F1080300221846FB
:10D0A000FFF790FD0346FB75FB7D18462037BD4614
:10D0B00080BD00BF80FA012480B598B000AFF86051
:10D0C000B9601346FB71FB68002B01D1092376E19F
:10D0D000FB7903F03F03FB71FA7907F1140107F1C3
:10D0E00008031846FFF76EFD034687F85F3097F890
:10D0F0005F30002B40F05A817B69BB61BA6807F151
:10D10000180311461846FFF7A7FB034687F85F3060
:10D1100097F85F30002B07D197F843305BB2002BB4
:10D1200002DA062387F85F30FB7903F01C03002B3B
:10D1300077D097F85F30002B10D097F85F30042B32
:10D1400007D107F118031846FFF78CFA034687F852
:10D150005F30FB7943F00803FB7110E0BB7F03F005
:10D160001103002B03D0072387F85F3007E0FB791A
:10D1700003F00403002B02D0082387F85F3097F8F0
:10D180005F30002B67D1FB7903F00803002B62D0DE
:10D190008D4B3B657B6B0E33396D1846FEF7F4FB08
:10D1A0007B6B1633396D1846FEF7EEFB7B697A6BA5
:10D1B00011461846FFF7C2F9F8647B6B0B33202247
:10D1C0001A707B69796B00221846FFF7D6F97B6BE2
:10D1D0001C3300211846FEF7D7FB7B6901221A7128
:10D1E000FB6C002B37D07B69DB6ABB6407F118034B
:10D1F0000022F96C1846FEF7C7FE034687F85F3039
:10D2000097F85F30002B26D17B69B96C1846FEF782
:10D210006DFC034687F85F307B69FA6C013ADA608F
:10D2200019E097F85F30002B15D1BB7F03F0100396
:10D23000002B03D0042387F85F300CE0FB7903F068
:10D240000203002B07D0BB7F03F00103002B02D0A9
:10D25000072387F85F3097F85F30002B0FD1FB79F9
:10D2600003F00803002B03D0FB7943F04003FB716C
:10D270007B69DA6AFB681A627A6BFB685A6297F814
:10D280005F30002B40F092807B697A6B1146184624
:10D29000FFF754F90246FB689A607B6B1C33184613
:10D2A000FEF734FB0246FB68DA607A69FB681A60B5
:10D2B0007B69DA88FB689A80FB68FA791A74FB68E4
:10D2C00000225A74FB680022DA61FB6800225A616E
:10D2D000FB6828334FF40072002118461EF0DFFD72
:10D2E000FB7903F02003002B60D0FB68DB68002B88
:10D2F0005CD0FB68DA68FB685A617B695B895B021A
:10D300007B64FB689B68BB65FB68DB687B6516E03C
:10D31000FB68B96D1846FEF7A6FCB865BB6D012B1E
:10D3200002D8022387F85F30BB6DB3F1FF3F02D113
:10D33000012387F85F307A6D7B6CD31A7B6597F891
:10D340005F30002B03D17A6D7B6C9A42E0D8FB688A
:10D35000BA6D9A6197F85F30002B27D17B6DC3F3CC
:10D360000803002B22D07B69B96D1846FEF75CFCE0
:10D37000B864BB6C002B03D1022387F85F3015E043
:10D380007B6D5A0ABB6C1A44FB68DA617B6958787A
:10D39000FB6803F12801FB68DA690123FEF726FA2E
:10D3A0000346002B02D0012387F85F3097F85F30E7
:10D3B000002B02D0FB6800221A6097F85F301846F5
:10D3C0006037BD4680BD00BF0000615980B58CB09C
:10D3D00000AFF860B9607A603B60BB68FB613B6896
:10D3E00000221A60FB6807F1100211461846FFF789
:10D3F000E3FD034687F82F3097F82F30002B07D135
:10D40000FB685B7C87F82F3097F82F30002B02D019
:10D4100097F82F303FE1FB681B7C03F00203002BE1
:10D4200001D1072337E1FB685A697B681A44FB681E
:10D430005B699A4280F02181FB685B69DB437B601A
:10D440001BE1FB685B69C3F30803002B40F0D78046
:10D45000FB685B695B0A3A695289013A1340BB6118
:10D46000BB69002B37D1FB685B69002B0CD1FB68D3
:10D470009B68BB62BB6A002B0ED1FB68002118467B
:10D48000FEF7E7FDB86207E0FA68FB689B6919469A
:10D490001046FEF7DEFDB862BB6A002B00F0F2809A
:10D4A000BB6A012B04D1FB6802225A740223F2E00A
:10D4B000BB6AB3F1FF3F04D1FB6801225A74012318
:10D4C000E9E0FB68BA6A9A61FB689B68002B02D1AD
:10D4D000FB68BA6A9A60FB681B7C5BB2002B18DAA7
:10D4E0003B695878FB6803F12801FB68DA6901237E
:10D4F000FEF79CF90346002B04D0FB6801225A7406
:10D500000123C8E0FB681B7C03F07F03DAB2FB68F1
:10D510001A743A69FB689B6919461046FEF784FB4A
:10D5200078617B69002B04D1FB6802225A740223C4
:10D53000B1E07A69BB6913447B617B685B0A3B623B
:10D540003B6A002B3CD0BA693B6A13443A69528962
:10D55000934205D93B695B891A46BB69D31A3B6282
:10D560003B6958783B6A7A69F969FEF75FF90346C7
:10D57000002B04D0FB6801225A7401238BE0FB6866
:10D58000DA697B69D31A3A6A9A4215D9FB6803F1C2
:10D590002800FB68DA697B69D31A5B02FA691344D5
:10D5A0004FF4007219461FF0B3FAFB681B7C03F0BE
:10D5B0007F03DAB2FB681A743B6A5B027B623FE06E
:10D5C000FB68DB697A699A4216D0FB685A69FB6886
:10D5D000DB689A4210D23B695878FB6803F1280156
:10D5E00001237A69FEF702F90346002B04D0FB6899
:10D5F00001225A7401234EE0FB687A69DA61FB6804
:10D600005B69C3F30803C3F500737B627A6A7B68C6
:10D610009A4201D97B687B62FB6803F12802FB68B0
:10D620005B69C3F3080313447A6AF96918461FF06B
:10D630006FFAFB681B7C63F07F03DAB2FB681A7435
:10D640007A687B6AD31A7B603B681A687B6A1A44E3
:10D650003B681A60FA697B6A1344FB61FB685A698C
:10D660007B6A1A44FB685A61FB68DA68FB685B698D
:10D670009A4238BF1A46FB68DA607B68002B7FF459
:10D68000E0AE00E000BFFB681B7C43F04003DAB271
:10D69000FB681A74002318463037BD4680BD000071
:10D6A00080B586B000AF78607B6807F1080211464C
:10D6B0001846FFF781FC0346FB75FB7D002B67D105
:10D6C0007B681B7C03F04003002B61D07B681B7CD4
:10D6D0005BB2002B15DABB6858787B6803F1280130
:10D6E0007B68DA690123FEF7A1F80346002B01D01D
:10D6F00001234EE07B681B7C03F07F03DAB27B687A
:10D700001A74264B3B61BA687B681B6A194610463F
:10D71000FEF7ECF90346FB75FB7D002B38D17B68E7
:10D720005B6AFB60FB680B331A78FB680B3342F0D3
:10D730002002D2B21A707B6818687B689B681A4610
:10D74000F968FEF71AFFFB6803F11C027B68DB68CF
:10D7500019461046FEF718F9FB6816333969184662
:10D76000FEF712F9FB68123300211846FEF7F1F8B4
:10D77000BB6801221A71BB681846FEF7E5F903463B
:10D78000FB757B681B7C23F04003DAB27B681A745C
:10D79000FB7D18461837BD4680BD00BF00006159AB
:10D7A00080B58AB000AF786007F1180300221A60D4
:10D7B0005A609A60DA6007F10C0300221A605A601E
:10D7C0009A60274B274A1A60254B40F65F125A6031
:10D7D000234B00229A60224A7B68D360204B0022B0
:10D7E0001A611F4B00229A611D48F2F7A1FF034600
:10D7F000002B01D0E8F7F3FD4FF48053BB6107F134
:10D80000180319461648F3F72DF80346002B01D0EC
:10D81000E8F7E5FD1248F2F7EBFF0346002B01D0D5
:10D82000E8F7DDFD0E48F2F7B3FF0346002B01D009
:10D83000E8F7D5FD0023FB6000237B6107F10C03B3
:10D8400019460748F3F7C8F80346002B01D0E8F75C
:10D85000C6FD0348EAF7E4FD00BF2837BD4680BD9A
:10D86000242A01240004004080B58AB000AF78600B
:10D8700007F1180300221A605A609A60DA6007F113
:10D880000C0300221A605A609A60234B234A1A60E4
:10D89000214B40F65F125A601F4B00229A601E4ACD
:10D8A0007B68D3601C4B00221A611B4B00229A61DB
:10D8B0001948F2F73DFF0346002B01D0E8F78FFD32
:10D8C0004FF48053BB6107F1180319461248F2F771
:10D8D000C9FF0346002B01D0E8F781FD0E48F2F79F
:10D8E00087FF0346002B01D0E8F779FD0023FB609A
:10D8F00000237B6107F10C0319460748F3F76CF826
:10D900000346002B01D0E8F76AFD0348EAF788FDDB
:10D9100000BF2837BD4680BD702A012400080040A2
:10D9200080B586B000AF786007F10C0300221A6062
:10D930005A609A60184B194A1A60174B40F65F12EA
:10D940005A60154B00229A60134A7B68D360124BD1
:10D9500000221A61104B00229A610F48F2F748FF2B
:10D960000346002B01D0E8F73AFD0023FB600023BB
:10D970007B6107F10C0319460748F3F72DF80346BE
:10D98000002B01D0E8F72BFD0348EAF749FD00BF63
:10D990001837BD4680BD00BFBC2A0124000C0040E2
:10D9A00080B584B000AF78600B4A7B68B2FBF3F3BC
:10D9B000013BFB60F868FFF7F3FEF868FFF754FFE0
:10D9C000F868FFF7ADFF054AFB68136000231846AF
:10D9D0001037BD4680BD00BFA086010088FA012433
:10D9E00080B500AF0B4B0C4A1A600C4B0C4A1A6006
:10D9F0000C4A08490020E8F70DFC03460A4A136068
:10DA00000A4A06490020E8F705FC0346064A536027
:10DA100000BF80BD641A012400A00040041B012443
:10DA200000A40040F9570608C0750024ED5F060801
:10DA300080B582B000AF00237B6016E0B4497A68FD
:10DA400013465B001344DB000B441033B14A1A60E9
:10DA5000AF497A6813465B001344DB000B44143370
:10DA600000221A607B6801337B607B68082BE5DD50
:10DA7000A74B00221A70A64B00225A70A44B012219
:10DA80009A70A34B4FF461325A60A14B01229A72F3
:10DA90009F4B00221A729E4B00225A729C4B9E4A48
:10DAA000DA609B4B00221A76994B01225A76984BEA
:10DAB00004229A76964B4FF4E132DA61944B0122BC
:10DAC00083F82220924B002283F82020904B0022E2
:10DAD00083F821208E4B914A5A628D4B904ADA622C
:10DAE0008B4B904A9A628A4B002283F83020884BF5
:10DAF000022283F83120864B012283F83220844BA6
:10DB00004FF461225A63824B012283F83A20804B02
:10DB1000002283F838207E4B002283F839207C4B8A
:10DB2000814ADA637A4B814A5A64794B804A1A6493
:10DB3000774B002283F84820754B032283F8492055
:10DB4000734B052283F84A20714B4FF46122DA644B
:10DB50006F4B012283F852206D4B002283F8502036
:10DB60006B4B002283F85120694B724A9A65684BCF
:10DB7000714A5A65664B002283F86020644B042288
:10DB800083F86120624B012283F86220604B4FF4DE
:10DB9000E1325A665E4B012283F86A205C4B002218
:10DBA00083F868205A4B002283F86920584B634A57
:10DBB000DA66574B624A5A67554B624A1A67544BAA
:10DBC000002283F87820524B052283F87920504BAD
:10DBD000012283F87A204E4B4FF49642DA674C4B81
:10DBE000012283F882204A4B002283F88020484B90
:10DBF000002283F88120464B534AC3F88420444BCB
:10DC0000524AC3F88C20424B514AC3F88820404BFB
:10DC1000002283F890203E4B062283F891203C4B53
:10DC2000042283F892203A4B4FF46122C3F89420E7
:10DC3000374B012283F89A20354B002283F8982035
:10DC4000334B002283F89920314B424AC3F89C2081
:10DC50002F4B002283F8A8202D4B072283F8A92000
:10DC60002B4B012283F8AA20294B4FF4E122C3F861
:10DC7000AC20274B012283F8B220254B002283F8E9
:10DC8000B020234B002283F8B120214B324AC3F845
:10DC9000B4201F4B002283F8C0201D4B082283F8BC
:10DCA000C1201B4B012283F8C220194B4FF4E132F3
:10DCB000C3F8C420164B012283F8CA20144B00225B
:10DCC00083F8C820124B002283F8C920104B1A4A4F
:10DCD000C3F8CC200E4B1E4AC3F8D02000233B6073
:10DCE00044E00B493A6813465B001344DB000B44E5
:10DCF00014331B68002B31D005493A6813465B008A
:10DD00001344DB000B4414331B6898472BE000BF1F
:10DD10008CFA0124DD8D0508550D0608B11806089A
:10DD2000C516060889170608F98806083974060812
:10DD30002D760608718E0508C5E4050805720608EB
:10DD40003966060815670608958F0608D5890608FE
:10DD5000E5890608F9290608B94106083B68DBB2DF
:10DD60001846FCF721FE3B6801333B603B68082BFB
:10DD7000B7DD00BF00BF0837BD4680BD80B582B0AB
:10DD800000AF00237B601BE07B681B781946124ABA
:10DD90000B465B000B44DB0013440C331B68002B69
:10DDA0000ED07B681B7819460B4A0B465B000B4470
:10DDB000DB0013440C331B687A6801321046984725
:10DDC000FBF7F8F878607B68002BDDD100BF00BF5F
:10DDD0000837BD4680BD00BF8CFA012490B5ADF672
:10DDE0001C0D02AF04460846114607F50162A2F574
:10DDF0000162136007F50163A3F6090322461A7056
:10DE000007F50163A3F60A0302461A7007F50163DA
:10DE1000A3F60C030A461A8007F50163A3F608036C
:10DE2000184640F608031A4600211EF038F807F598
:10DE30000163A3F609031B782D4AD25C511CC8B2BA
:10DE40002B49C85407F50163A3F608031A7107F5B7
:10DE50000163A3F6080307F50162A2F60A0212782D
:10DE60005A7107F50163A3F6080307F50162A2F6EC
:10DE70000C0212885A8007F50163A3F60C03198877
:10DE800007F50163A3F5016307F10802901D0A4637
:10DE900019681EF03DFE07F50163A3F609031A7821
:10DEA000144913465B001344DB000B44187807F554
:10DEB0000163A3F609031A780E4913465B00134465
:10DEC000DB000B440133197807F50163A3F608035F
:10DED0005B8808339BB207F1080200930223FBF72B
:10DEE00015FA0023184607F61407BD4690BD00BF7B
:10DEF00064FB01248CFA012480B483B000AF0023BA
:10DF00007B6062E0434A7B6840F2646101FB03F39B
:10DF1000134401221A703F4A7B6840F2646101FB9E
:10DF200003F31344043300221A603A4A7B6840F238
:10DF3000646101FB03F3134403F5C96300221A6013
:10DF4000344A7B6840F2646101FB03F3134403F23B
:10DF50004C63314A1A602F4A7B6840F2646101FBCE
:10DF600003F3134403F5CA632C4A1A60294A7B68F9
:10DF700040F2646101FB03F3134403F25463284A43
:10DF80001A60244A7B6840F2646101FB03F3134486
:10DF900003F5CB63234A1A601E4A7B6840F2646132
:10DFA00001FB03F3134403F25C631F4A1A60194A2E
:10DFB0007B6840F2646101FB03F3134403F5CC6317
:10DFC0001A4A1A607B6801337B607B68082B99DDF5
:10DFD000174B104A1A60174B174A1A60174B184A0A
:10DFE0001A60184B184A1A60184B194A1A60194BD4
:10DFF000194A1A60194B1A4A1A601A4B1A4A1A60BF
:10E000001A4B1B4A1A6000BF0C37BD465DF8047BF3
:10E01000704700BF70FB012441E205084BE305088F
:10E0200027E4050805E1050841E1050875E0050854
:10E03000F4340224F8340224D4010224FC340224EF
:10E0400038080224003502249C0E022404350224E0
:10E050000015022408350224641B02240C35022416
:10E06000C8210224103502242C280224143502244D
:10E07000902E022480B590B002AFF860B9607A604B
:10E080003B60BB687B637B683B630023FB8527E0C9
:10E090007A6B07F120031068516803C30123FB75F5
:10E0A00007F11703019307F118030093D7E9082339
:10E0B000F86800F0C5F8FB7D1A4607F11803194609
:10E0C000386B1EF025FDFB7D1A463B6B13443B630A
:10E0D000FB7D1A46FB8D1344FB857B6B08337B630A
:10E0E0007B6B002B03D07B6B1B78002BD0D13B6864
:10E0F000002B03D03B68FA8D1A8000BF00BF383771
:10E10000BD4680BD80B483B000AF78607B68002BD3
:10E1100002D14FF0FF330DE07B685B68002B02D12A
:10E120004FF0FF3306E07B6803F108027B68C3F819
:10E130004826002318460C37BD465DF8047B70471F
:10E1400080B485B000AFF860B9607A60FB68002BDE
:10E1500002D14FF0FF3333E0FB685B68002B02D144
:10E160004FF0FF332CE0FB68D3F84816B8688A6894
:10E17000CB68C0E90023FB68D3F848361A7C7B687B
:10E180001A70FB68D3F84816FB685B685A1E134682
:10E190009B0013449B000833FA681344994206D14C
:10E1A000FB6803F10802FB68C3F8482607E0FB6838
:10E1B000D3F8483603F11402FB68C3F8482600235D
:10E1C00018461437BD465DF8047B704780B5AEB085
:10E1D00002AFF860B9607A60BA6807F1A00310680E
:10E1E000516803C307F19703019307F19803009364
:10E1F000D7E92823F86800F023F8C7F8AC00D7F86F
:10E20000AC30B3F1FF3F0CD107F11403BA680B49EE
:10E2100018461DF0B5FD07F114031846FDF746FA40
:10E2200008E097F897301A4607F19803194678687E
:10E230001EF06EFC00BFB037BD4680BDF800080878
:10E2400080B487B000AFF860C7E90023FB68002BFB
:10E2500002D14FF0FF334BE0FB685B68002B02D12B
:10E260004FF0FF3344E0FB68D3F848367B61FB682E
:10E27000D3F848160A684B68D7E900018B4208BFFB
:10E2800082420FD1FB68D3F84816386A8A68CB6897
:10E29000C0E90023FB68D3F848361A7C7B6A1A7001
:10E2A000002325E0FB68D3F84816FB685B685A1E1C
:10E2B00013469B0013449B000833FA6813449942A9
:10E2C00006D1FB6803F10802FB68C3F8482607E0A3
:10E2D000FB68D3F8483603F11402FB68C3F84826FC
:10E2E000FB68D3F848367A699A42C0D14FF0FF33C1
:10E2F00018461C37BD465DF8047B704780B58CB06E
:10E3000004AFF860B9607A60FB70FB68002B18D02E
:10E31000BA6807F118031068516803C3FA7807F167
:10E320001003796818461EF0F3FBFB780293D7E9D7
:10E330000423CDE90023D7E90623F86800F005F8A7
:10E3400000E000BF2037BD4680BD80B58AB004AF75
:10E35000F860C7E90023FB68002B02D14FF0FF33C0
:10E360005DE0FB68D3F84836002B0DD197F82830D4
:10E370000293D7E90823CDE90023D7E90023F86801
:10E3800000F051F803464AE0FB68D3F848367B6159
:10E39000FB68D3F848160A684B68D7E900018B423E
:10E3A00008BF82420AD1FB68D3F84836D7E9080192
:10E3B00002469A600A46DA60002330E0FB68D3F830
:10E3C0004816FB685B685A1E13469B0013449B006B
:10E3D0000833FA681344994206D1FB6803F1080236
:10E3E000FB68C3F8482607E0FB68D3F8483603F11A
:10E3F0001402FB68C3F84826FB68D3F848367A69EC
:10E400009A42C5D197F828300293D7E90823CDE97D
:10E410000023D7E90023F86800F005F80346184602
:10E420001837BD4680BD90B484B000AFF860C7E92E
:10E430000023FB685B684F2B02D94FF0FF333BE0B2
:10E44000FB685A68D7E90001FC6813469B00134437
:10E450009B002344083302461A600A465A60FB6850
:10E460005A68D7E90601FC6813469B0013449B00D9
:10E470002344103302461A600A465A60FB685A6801
:10E48000F96813469B0013449B000B44183397F81C
:10E4900020201A70FB685A6813469B0013449B00A7
:10E4A0000833FA681A44FB68C3F84826FB685B68BF
:10E4B0005A1CFB685A60002318461037BD4690BCB2
:10E4C0007047000080B586B000AF78607B685B79EC
:10E4D000FB75FB7DBB750023FB6000233B6107F1EF
:10E4E0000C030622D04918461EF012FBCF4B1868C9
:10E4F00007F1160207F10C010123FFF7FFFECC4BD9
:10E500001B7803F00103002B14D1FB7D222B11D0CB
:10E51000FB7D232B0ED0FB7DC12B0BD0FB7D212B54
:10E5200008D0FB7DD32B05D0FB7DD42B02D04FF040
:10E53000FF33ACE1FB7DFB2B00F396819E2B0CDAC5
:10E540006A2B00F391814C2B80F2CA80232B00F3BD
:10E550004F81002B00F3FF8086E19E3B5D2B00F294
:10E56000838101A252F823F0FBE70508FBE70508C9
:10E5700069E8050869E8050869E8050869E8050823
:10E5800069E8050869E8050869E8050869E8050813
:10E5900069E8050869E8050861E8050869E805080B
:10E5A00069E8050869E8050869E8050869E80508F3
:10E5B00069E8050861E8050861E8050869E80508F3
:10E5C00069E8050869E8050869E8050869E80508D3
:10E5D00069E8050869E8050869E8050869E80508C3
:10E5E00069E8050869E8050869E8050869E80508B3
:10E5F00069E8050851E8050851E8050851E80508EB
:10E6000051E8050851E8050869E8050869E80508C2
:10E6100069E8050869E8050869E8050869E8050882
:10E6200069E8050869E8050869E8050869E8050872
:10E6300069E8050861E8050869E8050861E8050872
:10E6400061E8050869E8050869E8050869E805085A
:10E6500069E8050869E8050869E8050869E8050842
:10E6600069E8050869E8050869E8050869E8050832
:10E670001BE8050869E805081BE8050839E80508EE
:10E6800069E8050869E8050869E8050869E8050812
:10E6900069E8050869E8050869E8050869E8050802
:10E6A00069E8050869E8050869E8050813E8050848
:10E6B00069E8050869E8050869E8050869E80508E2
:10E6C00069E8050869E805080BE805080BE805088E
:10E6D0000BE8050869E805080BE805080BE80508DC
:10E6E0004C3B012202FA03F3524A1A40002A14BF9B
:10E6F00001220022D2B2002A40F0A28003F03002B0
:10E70000002A14BF01220022D2B2002A40F0A480C5
:10E7100003F00503002B14BF01230023DBB2002B01
:10E7200040F09280A0E03A3B01229A4044F24053EC
:10E730001340002B14BF01230023DBB2002B40F059
:10E74000838002F00103002B14BF01230023DBB2FE
:10E75000002B62D188E0013B222B00F2858001A2D0
:10E7600052F823F00BE8050869E8050869E8050890
:10E7700069E8050813E8050869E8050869E8050877
:10E7800069E8050869E805080BE8050869E805086F
:10E7900069E8050869E8050869E8050869E8050801
:10E7A00069E8050869E8050869E8050803E8050857
:10E7B00069E8050869E8050869E8050869E80508E1
:10E7C00069E8050869E8050869E8050869E80508D1
:10E7D00069E8050869E8050869E8050869E80508C1
:10E7E00069E8050803E805080BE805080BE80508D3
:10E7F000482B39DC3A2B96DA36E0786818F0B6FE0A
:10E8000032E0786819F0CEF92EE0786801F0FAFD70
:10E810002AE0786807F088FA26E0786805F006FCB8
:10E8200078680AF0AFF81FE01401080808350224E0
:10E83000FC44012400005055786805F0F7FB13E014
:10E84000786803F055FB0FE0786808F021FD0BE0D5
:10E8500078680AF0E1F907E0786801F0D3FD03E099
:10E86000786802F0EDFB00BFFB7D6F2B0ED997F9A6
:10E870001730002B0ADBFB7D103BD9B27B685B882D
:10E880009AB27B6806330720FFF7A8FA00231846E0
:10E890001837BD4680BD00BF80B582B000AF0346CB
:10E8A0003A60FB710B46BB80BA88F9793B6803205C
:10E8B000FFF794FA002318460837BD4680BD0000D4
:10E8C00090B589B000AF0023FB6146E00023BB6137
:10E8D00033E04FF000024FF00003C7E9022336494E
:10E8E000FA6913465B0013449B000B4408331A6813
:10E8F000BB691B01134418682F49FA6913465B0072
:10E9000013449B000B4408331A68BB691B01134472
:10E91000191D294CFA6913465B0013449B002344DC
:10E9200008331A68BB691B0113441B7B07F10802FB
:10E93000FFF7E4FCBB690133BB611F49FA69134669
:10E940005B0013449B000B4402331B881A46BB69CF
:10E950009342BEDBFB690133FB61FB691A2BB5DD1A
:10E9600000237B611DE04FF000024FF00003C7E978
:10E970000023124B9A687B691B01134418680F4BE4
:10E980009A687B691B011344191D0C4B9A687B69BB
:10E990001B0113441B7B3A46FFF7B0FC7B69013334
:10E9A0007B61064B5B881A467B699342DBDB00BFC9
:10E9B00000BF2437BD4690BD183502245C360224C2
:10E9C00080B58AB000AF0023FB7200233B600023B8
:10E9D0007B60B04A3B4692E8030083E80300AE4BFD
:10E9E000186807F10B0239460123FFF787FCAB4B90
:10E9F00001221A80A94B00221A71A84BA84A9A60DA
:10EA0000A64B69225A80A54BDB22DA8000237B6269
:10EA1000A4497A6A13465B0013449B000B4401220D
:10EA20001A80A0497A6A13465B0013449B000B448A
:10EA3000043300221A709B497A6A13465B00134420
:10EA40009B000B440833984A1A6096497A6A134629
:10EA50005B0013449B000B44023300221A8091494F
:10EA60007A6A13465B0013449B000B440633002272
:10EA70001A807B6A01337B628A497A6A13465B009B
:10EA800013449B000B4401221A8086497A6A13467C
:10EA90005B0013449B000B44043300221A7081492D
:10EAA0007A6A13465B0013449B000B4408337F4A89
:10EAB0001A607C497A6A13465B0013449B000B443E
:10EAC000023368221A8077497A6A13465B0013443E
:10EAD0009B000B440633DB221A807B6A01337B6286
:10EAE00000233B6100233B6261E06E497A6A134672
:10EAF0005B0013449B000B4405221A803B6AD8B28A
:10EB000068497A6A13465B0013449B000B44043344
:10EB100002461A7063497A6A13465B0013449B00ED
:10EB20000B44023300221A805E497A6A13465B0066
:10EB300013449B000B44063300221A803A6A3B6957
:10EB40009A422EDA5A4957487A6A13465B001344B0
:10EB50009B000344083319600023FB611EE0544A04
:10EB6000FB691B0113441B68002B14D04D497A6AC2
:10EB700013465B0013449B000B4402331B88013394
:10EB800098B248497A6A13465B0013449B000B44D1
:10EB9000023302461A80FB690133FB61FB69002BDB
:10EBA000DDDB7B6A01337B623B6A01333B623B6A9C
:10EBB000042B9ADD0023FB600023BB6161E039492F
:10EBC0007A6A13465B0013449B000B4414221A809C
:10EBD000BB69D8B233497A6A13465B0013449B0081
:10EBE0000B44043302461A702E497A6A13465B00BE
:10EBF00013449B000B44023300221A8029497A6A8D
:10EC000013465B0013449B000B44063300221A801A
:10EC1000BA69FB689A422EDA264922487A6A134674
:10EC20005B0013449B0003440833196000237B619D
:10EC30001EE0204A7B691B0113441B68002B14D083
:10EC400018497A6A13465B0013449B000B44023355
:10EC50001B88013398B213497A6A13465B00134448
:10EC60009B000B44023302461A807B6901337B61AF
:10EC70007B69002BDDDB7B6A01337B62BB6901337F
:10EC8000BB61BB69132B9ADDFFF71AFE00BF283763
:10EC9000BD4680BD1C010808083502245C360224EC
:10ECA0002C0700201835022468360224BC0D0020F1
:10ECB000683602246836022480B590B002AF03465D
:10ECC000B9607A60FB73FB7B1A2B02D9314B7B63F3
:10ECD00007E0FA7B13465B0013449B002E4A134463
:10ECE0007B637B6BDB881A460021B8681DF0D7F880
:10ECF000BB683B637B6800221A800023FB6239E01B
:10ED00007B6B9A68FB6A1B0113441B68BB62BB6A7E
:10ED1000002B36D07B6B9A68FB6A1B011344191DCC
:10ED200007F12003082218461DF0F2FEBB6AD3F853
:10ED30004C1607F11703019307F118030093D7E965
:10ED40000823B86A8847FB7D1A4607F1180319465D
:10ED5000386B1DF0DDFEFB7D1A463B6B13443B63B5
:10ED60007B681B88FA7D13449AB27B681A80FB6A21
:10ED70000133FB627B6B5B881A46FB6A9342BFDB05
:10ED800000E000BF7B6BDA887B681A8000BF3837F1
:10ED9000BD4680BD5C360224183502240000000008
:10EDA00080B586B000AF786039600023FB823B6895
:10EDB00005333B610023FB602DE02949FA681346C7
:10EDC0005B0013449B000B441B881A467B68B3FB13
:10EDD000F2F101FB02F2991A2148FA6813465B002E
:10EDE00013449B00034404331B78994210D1FB6801
:10EDF000DBB207F10A0239691846FFF75DFF7B892C
:10EE00001A463B6913443B617A89FB8A1344FB82AF
:10EE1000FB680133FB60FB681A2BCEDD3B68812267
:10EE20001A701049D1F82320D1F827309FED0A7BC2
:10EE300043EC162B26EE077B3B680133FCEEC77BC9
:10EE400017EE902A1A60FB8A05339BB218461837D2
:10EE5000BD4680BDAFF30080000000000088C340C5
:10EE600018350224FC44012480B584B000AF7860DA
:10EE700039603B680533FB6007F10A031A46F968FD
:10EE80001B20FFF719FF3B6882221A700E49D1F848
:10EE90002320D1F827309FED0A7B43EC162B26EE7A
:10EEA000077B3B680133FCEEC77B17EE902A1A60A4
:10EEB0007B8905339BB218461037BD4680BD00BF25
:10EEC000000000000088C340FC440124B0B5ADF54B
:10EED000BD6D00AF4C49D1F81B20D1F81F3013464F
:10EEE000C7F8E43507F5BD63A3F5FE7300221A6089
:10EEF00004334FF4F872002118461CF0D0FF07F5D8
:10EF0000BD63A3F57C7300221A6004334FF4F872DA
:10EF1000002118461CF0C3FF07F57B731946D7F88C
:10EF2000E405FFF73DFF0346A7F8E23507F5FC735C
:10EF30001946D7F8E405FFF797FF0346A7F8E03531
:10EF4000324B1B78012B59D02F4BD3F81B00D3F831
:10EF50001F104FF028024FF0000320F0A5FC1343D0
:10EF600008D107F57B73B7F8E22599210320FEF756
:10EF700035FF1AE02449D1F81B20D1F81F3012F1D7
:10EF8000140443F100054FF028024FF0000320461F
:10EF9000294620F089FC134307D107F5FC73B7F825
:10EFA000E0259A210320FEF719FF07F5FC73B7F857
:10EFB000E0259A210620FEF711FFB7F8E02507F5B6
:10EFC000FC713B1D18461DF0A3FDB7F8E0353A1D56
:10EFD000D01807F57B730533B7F8E22519461DF005
:10EFE00097FDB7F8E025B7F8E2351344053B1A461C
:10EFF0003B1D1946002007F079F900E000BF07F536
:10F00000BD67BD46B0BD00BFFC4401242C460224B0
:10F0100080B586B002AF3B600346FB710B46BB80F8
:10F020001346BB710023FB60FB79074A52F82300AB
:10F03000B988BB7900933B680022E7F729F8FB68A1
:10F0400018461037BD4680BDC075002480B500AF9E
:10F0500000210348E6F7BCF90023184680BD00BF35
:10F06000E411080880B586B000AFF860B9607A6036
:10F070007968B868E6F74CF9FB687B611420F3F710
:10F0800089F87A687969B868E6F7B8F8002318460D
:10F090001837BD4680BD80B582B000AF786039605A
:10F0A00039687868E6F734F91420F3F773F8002329
:10F0B00018460837BD4680BD80B582B000AF786085
:10F0C00039607B684FF4807219463868E6F796F825
:10F0D000002318460837BD4680BD80B586B000AF16
:10F0E000F860B9607A60BB687B617A687969F868B2
:10F0F000E6F728F8002318461837BD4680BD80B4CF
:10F1000000AF00BF1846BD465DF8047B704780B570
:10F1100082B000AF4FF480637B603B1D042240F25D
:10F1200042210120FFF774FF002318460837BD462F
:10F1300080BD000080B588B000AF0346FB71FB794D
:10F14000013B414A0121D15400237B610023FB7420
:10F15000FB79013B072B2CD801A252F823F000BF0A
:10F1600081F1050887F105088DF1050893F105087F
:10F1700099F10508A1F10508A7F10508ADF1050809
:10F1800001237B6115E004237B6112E010237B6186
:10F190000FE040237B610CE04FF480737B6108E05B
:10F1A0001023FB7405E04023FB7402E00423FB748E
:10F1B00000BF7B69002B07D007F11403042240F243
:10F1C00042210120FFF724FFFB7C002B07D007F131
:10F1D0001303012240F241210020FFF719FF002311
:10F1E000FB770023BB6110E0174ABB6913441B780F
:10F1F0001A46BB6902FA03F35AB297F91F30134358
:10F200005BB2FB77BB690133BB61BB69072BEBDDED
:10F21000FB7FBB740023BB600023FB6007F1080386
:10F2200006220A4918461DF073FC094B186807F1BD
:10F23000120207F108010123FFF760F800231846C6
:10F240002037BD4680BD00BF68360224280108086B
:10F250000435022480B588B000AF0346FB71FB790A
:10F26000013B414A0021D15400237B610023FB7400
:10F27000FB79013B072B2CD801A252F823F000BFE9
:10F28000A1F20508A7F20508ADF20508B3F20508DA
:10F29000B9F20508C1F20508C7F20508CDF2050864
:10F2A00002237B6115E008237B6112E020237B6150
:10F2B0000FE080237B610CE04FF400737B6108E07A
:10F2C0002023FB7405E08023FB7402E00823FB7419
:10F2D00000BF7B69002B07D007F11403042240F222
:10F2E00042210120FFF794FEFB7C002B07D007F1A1
:10F2F0001303012240F241210020FFF789FE002381
:10F30000FB770023BB6110E0174ABB6913441B78ED
:10F310001A46BB6902FA03F35AB297F91F30134336
:10F320005BB2FB77BB690133BB61BB69072BEBDDCC
:10F33000FB7FBB740023BB600023FB6007F1080365
:10F3400006220A4918461DF0E3FB094B186807F12D
:10F35000120207F108010123FEF7D0FF002318462F
:10F360002037BD4680BD00BF68360224280108084A
:10F370000435022480B592B000AF0346FB71FB79DF
:10F38000012202FA03F35AB24F4B1B785BB21343CC
:10F390005BB2DAB24C4B1A704B4B1B7887F8433098
:10F3A0000023BB630023FB6307F1380307224749AF
:10F3B00018461DF0ADFB464B186807F1430207F1F4
:10F3C00038010123FEF79AFFFB79032B68D801A2CD
:10F3D00052F823F0E5F3050815F4050845F405088F
:10F3E00073F40508012387F837300023FB620023FC
:10F3F0003B6307F12C030722364918461DF088FBB2
:10F40000354B186807F1370207F12C010123FEF78D
:10F4100075FF45E0012387F82B3000233B62002372
:10F420007B6207F1200306222C4918461DF070FB71
:10F43000294B186807F12B0207F120010123FEF781
:10F440005DFF2DE00123FB7700237B610023BB617F
:10F4500007F114030722224918461DF059FB1E4BE1
:10F46000186807F11F0207F114010123FEF746FF98
:10F4700016E00123FB740023BB600023FB6007F14F
:10F4800008030722174918461DF042FB124B186863
:10F4900007F1130207F108010123FEF72FFF00BF58
:10F4A000FB7906335B00012202FA03F37B6407F168
:10F4B0004403042240F242210120FFF7A9FD00236A
:10F4C00018464837BD4680BD703602243001080812
:10F4D00004350224380108080835022440010808D0
:10F4E000480108085001080880B586B000AF0346FF
:10F4F000FB71FB79012202FA03F35BB2DB435AB2E0
:10F50000194B1B785BB213405BB2DAB2164B1A7020
:10F51000154B1B78FB740023BB600023FB6007F1D5
:10F5200008030722114918461DF0F2FA104B18681B
:10F5300007F1130207F108010123FEF7DFFEFB7953
:10F540005B000D33012202FA03F37B6107F1140320
:10F55000042240F242210120FFF75AFD0023184601
:10F560001837BD4680BD00BF703602243001080840
:10F570000435022480B582B000AF78607B681846FD
:10F58000FEF70EFA002318460837BD4680BD00007E
:10F5900080B588B002AFF860B9603B601346FB717C
:10F5A000FB796E2B02D0FB794E2B02D100237B61BD
:10F5B0000CE0FB79652B02D0FB79452B03D14FF48E
:10F5C00080537B6102E04FF400537B61FB68082BA2
:10F5D00000F2828001A252F823F000BF01F6050874
:10F5E00019F6050831F6050849F6050861F605081B
:10F5F00079F6050891F60508A9F60508C1F605088B
:10F60000002300937B69BA683649374820F0ECFA4A
:10F610000346364A13605FE0002300937B69BA68B3
:10F620003349314820F0E0FA0346304A536053E052
:10F63000002300937B69BA682E492B4820F0D4FA46
:10F6400003462A4A936047E0002300937B69BA6827
:10F650002949254820F0C8FA0346244AD3603BE0F4
:10F66000002300937B69BA6824491F4820F0BCFA44
:10F6700003461E4A13612FE0002300937B69BA689A
:10F680001F49194820F0B0FA0346184A536123E095
:10F69000002300937B69BA681A49134820F0A4FA42
:10F6A0000346124A936117E0002300937B69BA680E
:10F6B00015490D4820F098FA03460C4AD3610BE037
:10F6C000002300937B69BA681049074820F08CFA40
:10F6D0000346064A136200BF002318461837BD468A
:10F6E00080BD00BF00140808841200247436022470
:10F6F000C8130808901308085813080820130808AE
:10F70000E8120808B0120808781208084012080821
:10F7100080B584B000AFF860B9601346FB80074A3B
:10F72000FB6852F82330FA88B968184620F070FA5E
:10F73000002318461037BD4680BD00BF7436022432
:10F7400080B586B000AFF860B9601346FB80254AEB
:10F75000FB6852F82330FA88B968184620F060FA3E
:10F7600078617B69002B37DD00233B61FB68082B48
:10F770002FD801A252F823F09DF70508A3F705083A
:10F78000A9F70508AFF70508B5F70508BBF70508A1
:10F79000C1F70508C7F70508CDF7050800233B6149
:10F7A00018E000233B6115E000233B6112E00023D9
:10F7B0003B610FE000233B610CE000233B6109E06B
:10F7C00000233B6106E000233B6103E000233B6133
:10F7D00000E000BF7B6900E0002318461837BD46F3
:10F7E00080BD00BF7436022480B582B000AF074BE5
:10F7F0007B607B689B68002098477B681B690220C0
:10F800009847002318460837BD4680BDEC1008080D
:10F8100080B487B000AF786039604FF000024FF0DD
:10F820000003C7E904230023FB600EE0FB68DB0054
:10F830007A68134493ED007B97ED046B36EE077BFB
:10F8400087ED047BFB680133FB60FA683B689A42F2
:10F85000ECDB3B6807EE903AB8EEE77B97ED046B84
:10F8600086EE075BB0EE457BB0EE470B1C37BD461E
:10F870005DF8047B7047000080B52DED028B94B0DD
:10F8800000AF07F12C031846E6F704FAD7ED0C7A1F
:10F89000F0EEE77AC7ED127AFB6A7B64D7ED117A56
:10F8A000B7EEE77A9FED666B27EE066B9FED665B22
:10F8B00086EE057BF7EEC77BDFED690AB0EE670ADF
:10F8C00019F06AFEF0EE407AB7EE007A77EE677ACA
:10F8D0009FED647A67EE877AC7ED107A07F1280307
:10F8E000184697ED100AFAF78BFB9623FB63FB6B28
:10F8F000013BFB640FE0FB6C013B5B4ADB00134404
:10F90000D3E900235848F96CC9000144C1E9002338
:10F91000FB6C013BFB64FB6C002BECDC97ED0A7A83
:10F92000DFED526AC6EE877AB7EEE77AB0EE470BA4
:10F9300019F002F8B0EE408BD7ED127A77EEA77A85
:10F94000B7EEE77A9FED425B87EE056BB0EE460BB4
:10F9500018F0F2FFB0EE407B28EE077B424B83EDC0
:10F96000007BF96B4048FFF753FFB0EE407BF7EEAA
:10F97000C77BC7ED0E7AD7ED117AB7EEE77A9FED28
:10F98000366B27EE067BFCEEC77B17EE903A9BB2F8
:10F99000FB840023FB6100233B62354A07F11C0313
:10F9A00092E8030083E80300324B186807F126024F
:10F9B00007F11C010223FEF7A1FCD7ED107AFDEE42
:10F9C000E77A17EE903A1BB27B8300233B6100235A
:10F9D0007B6107F110030722274918461DF098F8AC
:10F9E000244B186807F11A0207F110010223FEF7F1
:10F9F00085FCD7ED0E7AB2EE047A67EE877AFDEEDB
:10FA0000E77A17EE903A1BB2FB8100237B6000235C
:10FA1000BB603B1D0622194918461DF079F8154BAD
:10FA2000186807F10E02391D0223FEF767FC002358
:10FA300018465037BD46BDEC028B80BDAFF3008049
:10FA4000FCA9F1D24D62503F000000C0CC54594097
:10FA50009A9999999999F33F9A9999999999B93F4E
:10FA600084D3423E9A122D47A0360224CDCC9C3F2F
:10FA70005801080808350224640108086C010808C8
:10FA8000B0B5ADF6580D00AFAA4B1B7803F01003CC
:10FA9000002B01D0002368E2A649D1F82320D1F839
:10FAA0002730B1EE047B43EC162BB4EEC76BF1EEBE
:10FAB00010FA19DDA04B1B68002B15D19D4B1B7A4A
:10FAC000002B0ED19D4B1B68002B06D10220FFF7A7
:10FAD00031FB9A4B01221A6006E0974B02221A6012
:10FAE00002E0954B02221A609249D1F82320D1F806
:10FAF0002730B1EE0C7B43EC162BB4EEC76BF1EE66
:10FB000010FA0EDD8C4B1B68012B0AD1894B9B7AB6
:10FB1000002B03D10320FFF70DFB02E0864B0222EE
:10FB20001A608449D1F82320D1F82730B2EE027B45
:10FB300043EC162BB4EEC76BF1EE10FA19DD7E4BD9
:10FB40001B68022B15D17B4B5B78002B0ED17C4BB5
:10FB50001B68002B06D10720FFF7ECFA784B012237
:10FB60001A6006E0744B03221A6002E0724B032213
:10FB70001A607049D1F82320D1F82730B2EE067B05
:10FB800043EC162BB4EEC76BF1EE10FA1CDD6A4B9A
:10FB90001B68032B18D1674B5B79002B11D1694B84
:10FBA0001B68002B09D10620FFF7C4FA0820FFF7D5
:10FBB000C1FA644B01221A6006E05F4B04221A600E
:10FBC00002E05D4B04221A605B4B1B68042B12D1D0
:10FBD0005D4B1B6807F657025C491846FEF7F6FABC
:10FBE00097F85738FF2B06D0FFF791FA06F0FCFB89
:10FBF000514B05221A60504B1B68052B1AD107F692
:10FC00005803A3F65403E4225A713B1D184604F02E
:10FC10000DFA07F65803A3F65403E0225A713B1D70
:10FC2000184604F003FA3B1D184608F0ABFE424BA1
:10FC300006221A60404B1B68062B20D1444B1B68E0
:10FC400007F6560243491846FEF7C0FA424B1B68B6
:10FC500007F655023F491846FEF7B8FA97F85638A6
:10FC60003F2B0CD107F65803A3F65403E2225A7136
:10FC70003B1D184608F086FE2F4B07221A602E4BBC
:10FC80001B68072B02D12C4B08221A602A4B1B68D9
:10FC9000082B09D1314B1B78012B05D1304B0022A9
:10FCA0001A60254B09221A60234B1B68092B72D15D
:10FCB0002A4B1B78002B08D108F07EFF002008F0AB
:10FCC0001DFF1D4B08221A6065E01A49D1F81B2060
:10FCD000D1F81F3002F00304002554EA05035AD17D
:10FCE000204B1B6807F654021F491846FEF76EFAB0
:10FCF00097F85438052B4ED801A252F823F000BFD4
:10FD000019FD050897FD050897FD050897FD0508ED
:10FD100097FD05081FFD050808F036FF3BE0104B76
:10FD20001B68002B22DD0E4B1B68013B0C4A136045
:10FD300031E000BFFC440124C03B0224C43B022448
:10FD4000C83B0224CC3B022410350224740108086D
:10FD50001435022480010808F43402249836022461
:10FD6000503B0224083502248C0108084BF68030F1
:10FD700008F0C4FE7F4B1B6807F652027E49184606
:10FD8000FEF724FAB7F852384AF6C872934202D9FD
:10FD90007A4B0A221A60794B1B680A2B1ED1784BCA
:10FDA00001229A74CC2387F851380023C7F84838C9
:10FDB0000023C7F84C38734A07F6480392E803005B
:10FDC00083E803006B4B186807F6510207F64801F9
:10FDD0000123FEF793FA694B0B221A60674B1B68ED
:10FDE0000B2B2ED1684B1B78002B23D108F0E4FE9F
:10FDF000002008F083FE614B08221A60604B00224D
:10FE00009A74002387F847380023C7F83C3800234A
:10FE1000C7F840385B4A07F63C0392E8030083E8E2
:10FE20000300544B186807F6470207F63C0101230C
:10FE3000FEF764FA554B1B78012B02D14F4B0C2275
:10FE40001A604E4B1B680C2B3CD14F4B1B78002B80
:10FE500026D108F0B1FE002008F050FE474B0822E2
:10FE60001A604A4B00221A70454B00229A740023F4
:10FE700087F83A380023C7F830380023C7F83438F9
:10FE8000404A07F5036392E8030083E80300394B17
:10FE9000186807F63A0207F503610123FEF72EFA08
:10FEA000002387F83B38334B1B6807F63B02384981
:10FEB0001846FEF78BF997F83B38012B02D12F4BF0
:10FEC0000D221A602D4B1B68DBB287F82F380023F8
:10FED000C7F824380023C7F828382E4A07F6240329
:10FEE00092E8030083E803002B4B186807F62F0203
:10FEF00007F624010123FEF701FA214B5B7A002B60
:10FF000019D0032387F823380023C7F818380023B3
:10FF1000C7F81C38214A07F6180392E8030083E863
:10FF200003001D4B186807F6230207F6180101238A
:10FF3000FEF7E4F918E0022387F817380023C7F822
:10FF40000C380023C7F81038144A07F60C0392E85F
:10FF5000030083E80300104B186807F6170207F642
:10FF60000C010123FEF7CAF90023184607F65807CB
:10FF7000BD46B0BD0835022498010808C03B0224E4
:10FF8000FC440124A401080898360224593B0224A9
:10FF9000B0010808BC01080810350224C80108088F
:10FFA00080B500AF00F008F8FFF766FC1FF020FEF8
:10FFB0000023184680BD000080B5A6B000AF00F059
:10FFC0009FFC00F011FE87ED240A314B0E33D7F869
:10FFD00090201A602E4BDB79002B04D02C4BDB7960
:10FFE000013BDBB200E00023294AD371284B5B7947
:10FFF000002B04D0264B5B79013BDBB200E00023F1
:020000040806EC
:10000000234A5371224B9B78002B04D0204B9B78C2
:10001000013BDBB200E000231D4A93701C4B1B79AF
:10002000002B04D01A4B1B79013BDBB200E000230C
:10003000174A1371164BDB78002B04D0144BDB7876
:10004000013BDBB200E00023114AD370104B5B7818
:10005000002B04D00E4B5B78013BDBB200E00023A9
:100060000B4A53700A4B1B7A002B04D0084B1B7AA7
:10007000013BDBB200E00023054A1372044B5B7ABC
:10008000002B07D0024B5B7A013BDBB203E000BFE1
:10009000FC4401240023A04A53729F4BDB7987F86C
:1000A0008F300023C7F884300023C7F8883007F169
:1000B00084030722994918461CF02AFD984B1868BA
:1000C00007F18F0207F184010123FEF717F9924B24
:1000D0009B7887F883300023BB670023FB67914A36
:1000E00007F1780392E8030083E803008C4B18685B
:1000F00007F1830207F178010123FEF7FFF8864B31
:100100001B7987F877300023FB6600233B6707F1F4
:100110006C030722844918461CF0FAFC804B1868CF
:1001200007F1770207F16C010123FEF7E7F87A4B3C
:100130005B7987F86B3000233B6600237B6607F111
:1001400060030722794918461CF0E2FC744B1868DA
:1001500007F16B0207F160010123FEF7CFF86E4B48
:10016000DB7887F85F3000237B650023BB6507F1F0
:10017000540307226E4918461CF0CAFC684B1868E5
:1001800007F15F0207F154010123FEF7B7F8624B54
:100190005B7887F853300023BB640023FB6407F1CE
:1001A00048030722634918461CF0B2FC5C4B1868F0
:1001B00007F1530207F148010123FEF79FF8564B60
:1001C0001B7A87F847300023FB6300233B6407F169
:1001D0003C030722584918461CF09AFC504B1868FB
:1001E00007F1470207F13C010123FEF787F84A4B6C
:1001F0009B7A87F83B3000233B6300237B634F4AA5
:1002000007F1300392E8030083E80300444B1868C9
:1002100007F13B0207F130010123FEF76FF83E4B77
:100220005B7A87F82F3000237B620023BB62444A4D
:1002300007F1240392E8030083E80300384B1868B1
:1002400007F12F0207F124010123FEF757F8324B83
:10025000D3F80E30DFED3B7A07EE103A67EE277ADF
:10026000FDEEE77A17EE903A1BB27B840023BB6168
:100270000023FB6107F118030722334918461CF0DD
:1002800047FC274B186807F1220207F118010223E7
:10029000FEF734F8204B1B78FB750023FB6000232E
:1002A0003B612A4A07F10C0392E8030083E803004C
:1002B0001B4B186807F1170207F10C010123FEF729
:1002C0001DF8234B1B78002B03D1FF2387F89730B1
:1002D00008E0204B1B68002B01D1012300E0EE2336
:1002E00087F8973097F89730FB7200233B60002324
:1002F0007B603B460722184918461CF009FC084B56
:10030000186807F10B0239460123FDF7F7FF0023B8
:1003100018469837BD4680BDFC440124D401080826
:1003200008350224DC010808E8010808F001080883
:10033000F801080800020808080208081002080866
:100340001C0208080000C8422802080830020808F9
:10035000704D02246C4D02243C02080880B58AB01E
:1003600000AF002387F827300023FB6100233B62A6
:100370001F4A07F11C0392E8030083E803001D4BAA
:10038000186807F1270207F11C010123FDF7B6FFEA
:10039000AA23FB7600233B6100237B6107F1100356
:1003A0000522154918461CF0B3FB144B186807F1D9
:1003B0001B0207F110010123FDF7A0FFFF23FB73D0
:1003C00000237B600023BB600D4A3B1D92E80300C5
:1003D00083E80300094B186807F10F02391D012358
:1003E000FDF78CFF002318462837BD4680BD00BFAF
:1003F00044020808F4340224500208080835022494
:1004000058020808F0B59DB002AF78607B685B7950
:1004100087F8673097F86730FB2B00F36381F62B82
:100420000ADA232B00F08C80232B00F35B810A2B4C
:1004300016D0222B53D055E1F63B052B00F252810A
:1004400001A252F823F000BFA3050608AB05060879
:10045000B3050608E50606082B0606086106060829
:100460007B6806331B88A7F864307B681B7A87F8A3
:1004700063307B685B7A87F862307B689B7A87F8A9
:1004800061307B68DB7A87F860307B681B7B87F89C
:100490005F307B68063307331B88A7F85C3097F81A
:1004A000616097F8622097F86310B7F8640097F8D6
:1004B0005F30019397F860300093334600F0DCFB27
:1004C000034600221C461546894B3033053B1C6011
:1004D0005D60874BB7F85C20A3F8332002E101236D
:1004E00087F85B3000233B6500237B65814A07F179
:1004F000500392E8030083E803007F4B186807F17C
:100500005B0207F150010123FDF7F8FEC02387F8D5
:100510004F3000237B640023BB6407F144030522B2
:10052000764918461CF0F4FA734B186807F14F022D
:1005300007F144010123FDF7E1FEF8F779F9D1E075
:10054000022387F843300023BB630023FB63694A1F
:1005500007F1380392E8030083E80300664B18684C
:1005600007F1430207F138010123FDF7C7FEC1235C
:1005700087F837300023FB6200233B6307F12C032D
:1005800005225E4918461CF0C3FA5B4B186807F158
:10059000370207F12C010123FDF7B0FE17F05CF9DB
:1005A000A0E0574B01221A709CE0554B00221A70B4
:1005B00098E07B689B79112B1AD14D4B01229A74DC
:1005C000CC2387F82B3000233B6200237B624D4A0B
:1005D00007F1200392E8030083E80300464B186804
:1005E00007F12B0207F120010123FDF787FE79E0D7
:1005F0003F4B00229A740023FB7700237B6100238A
:10060000BB61404A07F1140392E8030083E803004A
:10061000394B186807F11F0207F114010123FDF798
:100620006DFE394B00221A705CE07B689B79AA2B27
:1006300055D17B68DB79BB2B51D17B681B7ACC2BE6
:100640004DD17B685B7ADD2B49D17B689B7AEE2BA1
:1006500045D1274B9B7C012B41D100F021F93EE095
:100660007B689B79AA2B3CD17B68DB79BB2B38D18B
:100670007B681B7ACC2B34D17B685B7ADD2B30D145
:100680007B689B7AEE2B2CD11F4B1B78012B28D13A
:10069000174B1B7803F01003002B22D100220021FE
:1006A0003B2003F057F90223FB740023BB600023B7
:1006B000FB60164A07F1080392E8030083E8030091
:1006C0000D4B186807F1130207F108010123FDF72C
:1006D00015FE0D4B00221A7000F05AF801E000BF21
:1006E00000E000BF002318466C37BD46F0BD00BFD8
:1006F000FC44012458020808083502245002080866
:1007000098360224A4010808593B02246402080810
:1007100080B485B000AF1C49D1F81B20D1F81F3040
:100720001346FB60FB6807EE903AB8EE677B9FEDDF
:10073000146B27EE067B87ED007B134B1B7803F0D1
:100740001003DBB2002B01D1FF2310E097ED007BFB
:10075000B6EE006BB4EEC67BF1EE10FA03DB0B4B8A
:100760000122DA7002E0094B0022DA7000231846F9
:100770001437BD465DF8047B704700BFAFF30080BF
:100780007B14AE47E17A743FFC440124543B0224BD
:1007900080B58AB000AF002200213B2003F0DAF8D8
:1007A0003A4B1B7823F00103DAB2384B1A70374BFF
:1007B0001B7843F01003DAB2344B1A70F8F7BAF82A
:1007C00051EC100B314B10330333186059602F4B31
:1007D0002033053B00221A7000225A7000229A70C2
:1007E0000022DA7000221A7100225A7100229A71D6
:1007F0000022DA71012387F827300023FB610023F0
:100800003B62234A07F11C0392E8030083E80300DC
:10081000204B186807F1270207F11C010123FDF79F
:100820006DFD1A49D1F82B20D1F82F301346BB614A
:1008300000233B6100237B61174A07F1100392E814
:10084000030083E80300134B186807F1180207F14F
:1008500010010423FDF752FD0023FB7300237B608E
:100860000023BB600D4A3B1D92E8030083E80300B0
:10087000084B186807F10F02391D0123FDF73EFDF3
:10088000002318462837BD4680BD00BFFC44012424
:10089000B001080808350224700208085802080848
:1008A00080B584B000AF124B01221A700123FB7394
:1008B00000237B600023BB600E4A3B1D92E80300CF
:1008C00083E803000C4B186807F10F02391D012360
:1008D000FDF714FD094B01229A74002200213B20F0
:1008E00003F038F8002318461037BD4680BD00BF1E
:1008F000593B0224A401080808350224FC440124C1
:1009000080B52DED028B8CB000AF6F4B1B78012BA7
:1009100040F0CD806D4B1B7803F01003002B40F0AE
:10092000C6806B4B1B6807F120026A491846FDF729
:100930004DFC674B1B6807F11C0267491846FDF721
:1009400045FC634B1B6807F11E0264491846FDF71E
:100950003DFC5F4B1B6807F11B0261491846FDF720
:1009600035FCB7F91E3007EE903AB8EEE77B9FED05
:10097000546B27EE067BF7EEC77BC7ED0B7AB7F912
:100980001C3007EE903AB8EEE77B9FED4D6B27EEFB
:10099000067BF7EEC77BC7ED0A7AD7ED0B7AB7EE89
:1009A000E77AB0EE001BB0EE470B18F001FBB0EE9B
:1009B000408BD7ED0A7AB7EEE77AB0EE001BB0EEC7
:1009C000470B18F0F5FAB0EE407B38EE077BB0EE3F
:1009D000470B17F0B1FFB0EE407BF7EEC77BC7EDDA
:1009E000097AD7ED087AF0EEE77AB3EE0E7AF4EEF4
:1009F000C77AF1EE10FA26DD3A4B1B78052B1BD196
:100A0000FFF7C6FE0123BB7600233B6100237B6119
:100A1000354A07F1100392E8030083E80300334BE3
:100A2000186807F11A0207F110010123FDF766FCAF
:100A3000254B00221A703AE02A4B1B780133DAB2B8
:100A4000284B1A7033E0D7ED097AB2EE047AF4EE4F
:100A5000C77AF1EE10FA27DDFB7E602B24D1214B03
:100A60001B78052B19D1FFF793FE0323FB7300239B
:100A70007B600023BB601C4A3B1D92E8030083E8B7
:100A800003001A4B186807F10F02391D0123FDF707
:100A900035FC0D4B00221A7009E0124B1B78013314
:100AA000DAB2104B1A7002E00E4B01221A700023CA
:100AB00018463037BD46BDEC028B80BDAFF30080D9
:100AC0007B14AE47E17A843F593B0224FC44012465
:100AD000143502247C020808840208088C020808E5
:100AE000800108083C14002064020808083502242C
:100AF00080B588B000AF3B1D00221A605A609A6032
:100B0000DA601A615A619A61334B344A1A60324B87
:100B10004FF400225A60304B0022DA602E4B042240
:100B20001A612D4B00221A752B4B00225A752A4B45
:100B300001229A61284B00221A77274B00225A6221
:100B4000254B00229A62244B0022DA62224B4FF49A
:100B500080521A63204B00225A631F4B002283F8F5
:100B600038201D4B0122DA631B48F3F76DF9034669
:100B7000002B01D0E5F733FC174B00229A60164892
:100B8000F3F762F90346002B01D0E5F728FC144B7C
:100B90007B600623BB600723FB6040F2FF733B6171
:100BA00004237B610023BB6100233B7700237B7719
:100BB0003B1D19460848F2F7E1FD0346002B01D022
:100BC000E5F70DFC40F2FF7200210348F2F7DCFC70
:100BD00000BF2037BD4680BD5C3B02240060025848
:100BE000000084CB0000000080B586B000AF1E4B33
:100BF0001B88FB821D4B1B88BB821D48F2F7CCFF74
:100C00000A211B48F2F728FD1948F2F7B3FD3861B5
:100C1000FB8A3A69D31AFB60BA8AFB8AD31ABB6093
:100C2000FB6807EE903AB8EEE77B9FED0D6B27EE81
:100C3000065BBB6807EE903AB8EEE76B85EE067B85
:100C4000B3EE0E6B37EE067BF7EEC77BC7ED017A8E
:100C50007B6807EE903AB0EE670A1837BD4680BD54
:100C6000000000000000544020E8F11F40E8F11FA0
:100C70005C3B022400000000F0B595B000AF0646D2
:100C8000084611461A463346FB8003467B710B46E5
:100C90003B711346FB707B79002B01D101237B71E3
:100CA0003B79002B01D101233B711BA3D3E9002326
:100CB000C7E9122307F10C037B64FB88A3F26C7273
:100CC0007B6C5A617B795A1E7B6C1A613A797B6C1A
:100CD000DA60FA787B6C9A6097F868207B6C5A60CF
:100CE00097F86C207B6C1A60786C1BF0C7F9024691
:100CF0000B46C7E90E23D7E91223D7E90E01841A60
:100D000061EB0305C7E90C453B6B18465437BD46FC
:100D1000F0BD00BFAFF3008080436D3800000000DD
:100D200080B500AF064B1B78002B01D100F09CFC76
:100D300004F0BCFC05F034F80023184680BD00BF69
:100D4000EB3B022480B400AF00231846BD465DF89B
:100D5000047B7047B0B59CB000AF78607B685B796E
:100D600087F86F3097F86F30D22B00F03D81D22B8F
:100D700000F34581B32B00F03781BB2B40F03F815E
:100D80007B689B7987F86E307B685B7A87F86D307B
:100D900097F86E30B62B0FD097F86D30012B0BD033
:100DA00097F86D30022B07D097F86D30032B03D0E6
:100DB00097F86D30A32B0AD17B685B889AB27B6869
:100DC000063397F86F100320FDF708F80BE197F84A
:100DD0006E30D62B17D097F86E30C62B13D097F8FD
:100DE0006D30A12B0FD097F86D30B12B0BD097F849
:100DF0006D30A22B07D097F86D30B22B03D097F847
:100E00006D30A12B0DD1824B00221A707B685B885C
:100E10009AB27B68063397F86F100320FCF7DEFF69
:100E2000E1E07B6806337B4A14461D462868696802
:100E3000AA68EB680FC42869696903C42B8BAA7E72
:100E400023801346A370734B9B7A032B03D0714B03
:100E50009B7A042B01D1012300E0002387F86C303A
:100E600097F86C3087F86B3000233B6600237B6675
:100E700007F160030722684918461BF049FE674BDB
:100E8000186807F16B0207F160010123FDF736FADC
:100E9000604B1B7987F85F3000237B650023BB65BF
:100EA0005F4A07F1540392E8030083E803005B4BB9
:100EB000186807F15F0207F154010123FDF71EFADC
:100EC000544BB3F90B301BB2A7F852300023BB646C
:100ED0000023FB64534A07F1480392E8030083E8C8
:100EE00003004E4B186807F1520207F14801022334
:100EF000FDF704FA474BB3F90D301BB2A7F84630A3
:100F00000023FB6300233B6407F13C0306224649B0
:100F100018461BF0FDFD414B186807F1460207F12A
:100F20003C010223FDF7EAF900237B8700233B63A2
:100F300000237B633D4A07F1300392E8030083E816
:100F40000300364B186807F13A0207F1300102231B
:100F5000FDF7D4F90023FB8500237B620023BB62ED
:100F600007F124030722324918461BF0D1FD2B4B11
:100F7000186807F12E0207F124010223FDF7BEF9DC
:100F8000244BB3F905301BB27B840023BB610023E3
:100F9000FB61284A07F1180392E8030083E8030085
:100FA0001E4B186807F1220207F118010223FDF712
:100FB000A5F9184BB3F907301BB2FB820023FB6085
:100FC00000233B6107F10C0306221B4918461BF066
:100FD0009FFD124B186807F1160207F10C0102235E
:100FE000FDF78CF90BE00AE07B685B889AB27B68BE
:100FF000063397F86F100320FCF7F0FE00BF0F4B8D
:10100000C8225A72002318467037BD46B0BD00BFD3
:10101000EB3B0224D03B022494020808F83402245B
:10102000E40208089C020808A8020808B0020808A0
:10103000BC020808C4020808D0020808FC440124C5
:1010400080B584B000AF78607B685B79FB73FB7B15
:10105000AA3B2A2B00F2A58001A252F823F000BF80
:101060000D110608A3110608A3110608A31106080E
:10107000A3110608A3110608A311060855110608B6
:1010800055110608A3110608A3110608A3110608A6
:10109000A3110608A3110608A3110608A311060848
:1010A000A3110608A3110608A3110608A311060838
:1010B000A3110608A3110608A3110608A311060828
:1010C000A3110608A3110608A3110608A311060818
:1010D000A3110608A3110608A3110608A311060808
:1010E000A3110608A3110608A3110608A3110608F8
:1010F000A3110608A3110608A31106085511060836
:10110000A311060869110608991106087B689B7AE5
:10111000BB73BB7B012B06D0BB7B022B03D07B6850
:101120009B79B62B0CD1214B01221A707B685B880E
:101130009AB27B680633F97B0020FCF74FFE30E063
:101140007B685B889AB27B680633F97B0020FCF7EA
:1011500045FE26E07B685B889AB27B680633F97BA4
:101160000020FCF73BFE1CE0114B14221A707B6838
:1011700006331B889AB20F4B1A807B680633023302
:101180001B889AB20C4B1A807B68063304331B68A9
:101190001A460A4B1A6004E07B689A79084B1A7069
:1011A00000BF00BF1037BD4680BD00BFEB3B02242F
:1011B000F83B0224EE3B0224F03B0224F43B0224E1
:1011C000EC3B022400000000F0B597B000AF78605F
:1011D00007F118033E22002118461AF060FE06238C
:1011E0003B76CF4B1B78BB76CE4B1B78002B0AD0BF
:1011F00009233B76CC4B00221A70CA4B1B78013B6B
:10120000DAB2C84B1A700023FB7600233B77C74B3A
:101210001B6807F11002C6491846FCF7D7FF3B8A46
:10122000FB83C44B1B6807F11202C3491846FCF745
:10123000CDFFB7F9123007EE903AB8EEE77B9FED9D
:10124000AC6B27EE067BB2EE046B27EE067BFCEE62
:10125000C77B17EE903A9BB23B84B84B1B6807F1F3
:101260001202B7491846FCF7B1FFB7F9123007EE82
:10127000903AB8EEE77B9FEDA06B27EE067B9FEDE3
:10128000A06B27EE067BFDEEC77B17EE903A1BB2F4
:101290007B84AA4B1B6807F11202AA491846FCF787
:1012A00095FFB7F9123007EE903AB8EEE77B9FED65
:1012B000926B27EE067BFDEEC77B17EE903A1BB2D2
:1012C000BB84B7F92430B42B07DDB7F924309BB2C7
:1012D000A3F5B4739BB21BB2BB84B7F924309BB2A5
:1012E0001A46920013441A4691001A460B461344BC
:1012F0009B009BB21BB2BB84904B1B6807F1120290
:1013000091491846FCF762FFB7F9123007EE903AA0
:10131000B8EEE77B9FED786B27EE067B9FED786B51
:1013200027EE067BFDEEC77B17EE903A1BB2FB84DF
:10133000824B1B6807F10C0284491846FCF746FFF4
:10134000D7ED037A9FED827A67EE877AFDEEE77A32
:1013500017EE903A1BB23B85784B1B6807F10C02E5
:101360007C491846FCF732FFD7ED037A9FED787A77
:1013700067EE877AFDEEE77A17EE903A1BB27B852F
:101380006E4B1B6807F10C0273491846FCF71EFFF1
:10139000D7ED037A9FED6E7A67EE877AFDEEE77AF6
:1013A00017EE903A1BB2BB85644B1B6807F1140221
:1013B0006A491846FCF70AFF7B6907EE903AB8EED7
:1013C000E77B9FED516B27EE067B9FED516B27EE80
:1013D000067BFDEEC77B17EE903AC7F82E30574BD1
:1013E0001B6807F114025E491846FCF7EFFE7B69A3
:1013F00007EE903AB8EEE77B9FED436B27EE067B56
:101400009FED436B27EE067BFDEEC77B17EE903A10
:10141000C7F83230494B1B6807F10C025149184696
:10142000FCF7D4FED7ED037AFDEEE77A17EE903A9B
:101430001BB2FB874C4B1B6807F114024B49184643
:10144000FCF7C4FE7B6907EE903AB8EEE77B9FEDB0
:101450002E6B27EE067B9FED2E6B27EE067BFDEEB7
:10146000C77B17EE903AC7F836303F4B1B6807F141
:1014700014023F491846FCF7A9FE7B6907EE903A33
:10148000B8EEE77B9FED206B27EE067B9FED206B90
:1014900027EE067BFDEEC77B17EE903AC7F83A3091
:1014A000314B1B6807F1120232491846FCF78EFED9
:1014B000B7F91230A7F840302F4B1B68D3F8FB3038
:1014C00007EE903AB7EEE76A9FED135B86EE057B79
:1014D000FDEEC77B17EE903A1BB2A7F84230264BC1
:1014E0001B68D3F8FF3007EE903AB7EEE76A45E0A5
:1014F0009A9999999999B93F7B14AE47E17A843FBB
:10150000000000000000594048AFBC9AF2D77A3E74
:101510000000000080842E41FCA9F1D24D62603FA2
:10152000EC3B0224F83B0224FC3B0224F834022466
:10153000F002080808350224F802080814350224CD
:10154000000308080C030808140308081C03080813
:101550000000C842240308082C03080834030808C4
:101560003C03080844030808103502244C0308080B
:10157000540308085C030808481900209FED325BFB
:1015800086EE057BFDEEC77B17EE903A1BB2A7F8FF
:1015900044302F4B1B88A7F846302E4B1B88A7F8EA
:1015A00048302D4B1B68C7F84A302C4B1A783B7ECD
:1015B0009A4203D02A4B1B78012B04D100233B769F
:1015C000274B01221A70254B9A78FB7E9A4203D052
:1015D000234B5B78012B04D10023FB76204B0122A7
:1015E0005A701E4BDA783B7F9A4203D01C4B9B7893
:1015F000012B04D100233B77194B01229A707B68A1
:1016000007F118049C4604F1300E654626460FCEBD
:1016100028606960AA60EB6010340CF1100C74450E
:10162000F3D16546234607CB28606960AA601B8812
:10163000AB810C4B1B8801339AB20A4B1A803E23B4
:1016400018465C37BD46F0BDFCA9F1D24D62603F43
:10165000F03B0224EE3B0224F43B0224D03B022464
:10166000FC3B0224003C022490B5B5B000AF144C02
:10167000D4F81B00D4F81F1000F00302002313431A
:1016800001D0002318E000237B6007F10803C42287
:10169000002118461AF003FC3B1D1846FFF794FD85
:1016A000034687F8CF3097F8CF309AB23B1DAA2176
:1016B0000020FCF793FB00231846D437BD4690BDAD
:1016C000FC44012480B400AF2E4B03F58053AA22C2
:1016D00083F820202B4B03F58053552283F82120DB
:1016E000284B03F58053002242F0040283F82620A1
:1016F000002283F82720002283F82820002283F884
:101700002920204B03F5805300221A7600225A76B6
:1017100000229A760022DA761A4B03F580530022D3
:101720001A7700225A7700229A770022DA77154B2F
:1017300003F58053002283F82220002283F823201F
:10174000002283F82420002283F825200D4B03F586
:101750008053002242F0320283F82A20002283F8CC
:101760002B20002283F82C20002283F82D20054B0B
:1017700003F580530122DA7500231846BD465DF853
:10178000047B70474861012480B5A0B000AF786049
:101790007B68002B01D100237FE07A6807F11403F6
:1017A0001146642218461BF0B3F97B6801331B789D
:1017B000AA2B04D17B6802331B78552B01D0002360
:1017C0006BE07B6803331B781A467B6813441B78F5
:1017D0001B029BB27A6803321278013A79680A4494
:1017E00012781344A7F87E307B685A1C7B68033359
:1017F0001B78023B9BB219461046F9F791F8034655
:10180000A7F87C30B7F87E20B7F87C309A4221D018
:10181000244B1B680133234A1360224B1B6887F853
:101820007B3097F87B30FB740023BB600023FB60A8
:101830001D4A07F1080392E8030083E803001B4BED
:10184000186807F1130207F108010123FCF756FDA0
:10185000002322E07B68D81D7B68991D7B680333D9
:101860001B781A461AF001FB7A6807F11403114637
:10187000642218461BF04CF97B68043300221A706E
:101880007B68053300221A707B68063311221A70B8
:101890007B6803331B7805339BB218468037BD46FF
:1018A00080BD00BF203C02246403080814350224D4
:1018B000B0B5A8B000AF78607B685B889BB20B2B9B
:1018C00002D1552000F018FA7B680633CE4A144640
:1018D0001D4628686968AA68EB680FC428696969A9
:1018E00003C42B7E2370C84BB3F90C3007EE903A3B
:1018F000B8EEE77B9FEDBA6B27EE067B9FEDBA5BF8
:1019000087EE056B9FEDBA5B86EE057B9FEDBA6BAC
:1019100027EE067BF7EEC77BC7ED277ABA4BB3F904
:101920000A3007EE903AB8EEE77B9FEDAD6B27EEFD
:10193000067B9FEDAD5B87EE056B9FEDAD5B86EEA5
:10194000057B9FEDAD6B27EE067BF7EEC77BC7ED02
:10195000267AAD4BB3F9083007EE903AB8EEE77B44
:101960009FED9F6B27EE067B9FED9F5B87EE056BE0
:101970009FED9F5B86EE057B9FED9F6B27EE067BC1
:10198000F7EEC77BC7ED257A9F4B1B8A07EE903A8F
:10199000B8EEE77B9FED926B27EE067BF7EEC77BF9
:1019A000C7ED247A984B5B8A07EE903AB8EEE77B56
:1019B0009FED936B27EE067BF7EEC77BC7ED237A8F
:1019C000914B1B7887F88B300023C7F880300023B9
:1019D000C7F884308D4A07F1800392E8030083E85A
:1019E00003008B4B186807F18B0207F1800101237C
:1019F000FCF784FC844B5B7887F87F3000237B679F
:101A00000023BB6707F174030722824918461BF0C5
:101A10007FF87F4B186807F17F0207F174010123FB
:101A2000FCF76CFC784B9B7887F873300023BB661F
:101A30000023FB66784A07F1680392E8030083E815
:101A40000300734B186807F1730207F16801012363
:101A5000FCF754FC6C4BDB7887F867300023FB65A0
:101A600000233B6607F15C0307226C4918461BF014
:101A70004FF8674B186807F1670207F15C01012313
:101A8000FCF73CFC604B5B8AA7F85A3000233B65AF
:101A900000237B6507F150030622614918461BF0BD
:101AA00037F85B4B186807F15A0207F1500102231F
:101AB000FCF724FC544B9B8AA7F84E3000237B6430
:101AC0000023BB6407F144030622564918461BF065
:101AD0001FF84F4B186807F14E0207F1440102232B
:101AE000FCF70CFCD7F89C303B640023BB6300235D
:101AF000FB6307F1380306224B4918461BF008F830
:101B0000434B186807F1400207F138010423FCF742
:101B1000F5FBD7F898307B630023FB6200233B631F
:101B200007F12C030622414918461AF0F1FF384B01
:101B3000186807F1340207F12C010423FCF7DEFBDF
:101B4000D7F89430BB6200233B6200237B6207F12D
:101B500020030622364918461AF0DAFF2C4B186883
:101B600007F1280207F120010423FCF7C7FBD7F88F
:101B70009030FB6100237B610023BB6107F11403FC
:101B800005222C4918461AF0C3FF214B186807F1AB
:101B90001C0207F114010423FCF7B0FB1A4BDB898C
:101BA0007B820023BB600023FB60234A07F108030C
:101BB00092E8030083E80300154B186807F112024E
:101BC00007F108010223FCF799FB1C4BC8229A720B
:101BD00000231846A037BD46B0BD00BFAFF300805C
:101BE00005C078060DFD533F0AD7A3703D0AC73FD5
:101BF000666666666666E63F9A9999999999234062
:101C0000FCA9F1D24D62603F043C02247003080835
:101C1000083502247C030808840308089003080898
:101C200098030808A0030808A8030808B0030808D8
:101C3000B8030808C0030808C8030808FC440124C6
:101C400080B586B000AF78600B46FB7055233B73C0
:101C5000AA237B730923BB73FB78FB7311233B74AB
:101C600021237B74FB78552B01D11A23BB7407F118
:101C70000C0307211846F8F753FE0346FB82FB8A44
:101C8000DBB2FB74FB8A1B0A9BB2DBB23B7507F12C
:101C90000C030922194678681AF03AFF09231846FE
:101CA0001837BD4680BD0000B0B5A2B000AF786067
:101CB0000B467B800F4B07F1700403F118050FCD25
:101CC0000FC495E8030084E803007A8807F10C0349
:101CD000796818461AF01CFF97F8713018467B880F
:101CE0001A467968FDF714FD002318468837BD466B
:101CF000B0BD00BF8CFA012480B5B6B000AF03467A
:101D0000FB710023FB6007F11003C4220021184679
:101D10001AF0C5F8FA7907F10C0311461846FFF7D7
:101D20008FFF034687F8D73097F8D7309AB207F17C
:101D30000C0311461846FFF7B7FF00231846D837A3
:101D4000BD4680BD80B582B000AF786039604FF489
:101D5000A062002105481AF0A2F80449786800F052
:101D600007F8024B18460837BD4680BD30460224AE
:101D700080B5ACB000AF78603960002387F8AF3031
:101D800007F10C039C22002118461AF088F8204B1A
:101D9000C7F8A8301DE0D7F8A8309B68184607F1AF
:101DA0000C039C221946FDF798F907F10C03183330
:101DB000796818461AF049FE0346002B14D097F8AC
:101DC000AF30013387F8AF30D7F8A8309C33C7F86D
:101DD000A830D7F8A830002B07D0D7F8A8301B6858
:101DE0000C4A9342D7D000E000BF97F8AF30072BE2
:101DF00002D14FF0FF3306E097F8AF30396818464C
:101E000000F00AF803461846B037BD4680BD00BF53
:101E10004014002098BADCFE80B584B000AF0346C1
:101E20003960FB71FB799C2202FB03F3144A1344D3
:101E3000FB60FB689B681846FB689C221946FDF70F
:101E40004CF90346002B14D1FB689A68FB685B6968
:101E5000134418463968FB68DB681A46FDF73DF9FC
:101E60000346002B02D1FB68DB6804E04FF0FF3330
:101E700001E04FF0FF3318461037BD4680BD00BF6C
:101E80004014002080B582B000AF00237B6022E0C8
:101E90007B689C2202FB03F3134A13443B603B68BC
:101EA0005B68A02B14D03B685B68B02B10D03B68FC
:101EB0005B68B12B0CD03B6800221A6038683B6825
:101EC0009B689C221946FDF7CDF83B68074A1A60CB
:101ED0007B6801337B607B68062BD9DD00231846C5
:101EE0000837BD4680BD00BF4014002098BADCFE14
:101EF00090B5ADF2CC5D00AF07F5B963A3F2C45362
:101F0000186007F5B963A3F2C4531B685B7987F8BF
:101F1000AF3597F8AF35603B0A2B00F26C8401A215
:101F200052F823F0511F0608F7270608CD200608AF
:101F3000F727060841240608F7270608172606088B
:101F4000F7270608F7270608F727060803260608D6
:101F500007F5B963A3F2C4531B689A799F4B1A70B3
:101F60009E4B1B78112B7FD107F5B963A3F2C453A5
:101F70001B68DB7987F8C73597F8C735B02B02D1D6
:101F8000062387F8C73597F8C7359C2202FB03F371
:101F9000934A1344934A136007F5B963A3F2C453F9
:101FA0001B6806339A1C8F4B1B681268DA6007F5B2
:101FB000B963A3F2C4531B6806339A1D894B1B688F
:101FC00012681A61874B1B6803F1180007F5B963A3
:101FD000A3F2C4531B6806330A33802219461AF051
:101FE00097FD804B1B68012283F898204FF4A06274
:101FF00000217D4819F053FF7A4B1B689C2219463B
:1020000079481AF085FD794B00221A80784B00221E
:102010001A80784B01221A70724B1B68DB68C82B40
:102020001ED9754B01221A706E4B1B689B681A46AD
:102030006C4B1B68DB6819461046FDF72CF8694BA2
:102040001B681A46674B1B689B6819461046FDF7CC
:1020500033F86A4B00221A60694B00221A6010E0C4
:10206000654B00221A700CE05C4B1B78222B08D1C8
:102070005C4B00221A605F4B00221A705E4B0022FC
:102080001A7007F5B963A3F58A63AA221A70534B35
:102090001A7807F5B963A3F58A635A7007F5B9632F
:1020A000A3F25243C8221A8007F5BC73023307F526
:1020B000B962A2F2524212881A8007F5BC731A461E
:1020C00004216120FCF7E8FB002395E307F5B963E1
:1020D000A3F2C4531B680633C7F88C3507F5B96300
:1020E000A3F2C4531B6806330233C7F8883507F5DB
:1020F000B963A3F2C4531B6806330433C7F88435AD
:1021000007F5B963A3F2C4531B6806330633C7F857
:102110008035384B01221A70D7F888351A88D7F8DD
:102120008C351B889A420FD907F5B963A3F58A63EA
:1021300033221A7007F5B963A3F58A6301225A7036
:102140002C4B00221A7065E1D7F888351B88002BCC
:1021500015D0264B1B881A46D7F888351B88013BBB
:102160009A420CD007F5B963A3F58A6333221A703B
:1021700007F5B963A3F58A6302225A704AE11C4B42
:102180001B88002B16D0D7F88C351A88184B1B8863
:102190009A420FD007F5B963A3F58A6333221A7008
:1021A00007F5B963A3F58A6304225A70114B002224
:1021B0001A702FE1094B1B78112B23D007F5B96357
:1021C000A3F58A6333221A7007F5B963A3F58A630E
:1021D00008225A70074B00221A701BE18418002055
:1021E00040140020344B0224243C0224384B0224A7
:1021F0003A4B02242C460224304B0224244602246B
:102200002846022407F5B963A3F58A6300225A70B1
:10221000D7F88C351A88A24B1A80D7F888351A88D7
:10222000A04B1A80A04B1B78002B40F08C809F4B5A
:102230001B685B69D7F8882512881146C82201FB04
:1022400002F213449A4A9818D7F884351B881A4624
:10225000D7F880151AF05CFCD7F888351B881A4629
:10226000D7F88C351B88013B9A4265D107F5B963D5
:10227000A3F58A6311221A7007F5BC730233D7F8ED
:102280008C2512881A8007F5BC730433D7F888258B
:1022900012881A8007F5BC731A4606216320FCF7E2
:1022A000FBFA824B1B685B69814A98187F4B1B685D
:1022B000D96800230022F8F7EDFAC7F87C057B4BBC
:1022C0001B681B69D7F87C259A4228D17848774B40
:1022D0001B689B681C46754B1B685B691A46D7F8E0
:1022E00088351B881946C82301FB03F31344D7F82C
:1022F0008425128813441A462146FCF7B3FE034690
:1023000087F87B3597F87B35002B01D1222200E03E
:10231000332207F5B963A3F58A631A7005E007F560
:10232000B963A3F58A6333221A705E4B00221A80C8
:102330005B4B00221A806DE007F5B963A3F58A6351
:1023400011221A7066E05B4B1B685B4A9818D7F83D
:1023500084351B881A46D7F880151AF0D9FBD7F8B0
:1023600084351B881A46534B1B681344514A13602B
:1023700021E051484D4B1B689B681A464B4B1B682C
:102380005B691A444D4B1B681B0213441946FCF74A
:1023900093FE484B1B68A3F58073464A1360474B76
:1023A0001B680133454A13604549424B1B681A4676
:1023B000414819F05AFD3F4B1B68B3F5807FD8D8D0
:1023C000D7F888351B881A46D7F88C351B88013B0F
:1023D0009A4219D13848354B1B689B681A46334BD3
:1023E0001B685B691A44354B1B681B021344194672
:1023F000FCF762FE07F5B963A3F58A6322221A701F
:10240000294B00221A7005E007F5B963A3F58A632A
:1024100011221A7007F5BC730233D7F88C25128885
:102420001A8007F5BC730433D7F8882512881A8000
:1024300007F5BC731A4606216320FCF72DFADAE192
:1024400007F5B963A3F5B86318469C231A46002123
:1024500019F025FD1B4BC7F8C035C5E0D7F8C035CE
:102460009B68184607F108039C221946FCF735FEC5
:1024700007F5B963A3F5B8631B68134A934240F0AC
:10248000AE800023C7F8BC3507F5B963A3F5B86380
:10249000DB68C7F898354FF0FF33C7F8B8354BE025
:1024A0003A4B0224384B0224304B0224344B022492
:1024B000243C0224244602242441022428460224E7
:1024C000244202244014002098BADCFE07F5B963C8
:1024D000A3F5B8639A6807F5B963A3F5B8635969BA
:1024E000D7F8BC350B4413441846C64B4FF48072E2
:1024F0001946FCF7F2FDD7F89825D7F8BC35D31A62
:10250000B3F5807FA8BF4FF48073C7F890350123DF
:10251000D7F8B825D7F89015BA48F8F7BBF9C7F837
:10252000B805D7F8B835DB43C7F8B835D7F8BC35A8
:1025300003F58073C7F8BC35D7F8BC25D7F89835B4
:102540009A42C3DBD7F8B835DB43C7F8B83507F58F
:10255000B963A3F5B8631B69D7F8B8259A4229D1A6
:1025600007F5B963A3F5B8635B68DAB207F5B96339
:10257000A3F224531A7007F1A403013307F5B962DB
:10258000A2F5B862D2681A6007F1A403053307F513
:10259000B962A2F5B862184602F118038022194602
:1025A0001AF0B6FA07F1A4031A4685216520FCF754
:1025B00073F914E007F10803C7F89435D7F8943598
:1025C00000221A60D7F89405D7F894359B689C22AE
:1025D0001946FCF747FDD7F894358B4A1A60D7F8AF
:1025E000C0359C33C7F8C035D7F8C035002B00F094
:1025F000FF80D7F8C0351B68834A93423FF42EAF63
:10260000F6E0FFF73FFC07F5B6731A4600216B2092
:10261000FCF742F9EFE07D4B1B78112B40F0EA808C
:102620004FF4A0620021774819F039FC07F5B9632F
:10263000A3F2C4531B680633C7F8A835744B1B6854
:102640009B6818466F4B9C221946FCF746FD0346D3
:1026500087F8A7356B4BDB68C7F8A0350023C7F8B0
:10266000B435D7F8A035B3F5807F51D8684B1B68D7
:102670009A68674B1B685B6913441846644B1B6878
:102680005B69604A13441946614B1B68DB681A4654
:10269000FCF723FD034687F8A7355D4B1B685B6994
:1026A000584A981800230022D7F8A015F8F7F2F836
:1026B000C7F8B40597F8A735002B21D1D7F8A8356E
:1026C0001B68D7F8B4259A4213D107F5B963A3F56F
:1026D0008A6300221A704E4B1B6818334D49184606
:1026E0001AF0B3F90346002B6BD14B4B01221A7041
:1026F00067E007F5B963A3F58A6302221A7060E008
:1027000007F5B963A3F58A6397F8A7251A7058E00F
:102710000023C7F8B0354FF0FF33C7F8B43531E0C8
:102720003B4B1B689A683A4B1B685969D7F8B03520
:102730000B4413441846334B4FF480721946FCF790
:10274000CCFCD7F8B035D7F8A025D31AB3F5807FE5
:1027500028BF4FF48073C7F89C350123D7F8B42500
:10276000D7F89C152748F8F795F8C7F8B405D7F8B7
:10277000B435DB43C7F8B435D7F8B03503F580730B
:10278000C7F8B035D7F8B035D7F8A0259A42C7D8E2
:10279000D7F8B435DB43C7F8B435D7F8A8351B688C
:1027A000D7F8B4259A4206D107F5B963A3F58A6331
:1027B00000221A7005E007F5B963A3F58A630222C7
:1027C0001A7007F5BC730133D7F8A0251A6007F516
:1027D000BC730533D7F8B4251A6007F5BC731A46E5
:1027E00009216720FCF758F80C4B00221A7001E011
:1027F00000BF00E000BF0023184607F2CC57BD46DB
:1028000090BD00BF243C022498BADCFE841800204E
:10281000344B0224DC0308082D4602242C460224F3
:1028200080B48BB000AF786039607B681B78002B78
:1028300007D14FF000024FF0000371E07B680133D5
:102840007B607B681B78202BF8D07B681B78092B7A
:10285000F4D07B681B780A2BF0D07B681B780D2B9B
:10286000ECD07B681B78303B7B6200233B624FF0EF
:10287000FF33FB610023BB6119E07B6A13F1020F98
:1028800002D1BB69FB6108E03A6A13469B0013441E
:102890005B001A467B6A13443B627B6801337B60B2
:1028A0007B681B78303B7B62BB690133BB617B6A11
:1028B00013F1100F0FD07B6A13F1270F0BD07B6A37
:1028C00013F1260F07D07B6A13F1230F03D07B6A25
:1028D00013F1300FD1D13B6A07EE903AB8EEE77BA7
:1028E00087ED047BFB69B3F1FF3F14D00023FB604D
:1028F0000AE097ED046BB2EE045B86EE057B87ED94
:10290000047BFB680133FB60BA69FB69D31A013BA6
:10291000FA689A42EDDB3B687A681A60D7E90423CB
:1029200043EC172BB0EE470B2C37BD465DF8047B0C
:102930007047000080B588B000AF7860294A7B6896
:102940001046194692231A461AF0E2F8264B5B7895
:10295000002B41D17968D1F88220D1F8863043EC40
:10296000172BFDEEC77B17EE903A1BB2FB830023BB
:102970007B610023BB6107F1140307221B49184642
:102980001AF0C6F81A4B186807F11E0207F1140175
:102990000223FBF7B3FC7968D1F88A20D1F88E3096
:1029A00043EC172BFDEEC77B17EE903A1BB27B82F0
:1029B0000023BB600023FB6007F1080307220D49D9
:1029C00018461AF0A5F80A4B186807F1120207F129
:1029D00008010223FBF792FC002318462037BD466E
:1029E00080BD00BF3C4B0224FC4401243004080895
:1029F00000350224380408082DE9F04FADF65C1DBF
:102A00000CAF07F62813A3F6D4031860D64AC823E0
:102A1000D37107F62813A3F6D4031B685B7987F8F4
:102A2000273997F82739FA2B00F0D882FA2B00F3D0
:102A3000DA82AB2B36D0AB2B00F3D582AA2B0FD08A
:102A4000AA2B00F3D082232B00F3CD82222B80F21D
:102A5000A181202B00F06482212B00F0A381C2E22F
:102A600007F62813A3F6D4031B689B7987F8263949
:102A700097F82639E02B04D097F82639E22B40F05E
:102A8000AF8207F62813A3F6D4031B689A7907F6DA
:102A90002813A3F6CC035A7107F15C03184601F022
:102AA000C5FA9DE207F62813A3F6D4031B68063384
:102AB0001A68BA645B68FB64D7E9122307F6181139
:102AC000C1E9002307F62813A3F6D4031B680633D5
:102AD00008331A683A645B687B64D7E9102307F50A
:102AE0001161C1E9002307F62813A3F6D4031B687C
:102AF000063310331A68BA635B68FB63D7E90E23A9
:102B000007F60811C1E9002307F62813A3F6D4033A
:102B10001B68063318331A683A635B687B63D7E92E
:102B20000C239249C1E9002307F62813A3F6D40326
:102B30001B68063320331A68BA625B68FB62D7E908
:102B40000A238B49C1E9002307F62813A3F6D4030F
:102B50001B68063328331A683A625B687B62D7E9E0
:102B6000082307F51061C1E9002307F62813A3F62F
:102B7000D4031B68063330331A68BA615B68FB61A3
:102B8000D7E9062307F6F801C1E90023764B5B7A03
:102B9000002B40F02782012387F8F7380023C7F87D
:102BA000EC380023C7F8F03807F6EC030722714928
:102BB000184619F0ADFF704B186807F6F70207F6D4
:102BC000EC010123FBF79AFB0023A7F8EA38002366
:102BD000C7F8E0380023C7F8E438684A07F50E6301
:102BE00092E8030083E80300634B186807F6EA02E3
:102BF00007F50E610223FBF781FB0023A7F8DE38FF
:102C00000023C7F8D4380023C7F8D83807F6D40310
:102C100006225B49184619F07BFF574B186807F6E8
:102C2000DE0207F6D4010223FBF768FB07F5106309
:102C300093ED006B9FED485B86EE057BFDEEC77B59
:102C400017EE903A1BB2A7F8D2380023C7F8C8385D
:102C50000023C7F8CC384B4A07F6C80392E80300B4
:102C600083E80300444B186807F6D20207F6C80150
:102C70000223FBF743FB07F6F80393ED006B9FED90
:102C8000365B86EE057BFDEEC77B17EE903A1BB2F6
:102C9000A7F8C6380023C7F8BC380023C7F8C038E7
:102CA00007F6BC0307223849184619F031FF324BAA
:102CB000186807F6C60207F6BC010223FBF71EFBE5
:102CC0002A4B93ED006B9FED265B86EE057BFDEEB8
:102CD000C77B17EE903A1BB2A7F8BA380023C7F8A3
:102CE000B0380023C7F8B438284A07F50B6392E8D8
:102CF000030083E80300204B186807F6BA0207F5C3
:102D00000B610223FBF7FAFA194B93ED006B9FED71
:102D1000145B86EE057BFDEEC77B17EE903A1BB287
:102D2000A7F8AE380023C7F8A4380023C7F8A8389E
:102D300007F6A40306221649184619F0E9FE0E4BC1
:102D4000186807F6AE0207F6A4010223FBF7D6FACD
:102D500048E100BFAFF300807B14AE47E17A843FC7
:102D6000FCA9F1D24D62603FFC440124E04B0224F7
:102D7000E84B022440040808F834022448040808F8
:102D8000540408085C04080868040808700408086B
:102D90007C04080807F62813A3F6D4031868FDF787
:102DA00031FB20E107F62813A3F6D4031B68063392
:102DB00001331A683A615B687B61D7E9042307F63F
:102DC0009801C1E9002307F62813A3F6D4031B6872
:102DD000063309331A68BA605B68FB60D7E90223DF
:102DE00007F50961C1E9002307F62813A3F6D40308
:102DF0001B68063311331A683A605B687B60D7E959
:102E0000002307F68801C1E9002307F62813A3F67B
:102E1000D4031B6806331933D3F800A0D3F804B0E9
:102E200052465B4607F50861C1E9002307F62813FF
:102E3000A3F6D4031B6806332133D3F80080D3F8FC
:102E4000049042464B4607F67801C1E9002307F695
:102E50002813A3F6D4031B68063329331C685D6866
:102E600022462B4607F50761C1E9002307F6281320
:102E7000A3F6D4031B689A7907F62813A3F6CC03AC
:102E80001A7007F69803D3E9002307F62811A1F674
:102E9000CC0101310A604B6007F50963D3E90023D7
:102EA00007F62811A1F6CC01103107390A604B60F2
:102EB00007F68803D3E9002307F62811A1F6CC0111
:102EC000103101310A604B6007F67803D3E9002323
:102ED00007F62811A1F6CC01203107390A604B60B2
:102EE00007F50863D3E9002307F62811A1F6CC0102
:102EF000303102310A604B6007F62813A3F6CC0686
:102F00006C4606F110050FCD0FC40FCD0FC495E828
:102F10000F0007C4238096E80F000AF087FC62E0E8
:102F200007F62813A3F6CC03184692231A4600216D
:102F300018F0B5FF07F62813A3F6D4031B689A1DF3
:102F400007F62813A3F6CC031846114692231A4617
:102F500019F0DEFD07F15C031846FFF7EBFC07F6FE
:102F60002813A3F6CC031B78002B03D100F0D4FC6C
:102F7000002339E01F4B1B7803F01003002B13D103
:102F80001C4B1B7843F02003DAB21A4B1A701A4B11
:102F9000DB78012B08D0FDF783FCFDF7F9FB00225D
:102FA00000213B2000F0D6FC0D2387F86F3800236A
:102FB000C7F864380023C7F86838104A07F6640376
:102FC00092E8030083E803000D4B186807F66F02D0
:102FD00007F664010123FBF791F904E000BF02E06A
:102FE00000BF00E000BF0023184607F62C17BD46BF
:102FF000BDE8F08FFC440124543B022484040808FB
:10300000103502240000000080B52DED028BB2B017
:1030100000AFCB4B1B68CB4AD27883F8A020C84BBB
:103020001968C948D0F81A20D0F81E308A63CB63DB
:10303000C34B1968C448D0F82220D0F826300A645F
:103040004B64BF4B1968C048D0F82A20D0F82E3006
:103050008A64CB64BA4B1968BB48D0F80220D0F818
:1030600006300A624B62B64B1968B748D0F80A209E
:10307000D0F80E308A62CB62B14B1968B248D0F8F2
:103080001220D0F816300A634B63AD4B1968AE4876
:10309000D0F85220D0F856308A65CB65A84B196815
:1030A000A948D0F85A20D0F85E300A664B66A44B87
:1030B0001968A548D0F86220D0F866308A66CB66D9
:1030C0009F4B1968A048D0F86A20D0F86E300A6784
:1030D0004B679B4B19689C48D0F87220D0F876302B
:1030E0008A67CB67964B19689748D0F87A20D0F852
:1030F0007E30C1F88020C1F88430914B19680A6F86
:103100004B6FB0EE001B43EC102B15F051FFB0EEEF
:10311000408B8B4B19688A6FCB6FB0EE001B43EC72
:10312000102B15F045FFB0EE407B38EE078B844B3B
:103130001968D1F88020D1F88430B0EE001B43EC40
:10314000102B15F035FFB0EE407B38EE077BB0EE6C
:10315000470B15F0F1FB87ED300B794B1B68D7F867
:10316000C0201A65D7F8C4205A65754B196876488F
:10317000D0F83220D0F83630C1F88820C1F88C3031
:103180006F4B19687048D0F83A20D0F83E30C1F83B
:103190009020C1F894306A4B19686B48D0F84220EF
:1031A000D0F84630C1F89820C1F89C30644B1868BC
:1031B0006549D1F88220D1F8863000F1A0010131B3
:1031C0000A604B605E4B18685F49D1F88A20D1F8DD
:1031D0008E3000F1B00107390A604B605B4B5B78C1
:1031E000002B33D05A4B1B6807F1AA0259491846E5
:1031F000FAF7ECFF564B1B6807F1A8025649184630
:10320000FAF7E4FFB7F9AA3007EE903AB8EEE77B99
:103210004B4B1B689FED486B27EE067B51EC170B61
:10322000A033013318605960B7F9A83007EE903A1F
:10323000B8EEE77B424B1B689FED3F6B27EE067BAA
:1032400051EC170BB033073B186059603C4B1968C1
:103250008A6BCB6B43EC172BF7EEC77BC7ED297A54
:103260000023C7F89C300023C7F8A03007F19C0367
:1032700005223A49184619F04BFC394B186807F1FA
:10328000A40207F19C010423FBF738F82C4B1968C2
:103290000A6C4B6C43EC172BF7EEC77BC7ED267A15
:1032A0000023C7F890300023C7F8943007F190034B
:1032B00005222C49184619F02BFC294B186807F1F8
:1032C000980207F190010423FBF718F81C4B1968CA
:1032D0008A6CCB6C43EC172BF7EEC77BC7ED237AD8
:1032E0000023C7F884300023C7F8883007F184032F
:1032F00005221D49184619F00BFC194B186807F1F7
:103300008C0207F184010423FAF7F8FF0E4B5B7877
:10331000002B00F0C580124B1B6807F18002134997
:103320001846FAF753FFD7ED207A054B1B68B7EE26
:10333000E77A51EC170B1BE07B14AE47E17A843F30
:1033400044190020543B02243C4B0224FC44012439
:1033500000350224300408083804080890040808DE
:103360001435022498040808A0040808A8040808D2
:1033700018625962D24B1B6807F18002D149184686
:10338000FAF724FFD7ED207ACF4B1B68B7EEE77A28
:1033900051EC170B9862D962C94B1B6807F1800288
:1033A000CA491846FAF712FFD7ED207AC64B1B68B8
:1033B000B7EEE77A51EC170B18635963C04B1B68E3
:1033C00007F17E02C2491846FAF700FFB7F97E30CE
:1033D00007EE903AB8EEE77BBB4B1B689FEDAE6BF8
:1033E00027EE067B51EC170BC3F88800C3F88C104E
:1033F000B34B1B6807F17C02B6491846FAF7E6FEA4
:10340000B7F87C305B4207EE903AB8EEE77BAE4B04
:103410001B689FEDA16B27EE067B51EC170BC3F8E1
:103420009000C3F89410A64B1B6807F17E02AA49CE
:103430001846FAF7CBFEB7F97E3007EE903AB8EEB1
:10344000E77BA14B1B689FED946B27EE067B51EC4D
:10345000170BC3F89800C3F89C109B4B1968D1F860
:103460009020D1F894309FED8E7B43EC162BB4EE78
:10347000C76BF1EE10FA13D5934B1968D1F8902071
:10348000D1F89430904909689FED877B43EC162B67
:1034900036EE077B53EC172BC1F89020C1F894301F
:1034A000894B19680A6F4B6FB0EE001B43EC102B71
:1034B00015F07EFDB0EE408B834B19688A6FCB6FA1
:1034C000B0EE001B43EC102B15F072FDB0EE407B0C
:1034D00038EE078B7C4B1968D1F88020D1F8843006
:1034E000B0EE001B43EC102B15F062FDB0EE407BFC
:1034F00038EE077BB0EE470B15F01EFA87ED2E0B6A
:1035000097ED2E7BB2EE046B27EE067BFDEEC77BBC
:1035100017EE903A1BB2A7F87A3000233B670023DE
:103520007B6707F1700306226C49184619F0F0FA20
:103530006B4B186807F17A0207F170010223FAF762
:10354000DDFE614B19688A6DCB6D9FED597B43ECB5
:10355000162B26EE077BFDEEC77B17EE903AFB6637
:1035600000237B660023BB6607F1640306225D49E6
:10357000184619F0CDFA524B186807F16C0207F1A2
:1035800064010423FAF7BAFE4F4B19680A6E4B6EBA
:103590009FED477B43EC162B26EE077BFDEEC77BAA
:1035A00017EE903A3B660023BB650023FB6507F1ED
:1035B000580306224C49184619F0AAFA404B1868DD
:1035C00007F1600207F158010423FAF797FE3E4B1A
:1035D00019688A6ECB6E43EC172BF7EEC77BC7EDED
:1035E000157A0023FB6400233B6507F14C03072297
:1035F0003E49184619F08CFA314B186807F154020D
:1036000007F14C010423FAF779FE2F4B19680A6F72
:103610004B6F9FED297B43EC162B26EE077BFDEECF
:10362000C77B17EE903A1BB2A7F84A3000233B64E1
:1036300000237B6407F1400305222D49184619F049
:1036400067FA1F4B186807F14A0207F1400102238D
:10365000FAF754FE1C4B19688A6FCB6F9FED167BEF
:1036600043EC162B26EE077BFDEEC77B17EE903A58
:103670001BB2FB8700237B630023BB6307F134038A
:1036800005221C49184619F043FA0D4B186807F13A
:103690003E0207F134012FE07B14AE47E17A843F0C
:1036A00000000000008066C000000000008076403E
:1036B00000000000D01263410000000000005940EB
:1036C00014350224B004080844190020B80408087E
:1036D000C0040808CC040808D4040808DC0408085E
:1036E00008350224E4040808EC040808F404080877
:1036F000FC040808040508080223FAF7FFFD7C4BC8
:103700001968D1F88020D1F884309FED717B43ECAB
:10371000162B26EE077BFDEEC77B17EE903A1BB209
:103720007B860023BB620023FB6207F1280305228E
:103730007049184619F0ECF96F4B186807F132021E
:1037400007F128010223FAF7D9FD694B1B6893F8AA
:10375000A030002B17D0642387F827300023FB61AB
:1037600000233B62654A07F11C0392E8030083E8EB
:103770000300614B186807F1270207F11C010123C0
:10378000FAF7BCFD15E00023FB7600233B61002324
:103790007B615A4A07F1100392E8030083E80300B3
:1037A000554B186807F11B0207F110010123FAF7C6
:1037B000A5FD4F4B1968D1F89020D1F8943043EC17
:1037C000172BB1EE477B87ED2C7B97ED2C7BB5EE6D
:1037D000C07BF1EE10FA07D597ED2C7B9FED3E6B89
:1037E00037EE067B87ED2C7B414B19680A6D4B6DDC
:1037F000B2EE047B43EC162B26EE077BFDEEC77B77
:1038000017EE903A1BB2FB8100237B600023BB6064
:103810003B1D06223A49184619F07AF9394B1868C7
:1038200007F10E02391D0223FAF768FD364B1B68BB
:1038300007F1AD0235491846FAF7C8FC324B1B6850
:1038400007F1AE0232491846FAF7C0FCB7F9AE30BC
:1038500007EE903AB8EEE77B9FED216B27EE067BF3
:10386000234B1B689FED206B87EE067B51EC170BFB
:10387000E033073B18605960234B1B6807F1AE0229
:1038800024491846FAF7A2FCB7F9AE3007EE903A91
:10389000B8EEE77B9FED126B27EE067B144B1B689F
:1038A0009FED116B87EE067B51EC170BE033013374
:1038B000186059600E4B1B6897F8AD2083F8E9201B
:1038C00000231846C837BD46BDEC028B80BD00BF43
:1038D0000000000000005940000000000080764019
:1038E000FCA9F1D24D62603F6666666666A64C40F2
:1038F000441900200C050808143502241405080892
:103900002005080808350224F83402244004080879
:10391000700408087C04080880B500AF0C4B1B78C5
:1039200023F01003DAB20A4B1A70094B1B7823F00C
:103930004003DAB2064B1A70054B1B7843F00103C3
:10394000DAB2034B1A7009F0A9FC00BF80BD00BFBA
:10395000FC44012480B582B000AF03463960FB719E
:103960001346BB71BB799AB2F9793B680720FAF725
:1039700035FA002318460837BD4680BD0000000018
:1039800080B52DED028BA8B000AF87ED120B87ED4F
:10399000101B87ED0E2B87ED0C3B87ED0A4B87ED57
:1039A000085B87ED066B87ED047BF860B9607A6091
:1039B0003B60D7F8C830002B4AD11C494FF00002B9
:1039C0004FF00003C1E90023184BD3E90023184945
:1039D000C1E90023164BD3E900231649C1E90023AE
:1039E000144BD3E900231449C1E90023124BD3E956
:1039F00000231249C1E90023104BD3E900231049E9
:103A0000C1E900230E4BD3E900230E49C1E900238D
:103A10000C4BD3E900230C49C1E900230A4BD3E93D
:103A200000230A49C1E90023ECE100BF484C02240D
:103A3000504C0224584C0224604C0224684C02244E
:103A4000704C0224784C0224804C0224884C0224BE
:103A5000C94B93ED006B97ED127B36EE077BC64B9F
:103A600083ED007BC54B93ED006B97ED107B36EE3D
:103A7000077BC24B83ED007BC14B93ED006B97ED51
:103A80000E7B36EE077BBE4B83ED007BBD4B93ED8B
:103A9000006B97ED0C7B36EE077BBA4B83ED007B1A
:103AA000B94B93ED006B97ED0A7B36EE077BB64B77
:103AB00083ED007BB54B93ED006B97ED087B36EE05
:103AC000077BB24B83ED007BB14B93ED006B97ED21
:103AD000067B36EE077BAE4B83ED007BAD4B93ED63
:103AE000006B97ED047B36EE077BAA4B83ED007BE2
:103AF000A94B93ED006B97ED2C7B36EE077BA64B25
:103B000083ED007B9C4BD3E90023A449C1E900234A
:103B10009A4BD3E90023A249C1E90023984BD3E98A
:103B20000023A049C1E90023964BD3E900239E4915
:103B3000C1E90023944BD3E900239C49C1E9002348
:103B4000924BD3E900239A49C1E90023934B93EDAB
:103B5000005BD7F8C83007EE903AB8EE676B85EE99
:103B6000067B87ED267B8E4B93ED005BD7F8C83044
:103B700007EE903AB8EE676B85EE067B87ED247B07
:103B8000884B93ED005BD7F8C83007EE903AB8EE5B
:103B9000676B85EE067B87ED227B834B93ED005BA5
:103BA000D7F8C83007EE903AB8EE676B85EE067B23
:103BB00087ED207B7D4B93ED005BD7F8C83007EE97
:103BC000903AB8EE676B85EE067B87ED1E7B784BEF
:103BD00093ED005BD7F8C83007EE903AB8EE676B0C
:103BE00085EE067B87ED1C7B3B68002B0DD0684B78
:103BF00093ED005BD7F8C83007EE903AB8EE676BEC
:103C000085EE067B3B6883ED007BD7F8B830002B50
:103C10000ED0604B93ED005BD7F8C83007EE903ABA
:103C2000B8EE676B85EE067BD7F8B83083ED007B86
:103C3000D7F8BC30002B0ED0574B93ED005BD7F874
:103C4000C83007EE903AB8EE676B85EE067BD7F882
:103C5000BC3083ED007B97ED267B27EE076B97ED5D
:103C6000247B27EE077B36EE076B97ED227B27EE52
:103C7000077B36EE077BB0EE470B14F05DFE87ED59
:103C80001A0BD7F8C030002B05D0D7F8C010D7E9F1
:103C90001A23C1E90023D7F8C430002B1DD097EDBB
:103CA000207B27EE076B97ED1E7B27EE077B36EE1A
:103CB000076B97ED1C7B27EE077B36EE077BB0EE9C
:103CC000470B14F039FEB0EE407B9FED276B27EEDB
:103CD000067BD7F8C43083ED007B97ED246B97ED1E
:103CE0001A7B86EE075BB0EE450B14F0CDFDB0EE0F
:103CF000407BB1EE477B87ED187B97ED187B9FEDFE
:103D00001C6B37EE067B87ED167B97ED226B97EDEC
:103D10001A7B86EE078B97ED160B14F07DFFB0EE45
:103D2000406B88EE067BB0EE470B14F0ADFD87EDDF
:103D3000140BFB68002B08D097ED180B02F064FC05
:103D4000B0EE407BFB6883ED007BBB68002B31D07D
:103D500097ED140B02F058FCB0EE407BBB6883ED8E
:103D6000007B27E0AFF30080000000000020AC40A3
:103D70004AD8124DFB21F93F884C0224804C022482
:103D8000784C0224704C0224684C0224604C0224BB
:103D9000584C0224504C0224484C0224904C0224DB
:103DA000984C0224A04C0224A84C0224B04C0224BB
:103DB000B84C02247B68002B10D097ED1E1B97EDAA
:103DC0001C0B14F08DFDB0EE407BB0EE470B02F003
:103DD0001BFCB0EE407B7B6883ED007B7B6893ED42
:103DE000007BB5EEC07BF1EE10FA00D409E07B68F1
:103DF00093ED007B9FED086B37EE067B7B6883EDD0
:103E0000007B00BF01231846A037BD46BDEC028BE6
:103E100080BD00BFAFF3008000000000008076404E
:103E200080B5A2B008AF704B1B68002B49D06F4B18
:103E30001A686D4B1B689A4207D16C4B00221A60BE
:103E4000694B00221A600023C4E0684B1A68684B73
:103E5000A3FB02139B09C82101FB03F3D31A002B18
:103E60002FD1644BD3E90023C7E9062300233B612C
:103E700000237B6107F1100306225F49184618F002
:103E800047FE5E4B186807F1180207F1100108237E
:103E9000FAF734FA5A4BD3E90023C7E90223002387
:103EA0003B6000237B603B4606225649184618F0CB
:103EB0002FFE524B186807F1080239460823FAF71B
:103EC0001DFA4E4B1B6807F128024F491846FAF7B6
:103ED0007DF94A4B1B6807F124024C491846FAF752
:103EE00075F9464B1B6807F1200249491846FAF755
:103EF0006DF9424B1B6807F1340246491846FAF740
:103F000065F93E4B1B6807F1300243491846FAF742
:103F10005DF93A4B1B6807F12C0240491846FAF745
:103F200055F9D7ED0D7AB7EEE77A87ED187BD7ED27
:103F30000C7AB7EEE77A87ED167BD7ED0B7AB7EE02
:103F4000E77A87ED147BD7ED0A7AB7EEE77A87ED4B
:103F5000127BD7ED097AB7EEE77A87ED107BD7EDC4
:103F6000087AB7EEE77A87ED0E7B1F4B1B68002BB4
:103F70002FD01E4B1A681C4B1B689A4229D21B4B30
:103F80001B685A1C19490A6006931D4B0593194B6F
:103F9000049300230393002302934FF000024FF099
:103FA0000003CDE9002300231D4A1E491E489FED52
:103FB0000C7B9FED0B6B97ED0E5B97ED104B97ED28
:103FC000123B97ED142B97ED161B97ED180BFFF78F
:103FD000D7FC012318466837BD4680BDAFF300808B
:103FE0000000000000000000444C0224404C022469
:103FF0001F85EB51204C022428050808F4340224C4
:10400000284C02243005080838050808400508082F
:1040100048050808500508085805080860050808FC
:10402000184C0224384C0224304C022480B5A4B031
:1040300000AF78607B685B7987F88F3097F88F30B6
:10404000E03B042B00F2A08001A252F823F000BF55
:10405000C140060889410608434106087D4106081B
:104060006540060801233B7303237B73FE23BB7368
:1040700007F10C03033308224649184618F048FD9F
:1040800007F10C030B3308224349184618F040FD92
:1040900007F10C03133308224049184618F038FD85
:1040A00007F10C031B3308223D49184618F030FD78
:1040B00007F10C032322E0210720F9F78FFE64E0CB
:1040C0007B689B79002B19D1022387F88B30002362
:1040D000C7F880300023C7F88430324A07F18003E4
:1040E00092E8030083E803002F4B186807F18B0266
:1040F00007F180010123FAF701F91AE07B689B7947
:10410000012B16D1012387F87F3000237B67002322
:10411000BB67244A07F1740392E8030083E80300B5
:10412000214B186807F17F0207F174010123FAF7A8
:10413000E5F807F18C030022E2210720F9F74EFE93
:1041400023E007F1700300223A210720F9F746FE29
:10415000164B1B7843F04003DAB2144B1A70144B21
:1041600000221A602E2387F88E3097F88E30C822EE
:1041700002FB03F31A460F4B1A6006E000220021EF
:104180003B20FFF7E7FB00E000BF00231846903715
:10419000BD4680BDF04B0224F84B0224004C0224A3
:1041A000084C022468050808F4340224FC44012465
:1041B000404C0224444C022480B5ADF50C6D00AF98
:1041C00007F50C63A3F6BC03186007F50C63A3F6B0
:1041D000BC031B685B7987F8BF3897F8BF38932B0F
:1041E00002D0E82B2ED040E007F50C63A3F6BC0309
:1041F0001B689A1D07F50C63A3F6B8031846114611
:10420000A9231A4618F084FC07F10803184600F0A9
:104210004FF8264BC822DA7007F50C63A3F6B803F3
:1042200093F86630442B0AD107F50C63A3F60C0310
:10423000E4225A7107F1B4031846FFF7F7FEFFF7BF
:10424000EFFD12E007F50C63A3F6BC031B685B8867
:1042500099B207F50C63A3F6BC031B689A1D97F887
:10426000BF381846FAF718FB00BF97F8BF385F2B26
:1042700015D997F8BF386F2B11D807F50C63A3F643
:10428000BC031B685B8899B207F50C63A3F6BC03FB
:104290001B689A1D97F8BF381846FAF7FDFA0023F5
:1042A000184607F50C67BD4680BD00BFFC440124DD
:1042B00080B5ADF51C7D00AF07F51C73A3F51B732E
:1042C000186007F51C73A3F51B731B681B7987F82F
:1042D0006F320023C7F864320023C7F8683207F54D
:1042E00019730622DA49184618F012FCD94B1868DF
:1042F00007F26F2207F519710123F9F7FFFF07F5A0
:104300001C73A3F51B731B689A7907F51C73A3F53F
:104310001B731B685B79934238BF1346DBB287F887
:1043200063320023C7F858320023C7F85C32CA4A08
:1043300007F5167392E8030083E80300C54B18687D
:1043400007F2632207F516710123F9F7D7FF07F586
:104350001C73A3F51B731B6893F89D30562B0CBF81
:1043600001230023DBB287F857320023C7F84C3211
:104370000023C7F85032B94A07F5137392E80300D7
:1043800083E80300B34B186807F2572207F513714F
:104390000123F9F7B3FF07F51C73A3F51B731B6823
:1043A00093F89E30562B0CBF01230023DBB287F815
:1043B0004B320023C7F840320023C7F84432A84AE2
:1043C00007F5107392E8030083E80300A14B186817
:1043D00007F24B2207F510710123F9F78FFF07F55C
:1043E0001C73A3F51B731B68D3F80730C7F83C3266
:1043F0000023C7F834320023C7F8383207F50D73AD
:1044000006229849184618F083FB924B186807F566
:104410000F7207F50D710423F9F770FF07F51C7390
:10442000A3F51B731B68D3F80B30C7F83032002399
:10443000C7F828320023C7F82C3207F50A73062282
:104440008949184618F064FB824B186807F50C720E
:1044500007F50A710423F9F751FF07F51C73A3F55B
:104460001B731B68D3F80F3007EE903AB8EEE77B6A
:104470009FED756B27EE067BFDEEC77B17EE903A3E
:104480001BB2A7F826320023C7F81C320023C7F856
:10449000203207F5077307227449184618F038FBD5
:1044A0006C4B186807F2262207F507710223F9F70B
:1044B00025FF07F51C73A3F51B731B68B3F91330B5
:1044C0001BB2A7F81A320023C7F810320023C7F82E
:1044D000143207F5047305226549184618F018FBD5
:1044E0005C4B186807F21A2207F504710223F9F7EA
:1044F00005FF07F51C73A3F51B731B68B3F9153093
:104500001BB2A7F80E320023C7F804320023C7F805
:10451000083207F5017305225649184618F0F8FAD3
:104520004C4B186807F20E2207F501710223F9F7C8
:10453000E5FE07F51C73A3F51B731B68B3F9173071
:104540001BB2A7F802320023C7F8F8310023C7F8DE
:10455000FC3107F5FC7305224749184618F0D8FAD4
:104560003C4B186807F2022207F5FC710223F9F7A9
:10457000C5FE07F51C73A3F51B731B68B3F8193050
:104580009BB2A7F8F6310023C7F8EC310023C7F837
:10459000F03107F5F67307223849184618F0B8FAD3
:1045A0002C4B186807F5FB7207F5F6710223F9F733
:1045B000A5FE07F51C73A3F51B731B68B3F81B302E
:1045C0009BB2A7F8EA310023C7F8E0310023C7F80F
:1045D000E43107F5F07307222949184618F098FAD4
:1045E0001C4B186807F5F57207F5F0710223F9F70F
:1045F00085FE07F51C73A3F51B731B685B7F87F8AB
:10460000DF310023C7F8D4310023C7F8D8311D4A61
:1046100007F5EA7392E8030083E803000D4B18687E
:1046200007F2DF1207F5EA710123F9F767FE07F5D4
:104630001C73A3F51B731B6893F8893087F8D3317B
:10464000002321E0AFF30080FCA9F1D24D62503F7E
:1046500074050808F43402247C0508088805080855
:1046600094050808A0050808A8050808B00508086A
:10467000B8050808C0050808C8050808D0050808D6
:10468000D8050808E0050808C7F8C8310023C7F8AE
:10469000CC31DD4A07F5E47392E8030083E80300B8
:1046A000DA4B186807F2D31207F5E4710123F9F722
:1046B00025FE07F51C73A3F51B731B6893F8943054
:1046C00087F8C7310023C7F8BC310023C7F8C031D1
:1046D00007F5DE730722CE49184618F019FACB4BBE
:1046E000186807F2C71207F5DE710123F9F706FE15
:1046F00007F51C73A3F51B731B6893F8953087F8B7
:10470000BB310023C7F8B0310023C7F8B431C14A28
:1047100007F5D87392E8030083E80300BB4B1868E1
:1047200007F2BB1207F5D8710123F9F7E7FD07F58A
:104730001C73A3F51B731B6893F8963087F8AF3191
:104740000023C7F8A4310023C7F8A83107F5D273B6
:104750000622B149184618F0DBF9AC4B186807F28D
:10476000AF1207F5D2710123F9F7C8FD07F51C73E5
:10477000A3F51B731B6893F8973087F8A3310023C8
:10478000C7F898310023C7F89C3107F5CC7307228E
:10479000A249184618F0BCF99C4B186807F2A312FE
:1047A00007F5CC710123F9F7A9FD07F51C73A3F5F3
:1047B0001B731B6893F8983087F897310023C7F86C
:1047C0008C310023C7F89031954A07F5C67392E8FB
:1047D000030083E803008D4B186807F2971207F572
:1047E000C6710123F9F78AFD07F51C73A3F51B7346
:1047F0001B6893F8993087F88B310023C7F8803114
:104800000023C7F8843107F5C0730622854918468E
:1048100018F07EF97D4B186807F28B1207F5C0710E
:104820000123F9F76BFD07F51C73A3F51B731B68D8
:1048300093F89A30A7F87E310023C7F8743100232B
:10484000C7F8783107F5BA7305227749184618F08A
:104850005FF96E4B186807F5BF7207F5BA7102234E
:10486000F9F74CFD07F51C73A3F51B731B68B3F830
:10487000A1309BB2A7F8723107F51C73A3F58473BE
:1048800000221A6000225A6007F51C73A3F5847396
:10489000664A92E8030083E803005C4B186807F55A
:1048A000B97207F5B4710223F9F728FD07F51C73F7
:1048B000A3F51B731B68B3F89B309AB207F51C7302
:1048C000A3F585731A8007F51C73A3F58A7300227C
:1048D0001A6000225A6007F5AE7306225449184642
:1048E00018F016F9494B186807F5B37207F5AE7161
:1048F0000223F9F703FD07F51C73A3F51B731B686F
:1049000093F8A02007F51C73A3F215131A7007F58E
:104910001C73A3F5907300221A6000225A6007F5F9
:104920001C73A3F59073434A92E8030083E80300E5
:10493000364B186807F25B1207F5A8710123F9F7E7
:10494000DDFC07F51C73A3F51B731B68D3F8672008
:1049500007F51C73A3F592731A6007F51C73A3F592
:10496000967300221A6000225A6007F5A27306228D
:104970003149184618F0CCF8244B186807F5A67290
:1049800007F5A2710423F9F7B9FC07F51C73A3F529
:104990001B731B68D3F86B2007F51C73A3F5987382
:1049A0001A6007F51C73A3F59C7300221A6000229D
:1049B0005A6007F59C7306222049184618F0A8F89B
:1049C000124B186807F5A07207F59C710423F9F7DC
:1049D00095FC07F51C73A3F51B731B68D3F86F30A8
:1049E00007EE903AB8EEE77B9FED056B27EE067B6E
:1049F000F7EEC77B07F51C7322E000BFAFF3008022
:104A0000FCA9F1D24D62503FEC050808F4340224B1
:104A1000F8050808000608080C0608081406080827
:104A20001C06080828060808300608083806080882
:104A3000440608084C0608085806080860060808D6
:104A4000A3F59E73C3ED007A07F51C73A3F5A2735B
:104A500000221A6000225A6007F596730722D64991
:104A6000184618F055F8D54B186807F59A7207F5EF
:104A700096710423F9F742FC07F51C73A3F51B7329
:104A80001B68D3F8733007EE903AB8EEE77B9FEDE2
:104A9000C86B27EE067BFDEEC77B17EE903A1AB285
:104AA00007F51C73A3F5A3731A8007F51C73A3F510
:104AB000A87300221A6000225A6007F5907305223D
:104AC000BF49184618F024F8BC4B186807F59572D2
:104AD00007F590710223F9F711FC07F51C73A3F594
:104AE0001B731B68D3F8773007EE903AB8EEE77B7C
:104AF0009FEDAF6B27EE067BFDEEC77B17EE903A7E
:104B00001AB207F51C73A3F5A9731A8007F51C7375
:104B1000A3F5AE7300221A6000225A6007F58A736B
:104B20000522A849184617F0F3FFA44B186807F5AB
:104B30008F7207F58A710223F9F7E0FB07F51C7302
:104B4000A3F51B731B68D3F87B3007EE903AB8EEE1
:104B5000E77B9FED976B27EE067BFDEEC77B17EE9D
:104B6000903A1AB207F51C73A3F5AF731A8007F5D4
:104B70001C73A3F5B47300221A6000225A6007F573
:104B8000847305229049184617F0C2FF8B4B1868B2
:104B900007F5897207F584710223F9F7AFFB07F572
:104BA0001C73A3F51B731B68B3F981301AB207F5A8
:104BB0001C73A3F5B5731A8007F51C73A3F5BA73BC
:104BC00000221A6000225A6007F51C73A3F5BA731D
:104BD0007E4A92E8030083E80300784B186807F5E3
:104BE000837207F1FC010223F9F788FB07F51C73B8
:104BF000A3F51B731B68B3F983301AB207F51C7356
:104C0000A3F5BB731A8007F51C73A3F5C0730022CC
:104C10001A6000225A6007F1F00307226C49184617
:104C200017F076FF654B186807F1FA0207F1F001FB
:104C30000223F9F763FB07F51C73A3F51B731B68CD
:104C4000B3F87F309AB207F51C73A3F5C1731A80CD
:104C500007F51C73A3F5C67300221A6000225A6080
:104C600007F1E40306225B49184617F051FF534B46
:104C7000186807F1EE0207F1E4010223F9F73EFBA1
:104C800007F51C73A3F51B731B68D3F81E3007F5DB
:104C90001C72A2F5C872136007F51C73A3F5CC73E0
:104CA00000221A6000225A6007F1D80305224A49FF
:104CB000184617F02DFF414B186807F1E00207F185
:104CC000D8010423F9F71AFB07F51C73A3F51B732E
:104CD0001B68D3F8223007F51C72A2F5CE72136060
:104CE00007F51C73A3F5D27300221A6000225A60E4
:104CF00007F1CC0305223949184617F009FF2F4B5D
:104D0000186807F1D40207F1CC010423F9F7F6FA89
:104D100007F51C73A3F51B731B68D3F8263007F542
:104D20001C72A2F5D472136007F51C73A3F5D87337
:104D300000221A6000225A6007F1C00305222849A8
:104D4000184617F0E5FE1D4B186807F1C80207F179
:104D5000C0010423F9F7D2FA07F51C73A3F51B73FE
:104D60001B68D3F82A3007F51C72A2F5DA721360BB
:104D700007F51C73A3F5DE7300221A6000225A6047
:104D800007F1B40305221749184617F0C1FE0B4B73
:104D9000186807F1BC0207F1B4010423F9F7AEFA71
:104DA00007F51C73A3F51B731B681DE0AFF30080B0
:104DB0009A9999999999B93F68060808F434022498
:104DC000700608087806080880060808880608089B
:104DD000940608089C0608083805080840050808D5
:104DE0004805080850050808D3F82E3007F51C724E
:104DF000A2F5E072136007F51C73A3F5E4730022BB
:104E00001A6000225A6007F1A8030522D449184607
:104E100017F07EFED34B186807F1B00207F1A80126
:104E20000423F9F76BFA07F51C73A3F51B731B68D2
:104E3000D3F8323007F51C72A2F5E672136007F55D
:104E40001C73A3F5EA7300221A6000225A6007F16E
:104E50009C030522C449184617F05AFEC14B186836
:104E600007F1A40207F19C010423F9F747FA07F5BB
:104E70001C73A3F51B731B68D3F8463007F51C722F
:104E8000A2F5EC72136007F51C73A3F5F073002212
:104E90001A6000225A6007F190030622B3491846AF
:104EA00017F036FEAF4B186807F1980207F1900132
:104EB0000423F9F723FA07F51C73A3F51B731B688A
:104EC000D3F84A3007F51C72A2F5F272136007F5A9
:104ED0001C73A3F5F67300221A6000225A6007F1D2
:104EE00084030622A249184617F012FE9D4B18684B
:104EF00007F18C0207F184010423F9F7FFF907F5A4
:104F00001C73A3F51B731B68D3F84E3007F51C7296
:104F1000A2F5F872136007F51C73A3F5FC73002269
:104F20001A6000225A6007F1780306229149184658
:104F300017F0EEFD8B4B186807F1800207F178013E
:104F40000423F9F7DBF907F51C73A3F51B731B6842
:104F5000D3F8523007F51C72A2F5FE72136007F504
:104F60001C73A3F5017300221A6000225A6007F136
:104F70006C0306228049184617F0CAFD794B186861
:104F800007F1740207F16C010423F9F7B7F907F58B
:104F90001C73A3F51B731B68D3F8563007F51C72FE
:104FA000A2F50272136007F51C73A3F504730022C7
:104FB0001A6000225A6007F1600306226F49184602
:104FC00017F0A6FD674B186807F1680207F160014A
:104FD0000423F9F793F907F51C73A3F51B731B68FA
:104FE000D3F85A3007F51C72A2F50572136007F565
:104FF0001C73A3F5077300221A6000225A6007F1A0
:10500000540306225E49184617F082FD554B186876
:1050100007F15C0207F154010423F9F76FF907F572
:105020001C73A3F51B731B68D3F85E3007F51C7265
:10503000A2F50872136007F51C73A3F50A7300222A
:105040001A6000225A6007F1480306224D491846AB
:1050500017F05EFD434B186807F1500207F1480155
:105060000423F9F74BF907F51C73A3F51B731B68B1
:10507000D3F8623007F51C72A2F50B72136007F5C6
:105080001C73A3F50D7300221A6000225A6007F109
:105090003C0306223C49184617F03AFD314B18688C
:1050A00007F1440207F13C010423F9F727F907F55A
:1050B0001C73A3F51B731B6893F8662007F51C731C
:1050C000A3F235231A7007F51C73A3F510730022A1
:1050D0001A6000225A6007F51C73A3F510732B4A5F
:1050E00092E8030083E803001E4B186807F13B02B7
:1050F00007F130010123F9F701F907F51C73A3F556
:105100001B731B68B3F8A3309AB207F51C73A3F2A4
:1051100042231A8007F51C73A3F5137300221A604B
:1051200000225A6007F1240305221949184617F096
:10513000EFFC0C4B186807F12E0207F12401022343
:10514000F9F7DCF807F51C73A3F51B731B68B3F8BC
:10515000A5309AB207F51C73A3F24E231AE000BFE4
:1051600058050808F434022460050808A406080855
:10517000AC060808B4060808BC060808C4060808F7
:10518000CC060808D4060808DC060808E406080867
:10519000F00608081A8007F51C73A3F516730022A1
:1051A0001A6000225A6007F1180307221C491846AA
:1051B00017F0AEFC1B4B186807F1220207F118012B
:1051C0000223F9F79BF807F51C73A3F51B731B6803
:1051D000B3F9A7301AB207F51C73A3F25A231A8049
:1051E00007F51C73A3F5197300221A6000225A6098
:1051F00007F51C73A3F519730B4A92E8030083E8C3
:1052000003000A4B186807F1160207F10C0102238C
:10521000F9F774F80023184607F51C77BD4680BDE2
:10522000F8060808F43402240007080808350224A8
:10523000B0B5BAB006AF4FF000024FF00003C7E9B7
:1052400026234FF000024FF00003C7E924234FF05C
:1052500000024FF00003C7E922234FF000024FF095
:105260000003C7E920234FF000024FF00003C7E915
:105270001E234FF000024FF00003C7E91C23002358
:1052800087F85B301E4B1B7A002B4BD11D4B1B68E4
:1052900007F16C021C491846F8F798FF194B1B6878
:1052A00007F1680219491846F8F790FF154B1B687B
:1052B00007F15C0216491846F8F788FF114B1B6886
:1052C00007F1660213491846F8F780FF0D4B1B687B
:1052D00007F1640210491846F8F778FF094B1B687C
:1052E00007F162020D491846F8F770FF054B1B687D
:1052F00007F15B020A491846F8F768FF4AE000BF69
:10530000FC440124F4340224580608086006080806
:105310006806080870060808780608088006080865
:10532000E4060808CE4B1B6807F16C02CD4918460D
:10533000F8F74CFFCA4B1B6807F16802CA491846C8
:10534000F8F744FFC64B1B6807F15C02C7491846D3
:10535000F8F73CFFC24B1B6807F16602C4491846C8
:10536000F8F734FFBE4B1B6807F16402C1491846C9
:10537000F8F72CFFBA4B1B6807F16202BE491846CA
:10538000F8F724FFB64B1B6807F15B02BB491846D0
:10539000F8F71CFFFB6E07EE903AB8EEE77B9FED47
:1053A000AC6B27EE067B87ED327BBB6E07EE903A47
:1053B000B8EEE77B9FEDA66B27EE067B87ED307B93
:1053C000D7ED177AB7EEE77A87ED2E7BB7F966301F
:1053D00007EE903AB8EEE77B9FED9F6B27EE067BDA
:1053E00087ED2C7BB7F9643007EE903AB8EEE77B97
:1053F0009FED996B27EE067B87ED2A7BB7F962302C
:1054000007EE903AB8EEE77B9FED936B27EE067BB5
:1054100087ED287B9A4B1B6807F15402994918467F
:10542000F8F7D4FE964B1B6807F1500296491846D0
:10543000F8F7CCFE924B1B6807F14E0293491846D1
:10544000F8F7C4FE8E4B1B6807F14C0290491846D2
:10545000F8F7BCFE97F85B30602B03D097F85B3011
:10546000642B43D17B6D07EE903AB8EEE77B9FED5E
:10547000786B27EE060B3B6D07EE903AB8EEE77BB4
:105480009FED736B27EE061BB7F94E3007EE903A8F
:10549000B8EEE72BB7F84C3007EE903AB8EEE77B62
:1054A0009FED6D6B27EE063B07F1800507F1880441
:1054B00007F1900107F1980007F17003059307F1D8
:1054C00078030493D7E92823CDE90223D7E92A23D7
:1054D000CDE900232B46224697ED2C7B97ED2E6BD2
:1054E00097ED305B97ED324BF3F7C2FF97ED267BDC
:1054F000F7EEC77BC7ED127A00233B6400237B6481
:1055000007F1400304226349184617F001FB5C4B86
:10551000186807F1480207F140010423F8F7EEFE8E
:1055200097ED247BF7EEC77BC7ED0F7A00237B63F3
:105530000023BB6307F1340304225749184617F0D0
:10554000E7FA4F4B186807F13C0207F134010423D6
:10555000F8F7D4FE97ED227BF7EEC77BC7ED0C7A08
:105560000023BB620023FB6207F1280304224B499E
:10557000184617F0CDFA424B186807F1300207F1D0
:1055800028010423F8F7BAFE97ED207BB2EE046BF6
:1055900027EE067BFDEEC77B17EE903A1BB2FB842D
:1055A0000023FB6100233B6207F11C0305223C49F9
:1055B000184617F0ADFA324B186807F1260207F1CA
:1055C0001C010223F8F79AFE97ED1E7BB2EE046BE6
:1055D00027EE067BFDEEC77B17EE903A1BB27B836E
:1055E00000233B6100237B6107F1100305222D4955
:1055F000184617F08DFA224B186807F11A0207F1C6
:1056000010010223F8F77AFE97ED1C7BB2EE046BD3
:1056100027EE067BFDEEC77B17EE903A1BB2FB81AF
:1056200000237B600023BB603B1D05221E491846FA
:1056300017F06EFA124B186807F10E02391D02239B
:10564000F8F75CFE00231846D037BD46B0BD00BF5A
:1056500048AFBC9AF2D77A3E7B14AE47E17A843FDA
:105660001435022458060808600608086806080869
:10567000700608087806080880060808E406080886
:10568000F83402240C070808140708081C07080847
:1056900028070808300708083807080840070808DE
:1056A00048070808500708085807080880B592B04E
:1056B00000AF494B1B88A7F846300023FB6300234B
:1056C0003B6407F13C0307224449184617F020FACF
:1056D000434B186807F1460207F13C010223F8F733
:1056E0000DFE3D4B5B887B8700233B6300237B6380
:1056F00007F1300307223B49184617F009FA384BE7
:10570000186807F13A0207F130010223F8F7F6FDB5
:10571000314B1B79FB8500237B620023BB6207F1C1
:10572000240306223049184617F0F2F92C4B18686A
:1057300007F12E0207F124010223F8F7DFFD264BC3
:105740005B797B840023BB610023FB6107F11803B5
:1057500006222649184617F0DBF9214B186807F195
:10576000220207F118010223F8F7C8FD1A4BB3F91A
:1057700006309BB2FB820023FB6000233B611C4A86
:1057800007F10C0392E8030083E80300144B186848
:1057900007F1160207F10C010223F8F7AFFD0E4BDB
:1057A000B3F908309BB27B8100233B6000237B6010
:1057B0003B4607220F49184617F0AAF9084B18680C
:1057C00007F10A0239460223F8F798FD002318462C
:1057D0004837BD4680BD00BFC04C022460070808A2
:1057E00004350224680708087007080878070808C5
:1057F000800708088C070808B0B487B000AFF860CD
:105800007A603B600B46FB727B681C685D682246D1
:105810002B46C7E90423D7E9042393B2C3F30A0351
:105820009AB2284B1A80D7E904014FF000024FF0DA
:105830000003C20A42EA4152CB0A93B2C3F30A03FD
:105840009AB2204B5A80D7E904014FF000024FF082
:105850000003820D42EA81228B0DD2B2194B1A71DC
:10586000D7E904014FF000024FF00003C20F42EAF3
:105870004102CB0FD2B2134B5A71D7E904014FF05A
:1058800000024FF000030A0A002313B2C3F30B0314
:105890001AB20C4BDA80D7E904014FF000024FF046
:1058A00000030A0D002313B2C3F30B031AB2054B16
:1058B0001A81054BC8229A7000BF1C37BD46B0BC88
:1058C000704700BFC04C0224FC44012480B586B060
:1058D00000AF78600B467B8000237B611EE032497D
:1058E0007A6913465B0013449B000B441B781A46ED
:1058F0007B6893420FD17B882C4AA2FB03239B0831
:1059000098B229497A6913465B0013449B000B4403
:10591000083302461A807B6901337B617B69042B63
:10592000DDDD00233B6136E01F493A6913465B0029
:1059300013449B000B441B781A467B68934227D183
:105940000023FB6007E0FB680133FB60FB68042B6E
:1059500001DDFF2323E01649FA6813465B00134478
:105960009B000B441B78002BEDD1FA6813465B00BB
:1059700013449B000E4A98183A6913465B0013447F
:105980009B00094A13440C22194617F0C1F805E0A0
:105990003B6901333B613B69042BC5DD002318469D
:1059A0001837BD4680BD00BF88180020CDCCCCCCB8
:1059B000CC4C022480B584B000AF786039600023FD
:1059C000FB601AE07A68FB6842FA03F303F0010314
:1059D000002B0FD03B68012B04D1FB68DBB21846CB
:1059E000F9F7C8FC3B68002B04D1FB68DBB2184612
:1059F000F9F77AFDFB680133FB60FB68042BE1DDFE
:105A0000002318461037BD4680BD000080B584B025
:105A100000AF6E4B1B78002B03D000F0DBF80023A7
:105A2000D0E00023FB600023BB6000237B60B4E078
:105A300067497A6813465B0013449B000B441B784C
:105A4000002B00F0A78062497A6813465B0013447C
:105A50009B000B4408331B88002B2BD05C497A68D1
:105A600013465B0013449B000B440A331B78002B46
:105A700020D057497A6813465B0013449B000B44BF
:105A800004331B68FA681343FB6051497A68134674
:105A90005B0013449B000B440A331B78013BD8B2D4
:105AA0004B497A6813465B0013449B000B440A334E
:105AB00002461A7046497A6813465B0013449B00FD
:105AC0000B4408331B88002B2BD141497A681346BD
:105AD0005B0013449B000B440B331B78002B20D03E
:105AE0003B497A6813465B0013449B000B44043324
:105AF0001B68BA681343BB6035497A6813465B007C
:105B000013449B000B440B331B78013BD8B2304944
:105B10007A6813465B0013449B000B440B33024628
:105B20001A702B497A6813465B0013449B000B44A0
:105B30000B331B78002B0DD17A6813465B0013449E
:105B40009B00234A13440C220021184616F0A7F9A3
:105B5000002337E01E497A6813465B0013449B001C
:105B60000B4408331B88002B14D019497A6813465C
:105B70005B0013449B000B4408331B88013B98B225
:105B800013497A6813465B0013449B000B440833A7
:105B900002461A807B6801337B607B68042B7FF7A9
:105BA00047AFFB68002B04D0FB6801211846FFF7C4
:105BB00001FFBB68002B04D0BB6800211846FFF72B
:105BC000F9FE002318461037BD4680BD084D02245B
:105BD000CC4C022480B586B000AF00237B6100234B
:105BE0003B6164E03A6913465B0013449B004D4AF5
:105BF000134404337B607B681B78002B53D0494AE5
:105C00003B69203332F813307B80464BB3F84A307F
:105C10007A889A4213D87B681B89002B0FD07B6847
:105C20009B7A002B0BD07B685B6801211846FFF73D
:105C3000C1FE7B689B7A013BDAB27B689A72394B72
:105C4000B3F84A307A889A4212D87B681B89002BB5
:105C50000ED17B68DB7A002B0AD07B685B687A699F
:105C600013437B617B68DB7A013BDAB27B68DA72D3
:105C70007B68DB7A002B05D10C220021786816F0B6
:105C80000EF911E0274BB3F84A307A889A420BD8C4
:105C90007B681B89002B07D07B681B89013B9AB26C
:105CA0007B681A8100E000BF3B6901333B613B69BF
:105CB000042B97DD7B69002B04D07B6900211846FB
:105CC000FFF778FE0023FB730023BB6010E015494B
:105CD000BA6813465B0013449B000B4404331B78E3
:105CE000002B02D0FB7B0133FB73BB680133BB602D
:105CF000BB68042BEBDDFB7B002B06D14C22002183
:105D0000084816F0CCF8002308E0064BB3F84A30F8
:105D100001339AB2034BA3F84A20002318461837E0
:105D2000BD4680BD084D022480B584B000AF7860C8
:105D30007B685B79FB73FB7B052B02D0EF2B15D0C7
:105D400028E07B689B797B737B7B0F2B06D97B7B61
:105D50001B09DBB21846F9F77DFA1BE07B7B03F0E9
:105D60000F03DBB21846F9F7E5F913E07B689B797E
:105D7000BB737B68063301331B889BB27B81BB7B83
:105D80001F2B06D0BB7B05337A8911461846FFF7D7
:105D90009DFD00BF002318461037BD4680BD0000A2
:105DA00080B5A2B000AF844B1B88A7F886300023D3
:105DB000FB670023C7F8803007F17C0305227F4989
:105DC000184616F0A5FE7E4B186807F1860207F10B
:105DD0007C010223F8F792FA774B5B88A7F87A30B8
:105DE00000233B6700237B6707F170030722754997
:105DF000184616F08DFE724B186807F17A0207F10B
:105E000070010223F8F77AFA6B4B9B88A7F86E3083
:105E100000237B660023BB6607F1640307226A49FF
:105E2000184616F075FE664B186807F16E0207F10A
:105E300064010223F8F762FA5F4BDB88A7F862304F
:105E40000023BB650023FB6507F1580307225F4968
:105E5000184616F05DFE5A4B186807F1620207F10A
:105E600058010223F8F74AFA534B1B89A7F856301A
:105E70000023FB6400233B6507F14C0305225449D2
:105E8000184616F045FE4E4B186807F1560207F10A
:105E90004C010223F8F732FA474B5B89A7F84A30E6
:105EA00000233B6400237B6407F14003052249493A
:105EB000184616F02DFE424B186807F14A0207F10A
:105EC00040010223F8F71AFA3B4B9B89FB8700231A
:105ED0007B630023BB6307F1340307223E49184666
:105EE00016F016FE364B186807F13E0207F1340132
:105EF0000223F8F703FA304BDB897B860023BB6271
:105F00000023FB6207F1280307223449184616F0E4
:105F1000FFFD2B4B186807F1320207F1280102231D
:105F2000F8F7ECF9244B1B8AFB840023FB61002368
:105F30003B6207F11C0307222949184616F0E8FDC9
:105F40001F4B186807F1260207F11C010223F8F71E
:105F5000D5F9194B9B7C7B8300233B6100237B613C
:105F600007F1100305221F49184616F0D1FD144B06
:105F7000186807F11A0207F110010223F8F7BEF9B9
:105F80000D4BD3F813309BB2FB8100237B600023C1
:105F9000BB603B1D07221449184616F0B9FD084B9B
:105FA000186807F10E02391D0223F8F7A7F900BFA0
:105FB0008837BD4680BD00BF544D022494070808B1
:105FC000043502249C070808A4070808AC07080841
:105FD000B4070808BC070808C4070808CC07080865
:105FE000D4070808DC070808E4070808B0B489B03B
:105FF00000AFF8607A603B600B46FB727B681C6800
:106000005D6822462B46C7E904230023FB83002357
:10601000BB83FB6840F2831293424ED1D7E904233D
:1060200093B2C3F30B039AB2554B1A80D7E904011C
:106030004FF000024FF00003020B42EA01520B0B3B
:1060400093B2C3F30B039AB24D4B5A80D7E90401C4
:106050004FF000024FF00003020E42EA01220B0E45
:1060600093B2C3F30B039AB2454B9A80D7E904016C
:106070004FF000024FF000030A09002393B2C3F36C
:106080000B039AB23E4BDA80D7E904014FF00002CD
:106090004FF000030A0C002393B2C3F30B039AB230
:1060A000374B1A81D7E904014FF000024FF000038B
:1060B0000A0F00231346FB834EE0FB68B3F5C27F53
:1060C0004AD1D7E9042393B2C3F30B039AB22C4B02
:1060D0005A81D7E904014FF000024FF00003020B90
:1060E00042EA01520B0B93B2C3F30B039AB2244B57
:1060F0009A81D7E904014FF000024FF00003020E2D
:1061000042EA01220B0E93B2C3F30B039AB21C4B6B
:10611000DA81D7E904014FF000024FF000030A09C9
:10612000002393B2C3F30B039AB2154B1A82D7E93B
:1061300004014FF000024FF000030A0C0023D2B21A
:106140000F4B9A74D7E904014FF000024FF000039F
:106150000A0E00231346BB83BB8B1B0103F47F6233
:10616000FB8B03F00F0313431A46054BC3F81320B0
:10617000044BC8221A7100BF2437BD46B0BC70471B
:10618000544D0224FC44012480B584B000AF034682
:10619000B9607A60FB73094B1B68002B01D00023A8
:1061A00007E0FB7B7A68B9681846F2F7EBFD034617
:1061B000DBB218461037BD4680BD00BF6C4D0224CF
:1061C00090B583B000AF00237B607EE043497A68DE
:1061D00013461B031344DB000B4404331B681A46AD
:1061E0003F4B1B689A426DD37B68D8B27A681346DE
:1061F0001B031344DB000833384A1344384A12683F
:106200001946FFF7C1FF7B68342202FB03F3354ACE
:1062100013444FF0FF31184619F0D2FC2F497A6829
:1062200013461B031344DB000B4404331B681A465C
:106230002B4B1B68D21A2C4B1B689A4222D27A68CD
:1062400013461B031344DB000833244A9818244BDD
:1062500019687A6813461B031344DB000B440833A8
:106260001E4A99181D4C7A6813461B031344DB0021
:10627000234404331B681A46194B1B68D31A1A4669
:1062800015F0F3FD15497A6813461B031344DB0030
:106290000B4404331B681A46114B1B68D31A18466B
:1062A0000E497A6813461B031344DB000B44043386
:1062B00018607B68342202FB03F30A4A1344184631
:1062C00019F08AFC7B6801337B607B68052B7FF7C4
:1062D0007DAF002318460C37BD4690BD744D022497
:1062E000D0180020A44D0524D418002080B584B017
:1062F00000AF0346B9607A60FB73374B1B78002B05
:1063000001D1012364E0FB7B052B01D901235FE070
:10631000FA7B324913461B031344DB000B4404335E
:106320001B681A467B681A442D4B1B689A4201D998
:1063300001234DE0FA7B294913461B031344DB007C
:106340000B441B68002B42D1FB7B342202FB03F37E
:10635000244A13444FF0FF31184619F031FCFA7B00
:10636000F97B1E480B461B030B44DB00034404333C
:10637000196813461B031344DB000B440833174A08
:1063800013447A68B968184616F0C2FBFA7B1349C1
:1063900013461B031344DB000B4404331B681A46EB
:1063A0007B681344FA7B18460C4913461B031344BD
:1063B000DB000B4404331860FB7B342202FB03F345
:1063C000084A1344184619F007FC002300E0012393
:1063D00018461037BD4680BD704D0224744D02240E
:1063E000D4180020A44D052480B5EEB000AF634B57
:1063F0001B78012B01D1AA23BBE00123C7F8B431DC
:106400000020F2F719FC0346002B40F08F805B4B15
:1064100001221A700023C7F8B431594B00221A60C8
:106420000023C7F8B0311CE0D7F8B02113465B0059
:1064300013449B001344534A1344D7F8B011184631
:10644000F2F780FC01465048D7F8B02113461B03F1
:106450001344DB0003441960D7F8B0310133C7F8A7
:10646000B031D7F8B031052BDEDD07F168034749BD
:10647000184615F085FC07F598734549184615F040
:106480007FFC3B1D4349184615F07AFC07F1CC030D
:106490004149184615F074FC07F16803184616F0D8
:1064A00045FB024607F1680319460120FFF71EFF6E
:1064B00007F59873184616F039FB024607F59873EE
:1064C00019460220FFF712FF3B1D184616F02EFB5F
:1064D00002463B1D19460320FFF708FF07F1CC03D6
:1064E000184616F023FB024607F1CC031946042098
:1064F000FFF7FCFE0023C7F8AC3112E02249D7F8C1
:10650000AC2113461B031344DB000B441B68002B18
:1065100002D00123C7F8B431D7F8AC310133C7F842
:10652000AC31D7F8AC31052BE8D902E0144B01228D
:106530001A600023C7F8A83110E0D7F8A831342238
:1065400002FB03F3154A981834230122144919F069
:1065500073FBD7F8A8310133C7F8A831D7F8A831B1
:10656000052BEADDD7F8B431002B01D1AA2300E0D6
:10657000C023184607F5DC77BD4680BD704D022468
:106580006C4D0224D8180020744D0224EC07080832
:10659000180808088008080898080808A44D052469
:1065A000E408080880B58AB008AF78607B68B42238
:1065B000069201220592002204921E2203921E22BC
:1065C00002924FF4A0420192054A0092054A064900
:1065D000064819F021FB00BF0837BD4680BD00BF4B
:1065E000904F0524F1650608F4080808DC4E0524E0
:1065F00080B582B000AF7860012019F019FBFFF779
:10660000DFFD00BFF8E7000080B483B000AF87ED86
:10661000000B97ED007B9FED066B27EE067BB0EE3F
:10662000470B0C37BD465DF8047B7047AFF3008025
:10663000E7C2631ADCA54C4080B400AF344B03F5CD
:106640008043EE2283F86520314B03F5804300221E
:1066500083F866202E4B03F58043002242F00602A9
:1066600083F86B20002283F86C20002283F86D20D1
:10667000002283F86E20264B03F58043002283F826
:106680005D20002283F85E20002283F85F20002234
:1066900083F860201E4B03F58043002283F86120BD
:1066A000002283F86220002283F86320002283F80E
:1066B0006420174B03F58043002242F0010283F867
:1066C0006720002283F86820002283F869200022D6
:1066D00083F86A200E4B03F58043002242F030021B
:1066E00083F86F20002283F87020002283F8712045
:1066F000002283F87220064B03F58043012283F8C1
:106700005C2000231846BD465DF8047B704700BF3F
:106710004861012480B59EB000AF78607B68002B93
:1067200001D1002348E07A6807F110031146642282
:10673000184616F0EDF97B6801331B78EE2B09D172
:106740007B6802331B78002B04D17B6803331B78F2
:10675000AA2B01D000232FE07B6893F830303B73E5
:106760007B6893F82F307B73BB897B817B68013317
:106770002E211846F3F765FF0346A7F876307B898C
:10678000B7F876209A4201D0002315E07B680333E6
:106790007A6852791A707B68043300221A707B6819
:1067A000053300221A707B68063311221A707B6849
:1067B00003331B7808339BB218467837BD4680BD3B
:1067C00080B59CB000AF78600B46FB707B6893EDA2
:1067D000007B9FED936B27EE067BFDEEC77B17EEEC
:1067E000903A1BB2A7F852300023BB640023FB642D
:1067F00007F1480306228E49184616F089F98D4B99
:10680000186807F1520207F148010223F7F776FDF5
:106810007B68083393ED007B9FED816B27EE067B51
:10682000FDEEC77B17EE903A1BB2A7F84630002367
:10683000FB6300233B6407F13C0306227E491846B4
:1068400016F066F97B4B186807F1460207F13C0128
:106850000223F7F753FD7B68103393ED007B9FED28
:10686000706B27EE067BFDEEC77B17EE903A1BB2EE
:106870007B8700233B6300237B6307F13003062201
:106880006E49184616F044F96A4B186807F13A0247
:1068900007F130010223F7F731FD7B68183393EDE0
:1068A000007B9FED5F6B27EE067BFDEEC77B17EE4F
:1068B000903A1BB2FB8500237B620023BB6207F189
:1068C000240306225E49184616F022F9594B18682F
:1068D00007F12E0207F124010223F7F70FFD7B6871
:1068E000203393ED007B9FED4E6B27EE067BFDEE94
:1068F000C77B17EE903A1BB27B840023BB61002359
:10690000FB6107F1180306224E49184616F000F9FC
:10691000484B186807F1220207F118010223F7F724
:10692000EDFC7B68283393ED007B9FED3D6B27EEFC
:10693000067BFDEEC77B17EE903A1BB2FB8200236D
:10694000FB6000233B6107F10C0306223E49184619
:1069500016F0DEF8374B186807F1160207F10C0144
:106960000223F7F7CBFCAA2387F85430002387F8DB
:106970005530EE2387F85630002387F857300E2322
:1069800087F85830012387F859300023FB661AE056
:10699000FB6EDB007A68134493ED007B9FED226B66
:1069A00027EE067BFDEEC77B17EE903A1BB27B818C
:1069B000FB6E5B00063307F1540213447A891A8098
:1069C000FB6E0133FB66FB6E052BE1DDFB7887F880
:1069D000663007F1540313211846F3F732FE0346DD
:1069E000A7F86A30B7F86A301B0A9BB2DBB287F8A7
:1069F0006730B7F86A30DBB287F86830134B93F82A
:106A00006130184607F1540315221946F8F780FE45
:106A1000002318467037BD4680BD00BFAFF300802D
:106A200000000000000059400000000000408F40BE
:106A3000FC08080800350224040908080C090808A5
:106A4000140908081C090808240908088CFA0124FC
:106A500080B598B000AF87ED0A0B87ED081B87ED76
:106A6000062B87ED043B87ED024B87ED005BD7E9F2
:106A70000A23C7E90C23D7E90823C7E90E23D7E97E
:106A80000623C7E91023D7E90423C7E91223D7E96E
:106A90000223C7E91423D7E90023C7E9162307F126
:106AA000300302211846FFF78BFE0023184660379B
:106AB000BD4680BD0000000080B52DED068B84B082
:106AC00000AFF860B9607A603B60D34BD3ED017AD8
:106AD000B7EEE77A9FEDCA6BB4EEC67BF1EE10FA23
:106AE00040F37A81CC4BD3ED017AB7EEE77A9FED94
:106AF000C66BB4EEC67BF1EE10FA40F16D81C74B68
:106B00001B6807EE903AB8EE677AC34BD3ED007A74
:106B100027EE277AC04BD3ED017A27EE277AC04BB8
:106B20001B6807EE903AF8EEE77AB4EEE77AF1EEFA
:106B300010FA00F25181B84B1B7A07EE903AB8EE8A
:106B4000E78BB54BD3ED047AB7EEE79AB24BD3EDB2
:106B5000057AB7EEE7AAB04BD3ED017AB7EEE77A44
:106B60009FEDAB6B27EE066BAC4B1B6807EE903AC4
:106B7000B8EE677AA84BD3ED007A67EE277AB7EEC6
:106B8000E77A26EE077BB0EE470B12F045F8B0EE41
:106B9000407B2AEE077B39EE077B28EE077BFB68FC
:106BA00083ED007B9C4B5B7A07EE903AB8EEE78B67
:106BB000994BD3ED047AB7EEE79A974BD3ED057A6C
:106BC000B7EEE7AA944BD3ED017AB7EEE77A9FEDE3
:106BD000906B27EE066B914B1B6807EE903AB8EE70
:106BE000677A8D4BD3ED007A67EE277AB7EEE77AB6
:106BF00026EE077BB0EE470B12F00EF8B0EE407BAE
:106C00002AEE077B39EE077B28EE077BBB6883ED16
:106C1000007B814B9B7A07EE903AB8EEE78B7E4B78
:106C2000D3ED047AB7EEE79A7B4BD3ED057AB7EE56
:106C3000E7AA794BD3ED017AB7EEE77A9FED746B53
:106C400027EE066B754B1B6807EE903AB8EE677A35
:106C5000714BD3ED007A67EE277AB7EEE77A26EE2E
:106C6000077BB0EE470B11F0D7FFB0EE407B2AEE6A
:106C7000077B39EE077B28EE077B7B6883ED007B83
:106C8000654BDB7A07EE903AB8EEE78B624BD3EDBB
:106C9000047AB7EEE79A604BD3ED057AB7EEE7AA30
:106CA0005D4BD3ED017AB7EEE77A9FED596B27EE96
:106CB000066B5A4B1B6807EE903AB8EE677A564B54
:106CC000D3ED007A67EE277AB7EEE77A26EE077BF8
:106CD000B0EE470B11F0A0FFB0EE407B2AEE077B31
:106CE00039EE077B28EE077B3B6883ED007B4A4B40
:106CF0001B7B07EE903AB8EEE78B474BD3ED047A57
:106D0000B7EEE79A444BD3ED057AB7EEE7AA424BCC
:106D1000D3ED017AB7EEE77A9FED3D6B27EE066B78
:106D20003E4B1B6807EE903AB8EE677A3A4BD3EDCC
:106D3000007A67EE277AB7EEE77A26EE077BB0EEA9
:106D4000470B11F069FFB0EE407B2AEE077B39EE6E
:106D5000077B28EE077B3B6B83ED007B2E4B5B7B39
:106D600007EE903AB8EEE78B2B4BD3ED047AB7EEF3
:106D7000E79A294BD3ED057AB7EEE7AA264BD3ED78
:106D8000017AB7EEE77A9FED226B27EE066B234B75
:106D90001B6807EE903AB8EE677A1F4BD3ED007A86
:106DA00067EE277AB7EEE77A26EE077BB0EE470B61
:106DB00011F032FFB0EE407B2AEE077B39EE077B05
:106DC00028EE077B7B6B83ED007B144B1B68013344
:106DD000124A136000230BE0104B00221A60114B83
:106DE0001B7823F00403DAB20E4B1A704FF0FF3316
:106DF00018461037BD46BDEC068B80BDAFF3008052
:106E00004A0C022B8716A93F8D976E1283002E40E5
:106E1000182D4454FB21194028190020989F05245F
:106E2000909F0524FC44012490B58FB002AF2F4BF6
:106E30001B7803F00403002B01D1FF2352E02C4BFD
:106E40001B88002B07D02A4B1B88013B9AB2284B8A
:106E50001A80002346E04FF000024FF00003C7E91C
:106E60000A234FF000024FF00003C7E908234FF058
:106E700000024FF00003C7E906234FF000024FF075
:106E80000003C7E904234FF000024FF00003C7E9F5
:106E900002234FF000024FF00003C7E9002307F17F
:106EA000100407F1180207F1200107F128003B4602
:106EB000019307F1080300932346FFF7FDFD97EDCB
:106EC0000A7B97ED086B97ED062B97ED043B97ED4A
:106ED000024B97ED005BB0EE461BB0EE470BFFF7A1
:106EE000B7FD002318463437BD4690BDFC4401244D
:106EF000949F052480B5A6B000AF78607B68B3F995
:106F000003301BB2B14A82FB03129210DB17D31A73
:106F10001BB2A7F896300023C7F88C300023C7F8BF
:106F2000903007F18C030722A949184615F0F0FDAF
:106F3000A84B186807F1960207F18C010223F7F7B6
:106F4000DDF97B68B3F907301BB2A04A82FB03125C
:106F50009210DB17D31A1BB2A7F88A300023C7F8A8
:106F600080300023C7F8843007F1800307229A4954
:106F7000184615F0CDFD974B186807F18A0207F106
:106F800080010223F7F7BAF97B68B3F90B301BB223
:106F90008E4A82FB03129210DB17D31A1BB2A7F89A
:106FA0007E3000237B670023BB6707F17403072251
:106FB0008A49184615F0ACFD864B186807F17E0229
:106FC00007F174010223F7F799F97B68B3F90F30E1
:106FD0001BB27E4A82FB03129210DB17D31A1BB23C
:106FE000A7F872300023BB660023FB6607F1680335
:106FF00007227B49184615F08BFD764B186807F180
:10700000720207F168010223F7F778F97B68B3F998
:1070100013301BB26D4A82FB03129210DB17D31A96
:107020001BB2A7F866300023FB6500233B6607F11F
:107030005C0307226B49184615F06AFD654B18681A
:1070400007F1660207F15C010223F7F757F97B6845
:10705000B3F917301BB25D4A82FB03129210DB17A3
:10706000D31A1BB2A7F85A3000233B6500237B6577
:1070700007F1500307225C49184615F049FD554BAE
:10708000186807F15A0207F150010223F7F736F9A1
:107090007B68B3F919301BB2A7F84E3000237B642C
:1070A0000023BB6407F1440304225049184615F03D
:1070B0002FFD484B186807F14E0207F144010223E7
:1070C000F7F71CF97B68B3F91B301BB2A7F8423005
:1070D0000023BB630023FB6307F138030422444908
:1070E000184615F015FD3B4B186807F1420207F1F1
:1070F00038010223F7F702F97B68B3F91D301BB2A0
:10710000FB860023FB6200233B6307F12C03042270
:107110003849184615F0FCFC2E4B186807F136026A
:1071200007F12C010223F7F7E9F87B68B3F91F3068
:107130001BB27B8500233B6200237B6207F12003A7
:1071400004222D49184615F0E3FC224B186807F17C
:107150002A0207F120010223F7F7D0F87B68B3F980
:1071600021301BB2FB8300237B610023BB6107F14D
:10717000140304222149184615F0CAFC154B18685F
:1071800007F11E0207F114010223F7F7B7F87B6835
:10719000B3F923301BB27B820023BB600023FB606A
:1071A00007F1080304221649184615F0B1FC094BF3
:1071B000186807F1120207F108010223F7F79EF899
:1071C000002318469837BD4680BD00BF67666666D7
:1071D0002C09080800350224340908083C0908086D
:1071E000440908084C090808540908085C090808FB
:1071F000640908086C090808740908087C0908086B
:107200008409080880B584B000AF78607B685B793A
:10721000FB73FB7B112B05D17B6806331846FFF708
:1072200069FE00E000BF044BC8225A7000231846D4
:107230001037BD4680BD00BFFC44012480B584B03A
:1072400000AF87ED030AC7ED020A87ED011A386027
:107250000C4AFB6853600B4ABB685361094A7B6860
:10726000136106223968084815F052FC074B1B7859
:1072700043F00403DAB2054B1A70002318461037A6
:10728000BD4680BD2819002030190020FC4401248F
:1072900080B59CB000AF78607B685B7987F863301D
:1072A00097F86330482B34D0482B00F3A980422B49
:1072B00002D0442B5AD0A3E07B68991D07F15003FC
:1072C0000C22184615F024FC0023FB6617E0FB6E29
:1072D0005B0070333B4433F9203C07EE903AB8EE44
:1072E000E77B9FED4B6B27EE067BFB6EDB0070337D
:1072F0003B44683B83ED007BFB6E0133FB66FB6E1A
:10730000052BE4DD07F1080302211846FFF758FAC0
:1073100076E07B68991D07F144030C22184615F0AE
:10732000F7FB0023BB6617E0BB6E5B0070333B448A
:1073300033F92C3C07EE903AB8EEE77B9FED346BC7
:1073400027EE067BBB6EDB0070333B44683B83ED6E
:10735000007BBB6E0133BB66BB6E052BE4DD07F122
:10736000080344211846FFF72BFA49E07B680633EF
:10737000FB6500237B6612E0FB6D9B791A467B6EF2
:1073800042FA03F3DBB203F00103D9B207F13C0286
:107390007B6E13440A461A707B6E01337B667B6EEC
:1073A000052BE9DD1C4B00221A80FB6DB3F904307C
:1073B0001BB21A46194B1A60FB6D1B889BB207EE75
:1073C000903AB8EEE77B9FED126B27EE067BB7EEA7
:1073D000C77BFB6D5B889BB207EE903AF8EEE77ACD
:1073E000DFED0F6A67EEA67A07F13C0318469FEDC2
:1073F0000D1AF0EE670AB0EE470AFFF71FFF00BF55
:10740000002318467037BD4680BD00BFAFF3008033
:107410007B14AE47E17A843F949F0524909F052416
:10742000CDCCCC3D0000000080B500AFFFF7FCFCE8
:107430000023184680BD000080B592B000AF002345
:10744000A7F846300023FB6300233B6407F13C03AD
:1074500004226E49184615F05BFB6D4B186807F166
:10746000460207F13C010223F6F748FF00237B8721
:1074700000233B6300237B6307F13003042265494B
:10748000184615F045FB624B186807F13A0207F100
:1074900030010223F6F732FF0023FB8500237B62D5
:1074A0000023BB6207F1240304225B49184615F050
:1074B0002FFB574B186807F12E0207F12401022316
:1074C000F6F71CFF00237B840023BB610023FB61D4
:1074D00007F1180304225149184615F019FB4C4BCB
:1074E000186807F1220207F118010223F6F706FFD8
:1074F0000023FB820023FB6000233B6107F10C03A8
:1075000004224749184615F003FB414B186807F160
:10751000160207F10C010223F6F7F0FE00237B812F
:1075200000233B6000237B603B4604223D49184614
:1075300015F0EEFA364B186807F10A0239460223B5
:10754000F6F7DCFE384B03F50053EB2283F83720C7
:10755000354B03F50053902283F83820324B03F566
:107560000053002283F83D20002283F83E200022B1
:1075700083F83F20002283F840202B4B03F5005373
:10758000002283F82F20002283F83020002283F885
:107590003120002283F83220234B03F500530022D0
:1075A00083F83320002283F83420002283F835202A
:1075B000002283F836201C4B03F50053002283F889
:1075C0003920002283F83A20002283F83B20002251
:1075D00083F83C20144B03F50053002242F07C0258
:1075E00083F84120002283F84220002283F84320C0
:1075F000002283F844200C4B03F50053012283F84A
:107600002E20002318464837BD4680BD8C09080847
:1076100014350224940908089C090808A4090808DC
:10762000AC090808B40908084861012480B5ADF523
:10763000047D00AF07F50473A3F50373186007F525
:107640000473A3F503731B68002B01D100238CE0A6
:1076500007F50473A3F5FC7207F50473A3F5037330
:107660001B68104619464FF4FA731A4615F050FA83
:1076700007F50473A3F503731B6801331B78EB2B29
:1076800008D107F50473A3F503731B6802331B7855
:10769000902B01D0002368E007F50473A3F5037372
:1076A0001B6893F87B2007F50473A3F5FE731A702B
:1076B00007F50473A3F503731B6893F87C2007F5A3
:1076C0000473A3F5FE735A7007F50473A3F5FE73F4
:1076D0001A8807F50473A3F5FF731A8007F504737E
:1076E000A3F503731B68D81C07F50473A3F5FF7398
:1076F0001B881A467821F2F727FF0346002B2BD16F
:107700001C4B1B6801331B4A13601A4B1B6887F81C
:107710000F3207F50473A3F2FF1397F80F221A70C4
:1077200007F50473A3F5027300221A6000225A6061
:1077300007F50473A3F502730F4A92E8030083E888
:1077400003000E4B186807F1110207F1080101232D
:10775000F6F7D4FD002308E007F50473A3F50373DF
:107760001B6803331B7809339BB2184607F504776F
:10777000BD4680BDA49F0524BC0908081435022419
:1077800080B5B2B000AF00233B603B1DC422002196
:10779000184614F084FBEB233B7090237B7000238E
:1077A000BB700023FB700F4B1B685A1C0D490A600D
:1077B000DBB23B7102237B713B4602333A46063211
:1077C00004211846F2F7C0FF074B93F831301846F2
:1077D0003B4608221946F7F79BFF00BFC837BD4656
:1077E00080BD00BF9C9F05248CFA0124000000008E
:1077F00080B5BEB000AF504B1B6807F1F4024F4993
:107800001846F6F7E3FC4C4B1B6807F1F0024C49B5
:107810001846F6F7DBFC484B1B6807F1EC024949B8
:107820001846F6F7D3FC444B1B6807F1EE024649B5
:107830001846F6F7CBFCD7F8F43007EE903AB8EEDE
:10784000E77B9FED396B27EE067B87ED387BD7F81A
:10785000F03007EE903AB8EEE77B9FED336B27EE02
:10786000067B87ED367BB7F9EC3007EE903AB8EE41
:10787000E77B87ED347BB7F8EE3007EE903AB8EE51
:10788000E77B9FED2B6B27EE067B87ED327B00239A
:107890003B603B1DC4220021184614F000FBEB2383
:1078A0003B7090237B702323BB700023FB70274B1E
:1078B0001B685A1C25490A60DBB23B7101237B71AE
:1078C0000123BB710223FB7103233B723B46093347
:1078D000D7E93801186059603B461133D7E93601C2
:1078E000186059603B461933D7E934011860596074
:1078F0003B462133D7E93201186059603B460233D9
:107900003A46293227211846F2F71EFF104B93F80A
:10791000313018463B462B221946F7F7F9FE002373
:107920001846F837BD4680BD48AFBC9AF2D77A3EBC
:107930007B14AE47E17A843FF8340224C809080872
:10794000D0090808D8090808E4090808A09F0524F8
:107950008CFA012400000000F0B5ADF5297D02AFDE
:1079600007F52673A3F52573186007F52673A3F5AD
:1079700025731B681B78C7F8883207F52673A3F5B3
:1079800025731968D1F80120D1F80530C7E9A02383
:1079900007F52673A3F525731968D1F80920D1F8E6
:1079A0000D30C7E99E2307F52673A3F525731B68E1
:1079B000D3F8113007EE903AB7EEE77A87ED9C7B6B
:1079C00007F52673A3F525731B68D3F81D3007EE62
:1079D000903AB7EEE77A87ED9A7B07F52673A3F521
:1079E00025731B68D3F8153007EE903AB7EEE77AA7
:1079F00087ED987B07F52673A3F525731B68D3F8ED
:107A0000193007EE903AB7EEE77A87ED967B07F5E7
:107A10002673A3F525731B68D3F83D3007EE903A23
:107A2000B7EEE77A87ED947B07F52673A3F5257308
:107A30001B68D3F8413007EE903AB7EEE77A87ED4E
:107A4000927B07F52673A3F525731B68D3F83930AD
:107A500007EE903AB7EEE77A87ED907B07F526734D
:107A6000A3F525731B68D3F8213007EE903AB7EEE3
:107A7000E77A87ED8E7B07F52673A3F525731B68E0
:107A8000D3F8293007EE903AB7EEE77A87ED8C7B92
:107A900007F52673A3F525731B68D3F8253007EE89
:107AA000903AB7EEE77A87ED8A7B97ED947BF7EE15
:107AB000C77BE14BC3ED007A97ED927BF7EEC77B76
:107AC000DE4BC3ED007A97ED907BF7EEC77BDC4B86
:107AD000C3ED007A07F52673A3F525731B68D3F869
:107AE0002D3007EE903AB7EEE77A87ED887B07F501
:107AF0002673A3F525731B68D3F8313007EE903A4F
:107B0000B7EEE77A87ED867B07F52673A3F5257335
:107B10001B68D3F8353007EE903AB7EEE77A87ED79
:107B2000A47B97EDA47BB5EEC07BF1EE10FA07D5F0
:107B300097EDA47B9FEDBA6B37EE067B87EDA47BB8
:107B400007F52673A3F525731B6893F84C30C7F827
:107B5000143207F52673A3F525731B6893F8473095
:107B6000C7F8103207F52673A3F525731B6893F841
:107B70004630C7F80C3207F52673A3F525731B684A
:107B800093F8453003F5FA63C7F8083207F5267312
:107B9000A3F525731B6893F84930C7F8043207F53D
:107BA0002673A3F525731B6893F84830C7F8003295
:107BB00007F52673A3F525731B6893F84A301A4618
:107BC00007F52673A3F525731B6893F84B301B024A
:107BD00013449C4A82FB03129211DB17D31AC7F895
:107BE000FC3107F52673A3F525731B6893F84A301B
:107BF0001A4607F52673A3F525731B6893F84B30D7
:107C00001B0213448F4A82FB03129111DA178A1A5E
:107C10004FF47A7101FB02F29B1AC7F8F831D7F8DA
:107C2000083298B2D7F80C32D9B2D7F81032DEB297
:107C3000D7F800325FFA83FCD7F80432DBB2D7F80A
:107C4000FC21D2B20192009363463246F9F714F850
:107C5000034600221C4615467B4B3033053B1C6017
:107C60005D6007F52673A3F525731968D1F84F20D9
:107C7000D1F85330C7E97C2307F52673A3F52573A4
:107C80001968D1F85720D1F85B30C7E97A2307F596
:107C90002673A3F525731B68D3F85F3007EE903A7F
:107CA000B7EEE77A87ED787B07F52673A3F52573A2
:107CB0001B68D3F8633007EE903AB7EEE77A87EDAA
:107CC000767B07F52673A3F525731B68D3F8673019
:107CD00007EE903AB7EEE77A87ED747B07F52673E7
:107CE000A3F525731B68D3F86B3007EE903AB7EE17
:107CF000E77A87ED727B07F52673A3F525731B687A
:107D0000D3F86F3007EE903AB7EEE77A87ED707BE5
:107D100007F52673A3F525731B6893F87330C7F82E
:107D2000BC3197ED7C7B9FED406B27EE067BFDEE33
:107D3000C77B17EE903AC7F8B8310023C7F8B031C7
:107D40000023C7F8B43107F5D87306223F49184617
:107D500014F0DEFE3E4B186807F5DC7207F5D871AB
:107D60000423F6F7CBFA97ED7A7B9FED2F6B27EE86
:107D7000067BFDEEC77B17EE903AC7F8AC310023C7
:107D8000C7F8A4310023C7F8A83107F5D27306223B
:107D90003049184614F0BCFE2D4B186807F5D67212
:107DA00007F5D2710423F6F7A9FA97ED787BFDEE7B
:107DB000C77B17EE903A1BB2A7F8A23107F52673DE
:107DC000A3F5807300221A6000225A6007F5CC7375
:107DD00006222149184614F09BFE1D4B186807F532
:107DE000D17207F5CC710223F6F788FA97ED747B10
:107DF0009FED0F6B27EE067BFDEEC77B17EE903AEB
:107E00001AB207F52673A3F581731A8007F5267356
:107E1000A3F5867300221A6000225A601EE000BF9C
:107E2000000000000080764000000000D012634196
:107E30000000000000005940D04B0224D44B022423
:107E4000D84B0224D34D6210FC440124EC090808ED
:107E500014350224F4090808FC09080807F5C6735C
:107E60000522D949184614F053FED84B186807F577
:107E7000CB7207F5C6710223F6F740FA97ED727BD5
:107E80009FEDCD6B27EE067BFDEEC77B17EE903A9C
:107E90001AB207F52673A3F587731A8007F52673C0
:107EA000A3F58C7300221A6000225A6007F5C07394
:107EB0000522C749184614F02BFEC44B186807F575
:107EC000C57207F5C0710223F6F718FA97ED767BB5
:107ED0009FEDB96B27EE067BFDEEC77B17EE903A60
:107EE0001AB207F52673A3F58D731A8007F526736A
:107EF000A3F5927300221A6000225A6007F5BA7344
:107F00000522B449184614F003FEB04B186807F573
:107F1000BF7207F5BA710223F6F7F0F9D7F8BC3152
:107F2000DAB207F52673A3F225131A7007F5267344
:107F3000A3F5987300221A6000225A6007F5267391
:107F4000A3F59873A44A92E8030083E803009F4BCB
:107F5000186807F2731207F5B4710123F6F7CEF92A
:107F6000D7F80832A3F5FA63C7F80832D7F8083211
:107F7000DAB207F52673A3F231131A7007F52673E8
:107F8000A3F59E7300221A6000225A6007F5AE73B3
:107F900007229249184614F0BBFD8C4B186807F273
:107FA000671207F5AE710123F6F7A8F9D7F80C327E
:107FB000DAB207F52673A3F23D131A7007F526739C
:107FC000A3F5A47300221A6000225A6007F52673F5
:107FD000A3F5A473824A92E8030083E803007B4B75
:107FE000186807F25B1207F5A8710123F6F786F906
:107FF000D7F81032DAB207F52673A3F249131A70D4
:1080000007F52673A3F5AA7300221A6000225A60AE
:1080100007F5A27306227349184614F079FD6B4BDD
:10802000186807F24F1207F5A2710123F6F766F9F7
:10803000D7F80032DAB207F52673A3F255131A7097
:1080400007F52673A3F5B07300221A6000225A6068
:1080500007F59C7307226449184614F059FD5B4BE1
:10806000186807F2431207F59C710123F6F746F9E9
:10807000D7F80432DAB207F52673A3F261131A7047
:1080800007F52673A3F5B67300221A6000225A6022
:1080900007F52673A3F5B673544A92E8030083E804
:1080A00003004A4B186807F2371207F5967101234F
:1080B000F6F724F9D7F8FC31DAB207F52673A3F204
:1080C0006D131A7007F52673A3F5BC7300221A60AE
:1080D00000225A6007F5907306224549184614F0AD
:1080E00017FD3A4B186807F22B1207F59071012320
:1080F000F6F704F9D7F8F83107EE903AB8EEE77BD7
:108100009FED2F6B27EE067BFCEEC77BC7ED007A59
:108110003B78DAB207F52673A3F279131A7007F5E4
:108120002673A3F5C27300221A6000225A6007F575
:108130008A7307222F49184614F0EAFC234B18686B
:1081400007F21F1207F58A710123F6F7D7F897EDAA
:10815000707B9FED196B27EE067BFCEEC77B17EE5D
:10816000903A9AB207F52673A3F5C3731A8007F500
:108170002673A3F5C87300221A6000225A6007F51F
:10818000847306221C49184614F0C2FC0F4B186871
:1081900007F5897207F584710223F6F7AFF8D7F86F
:1081A0001432DAB207F52673A3F291131A7007F5A9
:1081B000267323E0AFF30080000000000000594068
:1081C0009A9999999999B93F040A08081435022493
:1081D0000C0A0808140A08081C0A0808280A0808D3
:1081E000300A08083C0A0808440A08084C0A08082B
:1081F000580A0808600A0808680A0808A3F5CE7338
:1082000000221A6000225A6007F52673A3F5CE7388
:10821000D94A92E8030083E80300D84B186807F2B4
:10822000071207F1FC010123F6F768F8D44BDB795C
:10823000002B04D0D34B5B78002B00F0368397EDF6
:10824000947BF7EEC77B07F52673A3F5D073C3EDD8
:10825000007A07F52673A3F5D47300221A60002272
:108260005A6007F1F0030522C749184614F050FC84
:10827000C24B186807F1F80207F1F0010423F6F782
:108280003DF897ED927BF7EEC77B07F52673A3F5D4
:10829000D673C3ED007A07F52673A3F5DA730022CF
:1082A0001A6000225A6007F1E4030522B749184614
:1082B00014F02EFCB14B186807F1EC0207F1E40151
:1082C0000423F6F71BF897ED907BF7EEC77B07F5D5
:1082D0002673A3F5DC73C3ED007A07F52673A3F5C7
:1082E000E07300221A6000225A6007F1D8030522C9
:1082F000A749184614F00CFCA04B186807F1E002DF
:1083000007F1D8010423F5F7F9FF97ED8E7BF7EE1F
:10831000C77B07F52673A3F5E273C3ED007A07F573
:108320002673A3F5E67300221A6000225A6007F153
:10833000CC0305229749184614F0EAFB8F4B1868C6
:1083400007F1D40207F1CC010423F5F7D7FF97ED2D
:108350008C7BF7EEC77B07F52673A3F5E873C3EDB7
:10836000007A07F52673A3F5EC7300221A60002249
:108370005A6007F1C00305228749184614F0C8FB6C
:108380007E4B186807F1C80207F1C0010423F5F716
:10839000B5FF97ED8A7BF7EEC77B07F52673A3F54C
:1083A000EE73C3ED007A07F52673A3F5F27300228E
:1083B0001A6000225A6007F1B40305227749184673
:1083C00014F0A6FB6D4B186807F1BC0207F1B4016D
:1083D0000423F5F793FF97EDA07B9FED636B27EEEA
:1083E000067BFDEEC77B17EE902A07F52673A3F5F3
:1083F000F4731A6007F52673A3F5F87300221A6068
:1084000000225A6007F1A80306226549184614F0B5
:108410007FFB5A4B186807F1B00207F1A80104234B
:10842000F5F76CFF97ED9E7B9FED4F6B27EE067B7C
:10843000FDEEC77B17EE902A07F52673A3F5FA73B6
:108440001A6007F52673A3F5FE7300221A60002256
:108450005A6007F19C0306225249184614F058FB53
:10846000464B186807F1A40207F19C010423F5F7B5
:1084700045FF97ED9C7BF7EEC77B07F52673A3F5C9
:108480000073C3ED007A07F52673A3F5027300228B
:108490001A6000225A6007F19003072242491846E9
:1084A00014F036FB354B186807F1980207F190017C
:1084B0000423F5F723FF97ED987B9FED2D6B27EEB7
:1084C000067BFDEEC77B17EE903A1AB207F52673CE
:1084D000A3F20A231A8007F52673A3F50573002279
:1084E0001A6000225A6007F1840305222F491846BA
:1084F00014F00EFB214B186807F18E0207F184017E
:108500000223F5F7FBFE97ED967B9FED196B27EEA7
:10851000067BFDEEC77B17EE903A1AB207F526737D
:10852000A3F216231A8007F52673A3F50873002219
:108530001A6000225A6007F1780305221C49184688
:1085400014F0E6FA0D4B186807F1820207F1780182
:108550000223F5F7D3FE97ED9A7B9FED056B27EE8F
:10856000067BFDEEC77B25E000000000D0126341D2
:108570000000000000005940700A08081435022469
:10858000FC4401243C4B02247C0A0808840A0808A5
:108590008C0A0808940A08089C0A0808A40A080813
:1085A000AC0A0808B40A0808BC0A0808C40A080883
:1085B000CC0A080817EE903A1AB207F52673A3F210
:1085C00022231A8007F52673A3F50B7300221A6085
:1085D00000225A6007F16C030522BD49184614F0C9
:1085E00097FABC4B186807F1760207F16C01022379
:1085F000F5F784FE97ED887B9FEDAF6B27EE067B4A
:10860000FDEEC77B17EE903A1AB207F52673A3F278
:108610002E231A8007F52673A3F50E7300221A6025
:1086200000225A6007F52673A3F50E73AA4A92E852
:10863000030083E80300A74B186807F16A0207F1FB
:1086400060010223F5F75AFE97ED867B9FED9A6B4A
:1086500027EE067BFDEEC77B17EE903A1AB207F5C0
:108660002673A3F23A231A8007F52673A3F5117334
:1086700000221A6000225A6007F15403072297492A
:10868000184614F045FA934B186807F15E0207F19B
:1086900054010223F5F732FED7F88832DAB207F533
:1086A0002673A3F245231A7007F52673A3F51473F6
:1086B00000221A6000225A6007F52673A3F514738E
:1086C000874A92E8030083E80300824B186807F1A9
:1086D000530207F148010123F5F710FE97EDA47B43
:1086E0009FED756B27EE067BFCEEC77B17EE903A8D
:1086F0009AB207F52673A3F252231A8007F5267360
:10870000A3F5177300221A6000225A6007F13C0398
:1087100006227449184614F0FBF96E4B186807F1ED
:10872000460207F13C010223F5F7E8FDD7F888324D
:10873000002B40F0BA80D7F8BC31012B40F0B58057
:1087400097ED707B9FED5E6B37EE067BF7EEC77B98
:10875000C7EDA37AD7EDA37A9FED637AF4EEC77ADB
:10876000F1EE10FA07DDD7EDA37A9FED5F7A77EE91
:10877000C77AC7EDA37AD7EDA37AB7EEE77A9FED74
:108780004E6B27EE067BFCEEC77B17EE903A9AB253
:1087900007F52673A3F25E231A8007F52673A3F567
:1087A0001A7300221A6000225A6007F13003062271
:1087B0004C49184614F0ACF9464B186807F13A02D8
:1087C00007F130010223F5F799FD97ED7C7B9FEDD2
:1087D0003E6B27EE067BFDEEC77B17EE902A07F572
:1087E0002673A3F51B731A6007F52673A3F51D7393
:1087F00000221A6000225A6007F1240306223B4936
:10880000184614F085F9334B186807F12C0207F16C
:1088100024010423F5F772FD97ED7A7B9FED2A6B17
:1088200027EE067BFDEEC77B17EE902A07F5267331
:10883000A3F51E731A6007F52673A3F520730022B3
:108840001A6000225A6007F11803062228491846C8
:1088500014F05EF91F4B186807F1200207F11801A8
:108860000423F5F74BFD97ED787BF7EEC77B07F513
:108870002673A3F52173C3ED007A07F52673A3F5DC
:10888000237300221A6000225A6007F10C030722AA
:108890001849184614F03CF90E4B186807F11402F9
:1088A00007F10C010423F5F729FD0023184607F50D
:1088B0002777BD46F0BD00BF000000000000594012
:1088C000000000000080664000000000D0126341FC
:1088D000D40A080814350224DC0A0808E80A080843
:1088E000F00A0808FC0A08080000B443AC0A0808AB
:1088F000B40A0808BC0A080880B584B000AF7860E4
:108900007B685B79FB73FB7BFA2B23D0FA2B23DC90
:10891000032B02D0A02B21D01EE07B680633184623
:10892000FFF71AF8134B1B78002B19D0124B1B685A
:1089300007F10E0211491846F5F748FCBB7BFF2BE7
:108940000ED0FEF755FF0B4B1B78013BDAB2094BFB
:108950001A7005E000BF04E000BF02E000BF00E0C5
:1089600000BF074BC8221A72002318461037BD46B5
:1089700080BD00BF4019002010350224040B0808F8
:10898000FC44012480B584B000AF78607B685B79DB
:10899000FB73FB7BE22B08D0E22B10DC3A2B10D0D0
:1089A000E02B0CD1FEF724FF0CE0FEF7E9FE084BAC
:1089B0001B7843F04003DAB2054B1A7002E000BFA7
:1089C00000E000BF002318461037BD4680BD00BF41
:1089D000FC44012480B400AF00231846BD465DF876
:1089E000047B704780B59EB000AF78607B68002B39
:1089F00001D100237EE07A6807F10C03114664225E
:108A0000184614F085F87B6801331B78FF2B0BD0D8
:108A10007B6801331B78FE2B06D07B6801331B7803
:108A2000FD2B01D0002365E000237B677B680133C9
:108A30001B78FF2B01D135237B677B6801331B78C3
:108A4000FE2B01D11D237B677B6801331B78FD2B37
:108A500001D129237B677B6F7A6813441B7887F8E1
:108A600073307B685A1C7B6F013B19461046F1F747
:108A700031FE034687F8723097F8732097F872300A
:108A80009A4201D0002335E07B68D81D7B68013312
:108A90007A6F194613F0E9F97B6FDAB27B6803331A
:108AA000013AD2B21A707B68043300221A707B68D4
:108AB000053300221A707B6801331B78FF2B03D12A
:108AC0007B68063330221A707B6801331B78FE2BDB
:108AD00003D17B68063331221A707B6801331B781F
:108AE000FD2B03D17B68063332221A707B6F9BB259
:108AF00009339BB218467837BD4680BD80B588B033
:108B000000AF78607B689BB2FB820023FB60002390
:108B10003B61194A07F10C0392E8030083E8030064
:108B2000164B186807F1160207F10C010223F5F73E
:108B3000E5FB134A07F1180392E8030083E80300FA
:108B400007F1180302337A681A6007F11803062147
:108B50001846F1F7BFFD0346BB770A4B93F879300F
:108B6000184607F1180308221946F6F7D1FD00232D
:108B700018462037BD4680BD100B08080835022472
:108B80001C0B08088CFA012480B582B000AF084B9A
:108B90007B60084B93F8793018463B1D0422194638
:108BA000F6F7B6FD002318460837BD4680BD00BF66
:108BB0004802032F8CFA012480B582B000AF084B25
:108BC0007B60084B93F8793018463B1D0422194608
:108BD000F6F79EFD002318460837BD4680BD00BF4E
:108BE0004804052F8CFA012480B582B000AF084BF1
:108BF0007B60084B93F8793018463B1D04221946D8
:108C0000F6F786FD002318460837BD4680BD00BF35
:108C10005031302F8CFA012480B588B000AF7860D5
:108C20007B685B79C13B042B6AD801A252F823F020
:108C3000E78C0608C98C0608AF8C0608958C0608D8
:108C4000458C06087B6806331B68FB61FB694EF6A2
:108C50006022934202D94EF66023FB61FB699BB20E
:108C60007B8300233B6100237B612A4A07F11003C9
:108C700092E8030083E80300274B186807F11A0203
:108C800007F110010223F5F739FBFB691846FFF7DE
:108C900035FF3AE0214BFB60214B93F879301846C1
:108CA00007F10C0304221946F6F732FD2DE01D4BA7
:108CB000BB601B4B93F87930184607F10803042278
:108CC0001946F6F725FD20E07B689B79112B02D130
:108CD000154B01221A707B689B79222B12D1124B03
:108CE00000221A700EE07B689B79112B01D1FFF7EF
:108CF0004BFF7B689B79222B06D1FFF75DFF03E0DA
:108D000000BF02E000BF00E000BF0023184620378C
:108D1000BD4680BD240B0808F83402245031312FA1
:108D20008CFA01245031322FAD9F052480B59AB0C2
:108D300000AF78607B689B78012B03D17B4B0122CD
:108D40001A7002E0794B00221A707B689B689BB214
:108D5000A7F866300023FB6500233B66744A07F1E1
:108D60005C0392E8030083E80300724B186807F184
:108D7000660207F15C010223F5F7C0FA7B68DB6845
:108D80009BB2A7F85A3000233B6500237B656A4AF3
:108D900007F1500392E8030083E80300654B18686D
:108DA00007F15A0207F150010223F5F7A7FA7B6891
:108DB0001B69F2EE047A07EE103A67EE277AFCEEB2
:108DC000E77A17EE903A9BB2A7F84E3000237B6407
:108DD0000023BB6407F1440307225849184613F0E7
:108DE00097FE544B186807F14E0207F14401022325
:108DF000F5F784FA7B689B7887F843300023BB63E0
:108E00000023FB634E4A07F1380392E8030083E82E
:108E10000300484B186807F1430207F138010123AA
:108E2000F5F76CFA7B68DB7887F837300023FB6254
:108E300000233B63434A07F12C0392E8030083E8D5
:108E400003003C4B186807F1370207F12C0101239E
:108E5000F5F754FA7B685B8D9BB27B8500233B6200
:108E600000237B62384A07F1200392E8030083E87D
:108E70000300304B186807F12A0207F12001022392
:108E8000F5F73CFA7B689B69F2EE047A07EE103A3C
:108E900067EE277AFDEEE77A17EE903A1BB2FB8376
:108EA00000237B610023BB6107F1140306222749DD
:108EB000184613F02DFE1F4B186807F11E0207F12C
:108EC00014010223F5F71AFA7B68DB69F2EE047AE3
:108ED00007EE103A67EE277AFDEEE77A17EE903A42
:108EE0001BB27B820023BB600023FB6007F10803F9
:108EF00006221749184613F00BFE0E4B186807F1AF
:108F0000120207F108010223F5F7F8F9114B1B785B
:108F1000002B05D07B68342230210320F4F75EFF5C
:108F2000002318466837BD4680BD00BFAC9F0524AE
:108F3000300B0808083502243C0B0808480B0808C9
:108F4000500B08085C0B0808680B0808740B08082D
:108F50007C0B0808AD9F052480B582B000AF786017
:108F60007B681B2231210320F4F738FF00231846C9
:108F70000837BD4680BD80B582B000AF78607B68A1
:108F8000282232210320F4F729FF0023184608374E
:108F9000BD4680BD80B582B000AF78607B685B79EC
:108FA000322B12D0322B16DC302B02D0312B06D0D4
:108FB00011E07B6806331846FFF7B8FE0BE07B68CC
:108FC00006331846FFF7C8FF05E07B6806331846EE
:108FD000FFF7D1FF00BF044BC8225A710023184687
:108FE0000837BD4680BD00BFFC440124B0B500AFCA
:108FF0001A4BD3F81B00D3F81F104FF014024FF098
:10900000000316F051FC134301D1FFF7EDFD1349A6
:10901000D1F81B20D1F81F3012F10A0443F10005EA
:109020004FF014024FF000032046294616F03CFC96
:1090300013430FD1094B1B7803F01003DBB2002B55
:1090400008D0074B5B78012B04D0064B1B681846F1
:10905000FFF754FD00231846B0BD00BFFC440124B7
:10906000543B0224A89F052480B52DED028B82B0CD
:1090700000AF786040F6C4420021474812F00FFF6D
:10908000454B464A1A60444B4FF07C52C3F8E822E5
:10909000414B434AC3F8EC223F4B424AC3F80823F2
:1090A0003D4B3E4AC3F8BC223B4B4FF00002C3F895
:1090B00024237968D1F88020D1F88430B0EE001BE9
:1090C00043EC102B0FF074FFB0EE408B79680A6F01
:1090D0004B6FB0EE001B43EC102B0FF069FFB0EEAE
:1090E000407B38EE078B79688A6FCB6FB0EE001B40
:1090F00043EC102B0FF05CFFB0EE407B38EE077BAB
:10910000B0EE470B0FF018FCB0EE407BF7EEC77BDC
:10911000214BC3ED357A204BD3F8D4301E4AC2F828
:10912000D0301D4B204AC3F884217968D1F89820AB
:10913000D1F89C309FED166B43EC172B87EE067B26
:10914000F7EEC77B144BC3EDB17A79680A6A4B6AB4
:109150009FED0F6B43EC172B87EE067BF7EEC77B7B
:109160000D4BC3EDB07A7968D1F8C120D1F8C53084
:1091700043EC172BF7EEC77B074BC3EDC37A00BF59
:109180000837BD46BDEC028B80BD00BFAFF3008049
:10919000B694631ADCA54C40B09F05240AD7A33BC4
:1091A000A470DD3F008052430000A0410000000099
:1091B00090B52DED028B83B000AF78607B6893F89B
:1091C000A020B54B83F80822B3494A698B69B2499C
:1091D0001046C8610B6279680A6A4B6AAE4910464C
:1091E00048618B61AC4BD3ED007AB7EEE77AB0EE15
:1091F000474BAA49AA48B7EE003B9FEDA12BB7EE1B
:10920000001B9FEDA10B03F08AF8A3494A6A8B6A01
:10921000A1491046C8620B639F49D1F8DC20D1F800
:10922000E0309D491046C1F8E400C1F8E8307968A3
:109230000A6B4B6B98491046C1F8DC00C1F8E0306E
:10924000954BD3ED007AB7EEE77AB0EE474B9549F0
:109250009548B7EE003B9FED8A2BB7EE001B9FEDC4
:109260008A0B03F05CF88C49D1F8EC20D1F8F0308F
:1092700089491046C1F8F400C1F8F83086494A6FB0
:109280008B6F85491046C867C1F8803079688A6A53
:10929000CB6A8149104648678B677F4BD3ED007AD4
:1092A000B7EEE77AB0EE474B80498148B7EE003B16
:1092B0009FED732BB7EE001B9FED730B03F02FF8A0
:1092C0007549D1F88420D1F8883073491046C1F827
:1092D0008C00C1F890307968D1F88820D1F88C30B2
:1092E00043EC172BF7EEC77B6B4BC3ED337A7968F2
:1092F000D1F89820D1F89C3043EC172BF7EEC77BC0
:10930000654BC3ED137A644BD3ED017A9FED697A17
:10931000F4EEC77AF1EE10FA05D85F4BD3F8CC30F3
:109320005D4AC2F890315C49D1F80C21D1F8103176
:1093300059491046C1F81401C1F8183179688A6E8C
:10934000CB6E55491046C1F80C01C1F81031524B93
:10935000D3ED007AB7EEE77AB0EE474B564957485F
:10936000B7EE003B9FED4A2BB7EE001B9FED460B7F
:1093700002F0D5FF4849D1F81C21D1F820314649E7
:109380001046C1F82401C1F8283179688A6FCB6F83
:1093900043EC172BF7EEC77B3F4BC3ED8E7A796812
:1093A000D1F88020D1F88430B0EE001B43EC102BB4
:1093B0000FF0FEFDB0EE408B79680A6F4B6FB0EE98
:1093C000001B43EC102B0FF0F3FDB0EE407B38EEAA
:1093D000078B79688A6FCB6FB0EE001B43EC102BC4
:1093E0000FF0E6FDB0EE407B38EE077BB0EE470BAA
:1093F0000FF0A2FAB0EE407BF7EEC77B264BC3ED31
:10940000347A79688A6ECB6E43EC172BF7EEC77B04
:10941000214BC3ED427A79680A6D4B6D43EC172BF3
:10942000F7EEC77B1C4BC3EDB77A254BD3F88032E0
:10943000194AC2F824337B68D3F8A100D3F8A510E9
:109440007C68D4F8A920D4F8AD3041EC170B43EC7C
:10945000162B37EE067BB6EE006B27EE067BF7EE9B
:10946000C77B0D4BC3EDB87A0B4B4FF00002C3F82E
:10947000E42200BF0C37BD46BDEC028B90BD00BF9F
:109480007B14AE47E17A743F00000000000000004A
:109490009A9999999999B93FB09F0524D49F052429
:1094A000C49F05249CA005248CA0052434A0052479
:1094B00024A005240AD7233CCCA00524BCA0052465
:1094C000ACAE05240000000080B52DED048B8AB001
:1094D00000AFCB4B7B62CB4B3B624FF07F53FB61CA
:1094E000C74BBB61C74B7B61C64B3B61C54BFB6048
:1094F000C44BBB60C449D1F81C21D1F820319FED89
:10950000B26B43EC172B87EE067BB7EE006B36EEA3
:10951000477B9FEDAF1BB0EE470B0FF049FDB0EE60
:10952000407B9FEDAD6B27EE067BF7EEC77BB64B1E
:10953000C3ED367AB44BD3ED367AB7EEE77AB6EEB2
:10954000006B27EE066BB04BD3EDB77AB7EEE77A38
:1095500026EE076BAC4BD3EDB77AB7EEE77A26EE83
:10956000077BF7EEC77BA84BC3ED8F7AA64B93ED35
:109570008F7AA54BD3EDBA7A67EE277AA24BC3ED6B
:10958000907AA14B93ED907A9F4BD3EDBB7A67EE27
:10959000277A9D4BC3ED917A9B4BD3ED8F7AB7EE33
:1095A000E77AB0EE472B9FED8E1B9FED8F0B02F0FD
:1095B00083FEB0EE407BF7EEC77B934BC3ED8F7A13
:1095C000914B93ED8F7ADFED916AC6EE877A8E4BE1
:1095D000C3ED047A8C4B93ED8F7ADFED8D6AC6EE86
:1095E000877A894BC3ED027A874BD3ED027AB7EEC7
:1095F000E77A9FED7F6B27EE067BF7EEC77B824B0A
:10960000C3ED037A834B93F8C232072B03D17E4B11
:109610009B687D4AD3607C4B7F4AC3F848227A4BD3
:109620007E4AC3F84C22784B4FF08142C3F8502257
:10963000754BD3ED977AB1EE677A734BD3ED947A8D
:1096400067EE277A704BC3ED957A6F4BD3ED956A31
:109650006D4B93ED927A6C4BD3ED917A27EE277A8E
:10966000C6EE877A684BC3ED967A674BD3ED967A50
:10967000B7EEE77AB0EE472BB1EE041BB9EE040B60
:1096800002F01AFEB0EE407BF7EEC77B5E4BC3EDF7
:10969000967A604B93F84A32032B00F0CB805D4BF7
:1096A00093F8C432002B45D1574BDB6C564AC2F8B5
:1096B0008432554BD3EDA17AB7EEE77A87ED007B84
:1096C000514B3A68C3F864227A68C3F868224E4B5B
:1096D000D3EDA17AB7EEE77A87ED007B4A4B3A6883
:1096E000C3F86C227A68C3F87022474BD3EDA17A95
:1096F000B7EEE77A87ED007B434B3A68C3F87422F4
:109700007A68C3F87822404BD3EDA17AB7EEE77AB6
:1097100087ED007B3C4B3A68C3F87C227A68C3F83B
:109720008022394B5B68384AC2F88832394B0122B3
:1097300083F8C4223449D1F86422D1F8683232491E
:109740001046C1F86C02C1F87032324BD3ED9A7AF0
:10975000B7EEE77A87ED007B2B4B3A68C3F86422BB
:109760007A68C3F86822284BD3ED007AB7EEE77A1F
:10977000B0EE474B2A492B48B7EE003BB7EE002B23
:10978000B7EE001B9FED1C0B02F0C9FD1E49D1F87E
:109790007422D1F878321C491046C1F87C02C1F815
:1097A00080321949D1F87422D1F8783243EC172B62
:1097B000F7EEC77B144BC3ED987A134B93ED137AF6
:1097C000114BD3ED987A2FE09A99999989A5E540A4
:1097D000832F4CA60A061140000000A09999F33F80
:1097E000000000000088E340000000000040AF409F
:1097F0009A9999999999C93F0000000000000000CA
:109800000000204100007041B09F052400007A4410
:1098100000007A45ACAE05246F1283BA17B7D1B9F0
:1098200024A2052414A2052477EE677AC14BC3ED68
:109830000E7A42E2C04B93F8C232092B00F22C821E
:1098400001A252F823F000BF71980608999C0608FF
:10985000999C0608999C0608999C0608BB990608DD
:10986000939806084F9A0608499B06082799060808
:10987000B04B4FF00002C3F86022AE4B93ED137A69
:10988000AC4BD3ED987A77EE677AAA4BC3ED0E7A9C
:1098900013E2A94B93F8C432002B0ED1A54BD3F899
:1098A0006032A44AC2F88432A24B5B68A14AC2F873
:1098B0008832A14B012283F8C4229F4BD3ED9A7AC0
:1098C000B7EEE78A9B4B93EDA17A9B4BD3ED9A7A47
:1098D00077EE677AB7EEE79A964B93ED017A954B60
:1098E000D3EDA27A77EE677AF1EE677AB7EEE77A90
:1098F000B0EE470B0FF008FAB0EE407B29EE077B85
:1099000038EE077BF7EEC77B8A4BC3ED987A894B1D
:1099100093ED137A874BD3ED987A77EE677A854B80
:10992000C3ED0E7AC9E1844B93F8C432002B0ED1FB
:10993000804BD3F860327F4AC2F884327D4B5B683B
:109940007C4AC2F888327C4B012283F8C4227A4BCD
:10995000D3ED9A7AB7EEE78A764B93EDA17A764B00
:10996000D3ED9A7A77EE677AB7EEE79A714B93ED7B
:10997000017A704BD3EDA27A77EE677AF1EE677ACF
:10998000B7EEE77AB0EE470B0FF0BEF9B0EE407BD2
:1099900029EE077B38EE077BF7EEC77B654BC3EDFF
:1099A000987A644B93ED137A624BD3ED987A77EE05
:1099B000677A604BC3ED0E7A7FE15F4B93F8C43258
:1099C000002B0ED15B4BD3F860325A4AC2F8843276
:1099D000584B5B68574AC2F88832574B012283F8CC
:1099E000C422554BD3ED9A7AB7EEE78A514B93EDEB
:1099F000A17A514BD3ED9A7A77EE677AB7EEE79A70
:109A00004C4B93ED017A4B4BD3EDA27A77EE677A0C
:109A1000F1EE677AB7EEE77AB0EE470B0FF074F924
:109A2000B0EE407B29EE077B38EE077BF7EEC77B75
:109A3000404BC3ED987A3F4B93ED137A3D4BD3EDFA
:109A4000987A77EE677A3B4BC3ED0E7A35E13A4B65
:109A500093F8C432002B0ED1364BD3F86032354A1E
:109A6000C2F88432334B5B68324AC2F88832324BD8
:109A7000012283F8C422304BD3ED9A7AB7EEE78AFD
:109A80002C4B93EDA17A2C4BD3ED9A7A77EE677A33
:109A9000B7EEE79A274B93ED017A264BD3EDA27AE6
:109AA00077EE677AF1EE677AB7EEE77AB0EE470BBA
:109AB0000FF02AF9B0EE407B29EE077B38EE077BEA
:109AC000F7EEC77B1B4BC3ED987A1A4B93ED137AD5
:109AD000184BD3ED987A77EE677A164BC3ED0E7A72
:109AE000144BD3ED0E7A9FED157AF4EEC77AF1EEB2
:109AF00010FA09DD0F4BD3ED0E7A9FED117A77EE58
:109B0000C77A0C4BC3ED0E7A0A4BD3ED0E7A9FED5C
:109B10000D7AF4EEC77AF1EE10FA00D4CDE0054BE1
:109B2000D3ED0E7A9FED067A77EE877A014BC3ED7F
:109B30000E7AC2E0B09F0524ACAE05240000344389
:109B40000000B443000034C34F4B93F8C432002BE1
:109B500046D14E4BD3F860324C4AC2F884324B4B5C
:109B6000D3EDA17AB7EEE77A87ED007B474B3A68F1
:109B7000C3F864227A68C3F86822444BD3EDA17A13
:109B8000B7EEE77A87ED007B404B3A68C3F86C226A
:109B90007A68C3F870223D4BD3EDA17AB7EEE77A2D
:109BA00087ED007B394B3A68C3F874227A68C3F8B2
:109BB0007822364BD3EDA17AB7EEE77A87ED007BBA
:109BC000324B3A68C3F87C227A68C3F880222F4B64
:109BD0005B682E4AC2F888322B4B012283F8C422DC
:109BE0002A49D1F86422D1F8683228491046C1F8D0
:109BF0006C02C1F87032244BD3ED9A7AB7EEE77A53
:109C000087ED007B214B3A68C3F864227A68C3F879
:109C100068221E4BD3ED007AB7EEE77AB0EE474BE1
:109C20001B491C48B7EE003BB7EE002BB7EE001BFC
:109C30009FED130B02F073FB1449D1F87422D1F895
:109C4000783212491046C1F87C02C1F880320F49BF
:109C5000D1F87422D1F8783243EC172BF7EEC77B9A
:109C60000A4BC3ED987A094B93ED137A074BD3ED6A
:109C7000987A77EE677A054BC3ED0E7A1DE000BF48
:109C80000000000000000000ACAE0524B09F0524D9
:109C900024A2052414A20524CD4B4FF00002C3F8E2
:109CA0006022CB4B93ED137AC94BD3ED987A77EEC4
:109CB000677AC74BC3ED0E7A00BFC54BD3ED007A70
:109CC000B6EE007A27EE877AC14BD3ED0E6AC04B11
:109CD000D3ED107A76EEA77A27EE277ABC4BD3ED38
:109CE000117A77EE277ABA4BC3ED0F7AD7ED097A5E
:109CF000F1EE676AB64B93ED037AC6EE877AB7EE5C
:109D0000E77AB34B93ED036AD7ED095AC5EE866A3D
:109D1000B7EEE66AAE4BD3ED0F5AB7EEE55AB0EEAA
:109D2000452BB0EE461BB0EE470B02F0C5FAB0EE85
:109D3000407BF7EEC77BA64BC3ED0F7AA44B93EDA8
:109D4000027AA34BD3ED0E7A27EE277AA04BD3ED00
:109D5000036A9F4BD3ED0F7A66EEA77A77EE277AE8
:109D6000B7EEE76A9A4BD3ED047AB7EEE77A9849F3
:109D70004A6A8B6A43EC152B27EE057B36EE077B90
:109D8000F7EEC77B924BC3ED127A914B93ED127AAB
:109D90008F4BD3ED967A77EE277A8D4BC3ED127AFF
:109DA000D7ED057AF1EE677AB7EEE77AD7ED056A77
:109DB000B7EEE66A864BD3ED125AB7EEE55AB0EE2F
:109DC000452BB0EE461BB0EE470B02F075FAB0EE35
:109DD000407BF7EEC77B7E4BC3ED127A7C4B93ED55
:109DE000B87A7B4BD3ED927A27EE277A784BD3ED76
:109DF000B96A774BD3ED937A66EEA77A37EE277A76
:109E0000734BD3ED917A67EE276A714B93ED947A99
:109E1000C6EE877A6E4BC3EDA37A6D4BD3ED8F7A86
:109E20009FED6C7AF4EEC77AF1EE10FA4ED5684BDE
:109E3000D3ED8F7A9FED687A77EEC77AB7EEE77A3F
:109E40009FED4F6B27EE066B9FED4F5B86EE057B1C
:109E50009FED4F6B37EE067BF7EEC77B5C4BC3ED98
:109E6000157A5B4BD3ED8F7A9FED5B7A77EEC77AED
:109E7000B7EEE77A9FED486B27EE066B9FED425BEE
:109E800086EE057BB3EE096B37EE067BF7EEC77BFC
:109E90004F4BC3ED2E7A4E4BD3ED8F7A9FED4E7A1A
:109EA00077EEC77AB7EEE77A9FED3D6B27EE066B4C
:109EB0009FED355B86EE057B9FED3B6B37EE067BBA
:109EC000F7EEC77B424BC3ED307AD7E0404BD3ED82
:109ED0008F7A9FED427AF4EEC77AF1EE10FA7FD5D1
:109EE0003B4BD3ED8F7A9FED3B7A77EEC77AB7EE97
:109EF000E77A9FED2F6B27EE066B9FED235B86EED7
:109F0000057B9FED2D6B37EE067BF7EEC77B304B65
:109F1000C3ED157A2E4BD3ED8F7A9FED2E7A77EE27
:109F2000C77AB7EEE77A9FED266B27EE066B9FEDBB
:109F3000165B86EE057BB2EE026B37EE067BF7EE24
:109F4000C77B234BC3ED2E7A214BD3ED8F7A9FED48
:109F5000217A77EEC77AB7EEE77A9FED1B6B27EE93
:109F6000066B9FED095B86EE057BB3EE0B6B37EE60
:109F7000067BF7EEC77B164BC3ED307A7EE000BF61
:109F8000A323B9FC87F49BBF0000000000408F4072
:109F9000666666666666E63F1283C0CAA145F7BF7D
:109FA000B5A679C729BA00C00000000000004940EA
:109FB000C217265305A382BF9A9999999999D93FB7
:109FC00058CA32C4B12EDABF58CA32C4B12EEABF61
:109FD000B09F052400A08C4600C0DA450090E24600
:109FE000E14BD3ED8F7A9FEDE17A77EEC77AB7EE4A
:109FF000E77A9FEDC36B27EE066B9FEDC35B86EEA2
:10A00000057B9FEDC36B37EE067BF7EEC77BD64B28
:10A01000C3ED157AD44BD3ED8F7A9FEDD47A77EEDA
:10A02000C77AB7EEE77A9FEDBC6B27EE066B9FED24
:10A03000B65B86EE057BB1EE026B37EE067BF7EE84
:10A04000C77BC94BC3ED2E7AC74BD3ED8F7A9FEDFB
:10A05000C77A77EEC77AB7EEE77A9FEDB16B27EE56
:10A06000066B9FEDA95B86EE057BB3EE026B37EEC8
:10A07000067BF7EEC77BBC4BC3ED307ABA4BD3ED12
:10A080002E7AB7EEE77A9FEDA26B27EE067BF7EE0E
:10A09000C77BB54BC3ED2E7AB34BD3ED307AB7EE19
:10A0A000E77A9FED9B6B27EE067BF7EEC77BAE4B07
:10A0B000C3ED307AAC4BD3ED157AB7EEE77A9FED6E
:10A0C0009A6B27EE067BF7EEC77BA74BC3ED157A9D
:10A0D000A749D1F85826D1F85C36A549D1EDC87A00
:10A0E000B7EEE77A43EC162B36EE477BF7EEC77BED
:10A0F0009D4BC3ED557A9C4BD3ED557AB7EEE77A7D
:10A10000B0EE472BB0EE001BB8EE000B02F0D4F817
:10A11000B0EE407BF7EEC77B934BC3ED557A924B85
:10A12000D3ED007AB7EEE77AB6EE006B27EE066B5A
:10A130008D4B93ED557A8C4BD3ED597A77EE277A88
:10A14000B7EEE77A26EE076B874BD3ED5B7AB7EE77
:10A15000E77A36EE077BF7EEC77B834BC3ED577A82
:10A16000D7ED067AF1EE676A7F4B93ED307AC6EE53
:10A17000877AB7EEE77A7C4B93ED306AD7ED065AD3
:10A18000C5EE866AB7EEE66A774BD3ED575AB7EE5F
:10A19000E55AB0EE452BB0EE461BB0EE470B02F091
:10A1A0008BF8B0EE407BF7EEC77B6F4BC3ED577A71
:10A1B0006D4B93ED2E7A6C4BD3ED557A27EE277AC3
:10A1C000694BD3ED306A684BD3ED577A66EEA77AC8
:10A1D00077EE277AB7EEE76A634BD3ED157AB7EEE1
:10A1E000E77A6149D1F88420D1F8883043EC152B07
:10A1F00027EE057B36EE077BF7EEC77B5A4BC3EDA8
:10A200001B7A594BD3ED8F7A9FED5A7AF4EEC77AC9
:10A21000F1EE10FA34D5544BD3ED8F7A9FED567A88
:10A2200077EEC77AB7EEE77A9FED416B27EE066BC4
:10A230009FED355B86EE057B9FED3F6B37EE067B32
:10A24000F7EEC77B484BC3ED257A474BD3ED8F7AAA
:10A250009FED497A77EEC77AB7EEE77A9FED386BD4
:10A2600027EE066B9FED285B86EE057B9FED366B38
:10A2700037EE067BF7EEC77B3B4BC3ED277AB1E0A9
:10A28000394BD3ED8F7A9FED397AF4EEC77AF1EE40
:10A2900010FA73D5344BD3ED8F7A9FED367A77EE83
:10A2A000C77AB7EEE77A9FED2A6B27EE066B9FED34
:10A2B000165B86EE057B9FED286B37EE067BF7EE8F
:10A2C000C77B294BC3ED257A274BD3ED8F7A9FEDC2
:10A2D000297A77EEC77AB7EEE77A9FED216B27EE02
:10A2E000066B9FED095B86EE057B9FED0F6B37EEEE
:10A2F000067BF7EEC77B1C4BC3ED277A72E000BFED
:10A30000C217265305A382BF0000000000408F4003
:10A31000333333333333D33FA913D044D8F0C4BFDE
:10A3200058CA32C4B12EDABF9A9999999999E93FDE
:10A330001EC4CE143AAFA1BF333333333333E33FBC
:10A34000BD1DE1B4E045B7BFCDCCCCCCCCCCFC3FFF
:10A3500082E7DEC325C77DBF295C8FC2F528CC3FCD
:10A360005BCEA5B8AAEC9BBFB09F05240090E24647
:10A37000ACAE052400A08C4600C0DA45704BD3ED8E
:10A380008F7A9FED707A77EEC77AB7EEE77A9FED16
:10A390005A6B27EE066B9FED5A5B86EE057B9FEDB1
:10A3A0005A6B37EE067BF7EEC77B654BC3ED257A1C
:10A3B000634BD3ED8F7A9FED637A77EEC77AB7EE72
:10A3C000E77A9FED536B27EE066B9FED4D5B86EEB4
:10A3D000057BB6EE006B37EE067BF7EEC77B584B7E
:10A3E000C3ED277A564BD3ED277A9FED577A67EE68
:10A3F000877A534BC3ED287A514BD3ED8F7A9FED7B
:10A40000537AF4EEC77AF1EE10FA34D54C4BD3ED13
:10A410008F7A9FED4F7A77EEC77AB7EEE77A9FEDA6
:10A420003E6B27EE066B9FED365B86EE057BB2EE4C
:10A43000006B37EE067BF7EEC77B414BC3ED2D7A01
:10A440003F4BD3ED8F7A9FED427A77EEC77AB7EE26
:10A45000E77A9FED336B27EE066B9FED295B86EE67
:10A46000057BB3EE006B37EE067BF7EEC77B344B14
:10A47000C3ED2F7AA2E0324BD3ED8F7A9FED317A84
:10A48000F4EEC77AF1EE10FA64D52D4BD3ED8F7A46
:10A490009FED2E7A77EEC77AB7EEE77A9FED226BC3
:10A4A00027EE066B9FED165B86EE057B9FED206B1E
:10A4B00037EE067BF7EEC77B214BC3ED2D7A204BA1
:10A4C000D3ED8F7A9FED217A77EEC77AB7EEE77AF0
:10A4D0009FED196B27EE066B9FED095B86EE057B02
:10A4E000B1EE0A6B37EE067BF7EEC77B144BC3ED7C
:10A4F0002F7A63E0AFF30080BEA4315A475563BFA3
:10A500000000000000408F40EC51B81E85EBC13FB9
:10A510000E4A9869FB5786BF42CF66D5E76ADFBF10
:10A52000516B9A779CA2EBBF39B4C876BE9FC2BF6D
:10A53000CDCCCCCCCCCC0440AF946588635DD4BF8B
:10A54000B09F05240090E2469A99193E00A08C46DF
:10A5500000C0DA45AA4BD3ED8F7A9FEDAA7A77EE49
:10A56000C77AB7EEE77A9FED9E6B27EE066B9FEDFD
:10A570009E5B86EE057BB7EE006B37EE067BF7EE53
:10A58000C77B9F4BC3ED2D7A9D4BD3ED8F7A9FED0B
:10A590009D7A77EEC77AB7EEE77A9FED956B27EE57
:10A5A000066B9FED915B86EE057BB0EE086B37EE98
:10A5B000067BF7EEC77B924BC3ED2F7A904B924A06
:10A5C000C3F82C218E4B914AC3F830218C4BD3ED2C
:10A5D0004C7AB7EEE77A9FED886B27EE067BF7EEB5
:10A5E000C77B874BC3ED4D7A854B894AC3F8382129
:10A5F000834BD3ED4E7AB7EEE77A9FED7F6B27EE74
:10A60000067BF7EEC77B7E4BC3ED4F7A814B93F809
:10A610004A32032B00F0BE80794BD3ED647AB2EE60
:10A62000007A77EEC77AB7EEE78A754BD3ED017AF9
:10A630009FED797A67EE877AB7EEE77AB0EE470B4F
:10A640000EF062FBB0EE407B28EE077BB2EE006BB3
:10A6500037EE067BF7EEC77B694BC3ED267A684B76
:10A6600093ED337A664BD3ED267A77EE677A644BB7
:10A67000C3ED297A624BD3ED007AB6EE007A27EE6D
:10A68000877A5F4BD3ED296A5D4BD3ED2B7A76EE5B
:10A69000A77A27EE277A5A4BD3ED2C7A77EE277AD2
:10A6A000574BC3ED2A7AD7ED087AF1EE676A544B1F
:10A6B00093ED287AC6EE877AB7EEE77A504B93EDA2
:10A6C000286AD7ED085AC5EE866AB7EEE66A4C4BA3
:10A6D000D3ED2A5AB7EEE55AB0EE452BB0EE461B45
:10A6E000B0EE470B01F0E8FDB0EE407BF7EEC77B24
:10A6F000434BC3ED2A7A424B93ED277A404BD3ED7F
:10A70000297A27EE277A3E4BD3ED286A3C4BD3EDCE
:10A710002A7A66EEA77A77EE277AB7EEE76A384BA1
:10A72000D3ED257AB7EEE77A3549D1F8EC20D1F8A8
:10A73000F03043EC152B27EE057B36EE077BF7EE6A
:10A74000C77B2F4BC3ED317AB1EE047AD7ED037A94
:10A7500077EE677AB7EEE77AD7ED036AB1EE046A6F
:10A7600076EEC66AB7EEE66A254BD3ED315AB7EE00
:10A77000E55AB0EE452BB0EE461BB0EE470B01F0AC
:10A780009BFDB0EE407BF7EEC77B1D4BC3ED317AEE
:10A7900000F0F3BE1F4B93F8C1320C2B00F27B820A
:10A7A00001A252F823F000BF97AC060897AC060848
:10A7B00097AC060897AC060897AC06081DA80608D3
:10A7C0009DA9060859AA060897AC060897AC060882
:10A7D00097AC060897AC06083FAC0608AFF30080BC
:10A7E000910F7A36AB3E97BF0000000000408F40CB
:10A7F000BD5296218E75A1BF9A9999999999A93FB1
:10A80000B09F05240090E246CDCC4CBD0AD723BCB6
:10A81000CDCC4C3EACAE0524CDCC4CBE8949D1F854
:10A820001C21D1F820318849D1ED9F7A9FED877A9C
:10A8300077EEC77AB7EEE77A43EC162BB4EEC76B28
:10A84000F1EE10FA3CD5804B93F8C332002B37D190
:10A850007C4B4FF08242C3F8A0227A4BD3F8CC3025
:10A86000784AC2F89031774B5B68764AC2F8B032CA
:10A87000744BD3F8C430734AC2F8A432714BD3ED91
:10A88000A96A704B93ED287AC6EE877A6D4BC3EDBB
:10A890002A7A6C4B4FF00002C3F8AC20694BD3F816
:10A8A000A830684AC2F8B030664B012283F8A8226B
:10A8B000654B012283F8C322634B022283F85622A0
:10A8C0006049D1F81C21D1F820315F49D1ED9F7A40
:10A8D0009FED5E7A77EEC77AB7EEE77A43EC162BF8
:10A8E000B4EEC76BF1EE10FA00DAD5E1554B5B68B8
:10A8F000544AC2F8B032534BD3F8C430514AC2F86C
:10A90000A4325049D1F81C21D1F8203143EC172B47
:10A91000F7EEC77B4B4BC3EDAD7A4A4B4C4AC3F8BD
:10A920008421484BD3ED617AB1EE677ADFED476A57
:10A93000C7EE267A434BC3EDBC7A424B4FF0000280
:10A94000C3F844213F4B4FF00002C3F848213D4B70
:10A95000D3F844313B4AC2F84C313A4B4FF0000235
:10A96000C3F86021374B4FF00002C3F85821354B34
:10A97000D3F85831334AC2F86831324B022283F897
:10A98000A822314B002283F8C1222F4B012283F8E9
:10A9900056222C4B2F4AC3F8AC227DE1294B5B6831
:10A9A000284AC2F8B032274BD3F8C430254AC2F83F
:10A9B000A4322449D1F81C21D1F8203143EC172BC3
:10A9C000F7EEC77B1F4BC3EDAD7A1E4BD3ED617A1B
:10A9D000B1EE677ADFED1D6AC7EE267A194BC3ED3B
:10A9E000BC7A184B4FF00002C3F84421154B4FF0CE
:10A9F0000002C3F84821134BD3F84431114AC2F87E
:10AA00004C31104B4FF00002C3F860210D4B4FF05A
:10AA10000002C3F858210B4BD3F85831094AC2F849
:10AA20006831084B022283F8A822074B002283F8E2
:10AA3000C122054B012283F85622024B054AC3F876
:10AA4000AC2229E1B09F0524ACAE05240000C84229
:10AA50000000A0410000F0419849D1F81C21D1F834
:10AA600020319749D1ED9F7A9FED967A77EE877ADC
:10AA7000B7EEE77A43EC162BB4EEC76BF1EE10FAA3
:10AA800051DD8F4B93F8C332002B4CD18C4BD3ED5F
:10AA90005D7AB7EEE77AB0EE472BB2EE001BBAEE66
:10AAA000040B01F009FCB0EE407BF7EEC77B844B52
:10AAB000C3ED5D7A824BD3F87431804AC2F8A0327C
:10AAC0007E4BD3F8CC307D4AC2F890317B4B5B682B
:10AAD0007A4AC2F8B032794BD3F8C430774AC2F818
:10AAE000A432764BD3EDA96A744B93ED287AC6EE67
:10AAF000877A724BC3ED2A7A704B4FF00002C3F88D
:10AB0000AC206E4BD3F8A8306C4AC2F8B0306B4B17
:10AB1000032283F8A8226A4B012283F8C322684BE0
:10AB2000032283F85622664BD3ED5D7AB7EEE77ABF
:10AB3000B0EE472BB2EE001BBAEE040B01F0BCFBEB
:10AB4000B0EE407BF7EEC77B5D4BC3ED5D7A5C4BAF
:10AB5000D3F87431594AC2F8A0325849D1F81C21AF
:10AB6000D1F820315649D1ED9F7A9FED567A77EE94
:10AB7000877AB7EEE77A43EC162BB4EEC76BF1EEAB
:10AB800010FA00D988E04D4B5B684C4AC2F8B032ED
:10AB90004A4BD3F8C430494AC2F8A4324749D1F8E5
:10ABA0001C21D1F8203143EC172BF7EEC77B434B28
:10ABB000C3EDAD7A414BD3ED8E7AF1EE677A3F4B20
:10ABC000C3ED617A3D4BD3ED617AB1EE677ADFED8B
:10ABD0003D6AC7EE267A394BC3EDBC7A374B4FF04E
:10ABE0000002C3F84421354B4FF00002C3F848215E
:10ABF000324BD3F84431314AC2F84C312F4B4FF02D
:10AC00000002C3F860212D4B4FF00002C3F8582119
:10AC10002A4BD3F85831294AC2F86831274B02220F
:10AC200083F8A822264B002283F8C122244B01225C
:10AC300083F85622214B244AC3F8AC222CE01F4B48
:10AC40005B681E4AC2F8B0321C4BD3F8C4301B4AB2
:10AC5000C2F8A432194B4FF00002C3F86021174B21
:10AC60004FF00002C3F85821144BD3F85831134A5F
:10AC7000C2F86831114B042283F8A822104B01223C
:10AC800083F8C3220E4B042283F856220C4B002279
:10AC900083F8C12200E000BF084B93F8A832013BC3
:10ACA000032B00F24B8401A252F823F0CDAC06082E
:10ACB00089AE060867B20608EFB30608B09F052400
:10ACC000ACAE0524000048430000C8416A4BD3EDF8
:10ACD000A87AB7EEE78A684B93ED647A664BD3EDBA
:10ACE000A87A77EE677AB7EEE79A634B93ED017A2D
:10ACF000614BD3EDAC7A77EE677A9FED607A67EEC1
:10AD0000877AB7EEE77AB0EE470B0DF0FDFFB0EEB5
:10AD1000407B29EE077B38EE077BF7EEC77B564B6F
:10AD2000C3ED267A564B93F8D835022B2BD1524BD4
:10AD3000D3EDA87AB7EEE78A4F4B93ED647A4E4B8A
:10AD4000D3EDA87A77EE677AB7EEE79A4A4B93EDA0
:10AD5000017A494BD3EDAC7A77EE677A9FED497A69
:10AD600067EE877AB7EEE77AB0EE470B0DF0CCFFCF
:10AD7000B0EE407B29EE077B38EE077BF7EEC77B12
:10AD80003D4BC3ED267A3C4B93ED337A3A4BD3EDF2
:10AD9000267A77EE677A384BC3ED297A364BD3EDB6
:10ADA000007AB6EE007A27EE877A334BD3ED296A24
:10ADB000314BD3ED2B7A76EEA77A27EE277A2E4BFE
:10ADC000D3ED2C7A77EE277A2B4BC3ED2A7AD7ED89
:10ADD000087AF1EE676A284B93ED287AC6EE877AF7
:10ADE000B7EEE77A244B93ED286AD7ED085AC5EE03
:10ADF000866AB7EEE66A204BD3ED2A5AB7EEE55ADB
:10AE0000B0EE452BB0EE461BB0EE470B01F054FA06
:10AE1000B0EE407BF7EEC77B174BC3ED2A7A164B9B
:10AE200093ED277A144BD3ED297A27EE277A124B2C
:10AE3000D3ED286A104BD3ED2A7A66EEA77A77EE27
:10AE4000277AB7EEE76A0C4BD3ED257AB7EEE77AAF
:10AE50000949D1F8EC20D1F8F03043EC152B27EE5E
:10AE6000057B36EE077BF7EEC77B034BC3ED317AEC
:10AE700001F098F963E300BFB09F0524CDCC4CBE30
:10AE8000ACAE0524CDCCCCBDDD4BD3ED9F7AB7EE77
:10AE9000E78ADC4B93EDAD7AD94BD3ED9F7A77EE11
:10AEA000677AB7EEE79AD74B93EDBC7AD54BD3EDE3
:10AEB000016AD44BD3EDAC7A76EEE77A67EE277A67
:10AEC000B7EEE77AB0EE470B0DF01EFFB0EE407B19
:10AED00029EE077B38EE077BF7EEC77BC94BC3ED46
:10AEE000B47AC84B93EDBC7AC64BD3EDAD6AC44B74
:10AEF000D3ED9F7A76EEE77A67EE277AB7EEE78AA8
:10AF0000C04B93EDBC7ABF4BD3ED016ABD4BD3ED83
:10AF1000AC7A76EEE77A67EE277AB7EEE77AB0EEAC
:10AF2000470B0DF0F1FEB0EE407B28EE077BF7EE0D
:10AF3000C77BB44BC3EDBD7AB249D1F81C21D1F81F
:10AF40002031B049D1EDB47AB7EEE77A43EC162B55
:10AF500036EE477BF7EEC77BAA4BC3ED507AA94B81
:10AF6000D3ED507AB7EEE77AB0EE472BB3EE041B81
:10AF7000BBEE040B01F0A0F9B0EE407BF7EEC77B0F
:10AF8000A04BC3ED507A9F4BD3ED007AB6EE007A1A
:10AF900027EE877A9B4BD3ED506A9A4BD3ED527ACA
:10AFA00076EEA77A27EE277A964BD3ED537A77EE93
:10AFB000277A944BC3ED517A924B93ED4D7AD7EDAE
:10AFC000076AC6EE877AB7EEE77AD7ED076AF1EE41
:10AFD000665A8C4B93ED4D6AC5EE866AB7EEE66A0B
:10AFE000884BD3ED515AB7EEE55AB0EE452BB0EE93
:10AFF000461BB0EE470B01F05FF9B0EE407BF7EE79
:10B00000C77B804BC3ED517A7E4BD3EDAB7AF1EE2B
:10B01000677AB7EEE77A7B4BD3EDAB6AB7EEE66AB9
:10B02000784BD3ED8E5AB7EEE55AB0EE452BB0EE25
:10B03000461BB0EE470B01F03FF9B0EE407BF7EE58
:10B04000C77B704BC3ED8E7A6E4B93ED8E7A6D4B52
:10B05000D3EDBD7A77EE677A6A4BC3ED5C7A694BC4
:10B0600093ED4D7A674BD3ED517A67EE277A654BB6
:10B07000C3ED5E7A634BD3ED137AB7EEE77AB0EEA9
:10B08000472B9FED591B9FED5A0B01F015F9B0EEC0
:10B09000407BF7EEC77B5B4BC3ED147A594B93EDC6
:10B0A0004B7A584BD3ED5C7A27EE277A554BD3ED8C
:10B0B0005E7A37EE277A534BD3ED4C6A514BD3ED82
:10B0C000507A66EEA77A77EE277AB7EEE78A4C4B8E
:10B0D000D3ED077AB7EEE77A9FED475B87EE056B16
:10B0E000B0EE460B0DF050FDB0EE409B454BD3ED5E
:10B0F000147AB7EEE77A9FED405B87EE056BB0EE12
:10B10000460B0DF041FDB0EE406B89EE067B38EE4C
:10B11000077BF7EEC77B3B4BC3ED5D7A384B93ED76
:10B12000C77A384BD3ED5D7A77EE677A354BC3ED4E
:10B13000547A344BD3ED547AB7EEE77AB0EE472B1E
:10B14000B7EE001BBFEE000B01F0B6F8B0EE407B8F
:10B15000F7EEC77B2B4BC3ED547A2A4BD3ED007A25
:10B16000B7EEE77AB6EE006B27EE066B254B93ED54
:10B17000547A244BD3ED587A77EE277AB7EEE77AF4
:10B1800026EE076B1F4BD3ED5A7AB7EEE77A36EE11
:10B19000077BF7EEC77B1B4BC3ED567AD7ED067ADC
:10B1A000F1EE676A174B93ED2F7AC6EE877AB7EE0A
:10B1B000E77A144B93ED2F6AD7ED065AC5EE866AEF
:10B1C000B7EEE66A0F4BD3ED565AB7EEE55AB0EE3E
:10B1D000452BB0EE461BB0EE470B01F06DF8B0EE1C
:10B1E000407BF7EEC77B0FE0000000000080464088
:10B1F00000000000008046C0B694631ADCA54C40F5
:10B20000ACAE0524B09F0524C94BC3ED567AC84B9C
:10B2100093ED2D7AC64BD3ED547A27EE277AC44BA3
:10B22000D3ED2F6AC24BD3ED567A66EEA77A77EE4E
:10B23000277AB7EEE76ABE4BD3ED257AB7EEE77A09
:10B24000BB49D1F8EC20D1F8F03043EC152B27EEB8
:10B25000057B36EE077BF7EEC77BB54BC3ED317A46
:10B2600000F0A0FF6BE1B34B03F5B863D3ED007AB8
:10B27000B7EEE77AB0EE472BB0EE081B9FEDAA0BB6
:10B2800001F01AF8B0EE407BF7EEC77BA84BC3ED98
:10B29000D17AA74B93EDA87AA54BD3EDD17A77EE6F
:10B2A000277AB7EEE78AA24B93ED647AA04BD3EDF1
:10B2B000A86A9F4BD3EDD17A76EEA77A77EE677ABC
:10B2C000B7EEE79A9A4B93ED017A994BD3EDAC7AAE
:10B2D00077EE677A9FED987A67EE877AB7EEE77A2E
:10B2E000B0EE470B0DF010FDB0EE407B29EE077B72
:10B2F00038EE077BF7EEC77B8D4BC3ED267A8C4B80
:10B3000093ED337A8A4BD3ED267A77EE677A884BC2
:10B31000C3ED297A864BD3ED007AB6EE007A27EE9C
:10B32000877A834BD3ED296A814BD3ED2B7A76EE66
:10B33000A77A27EE277A7E4BD3ED2C7A77EE277A01
:10B340007B4BC3ED2A7AD7ED087AF1EE676A784B2A
:10B3500093ED287AC6EE877AB7EEE77A744B93EDD1
:10B36000286AD7ED085AC5EE866AB7EEE66A704BD2
:10B37000D3ED2A5AB7EEE55AB0EE452BB0EE461B98
:10B38000B0EE470B00F098FFB0EE407BF7EEC77BC6
:10B39000674BC3ED2A7A664B93ED277A644BD3ED66
:10B3A000297A27EE277A624BD3ED286A604BD3EDDA
:10B3B0002A7A66EEA77A77EE277AB7EEE76A5C4BD1
:10B3C000D3ED257AB7EEE77A5949D1F8EC20D1F8D8
:10B3D000F03043EC152B27EE057B36EE077BF7EEBE
:10B3E000C77B534BC3ED317A00F0DCFEA7E0514B35
:10B3F000D3EDC77AB7EEE77A4E49D1F85026D1F8A7
:10B40000543643EC162B37EE467BF7EEC77B484BA2
:10B41000C3ED547A464BD3ED547AB7EEE77AB0EEEB
:10B42000472BB0EE001BB8EE000B00F045FFB0EE6E
:10B43000407BF7EEC77B3E4BC3ED547A3C4BD3EDDC
:10B44000007AB7EEE77AB6EE006B27EE066B384B64
:10B4500093ED547A364BD3ED587A77EE277AB7EEE0
:10B46000E77A26EE076B324BD3ED5A7AB7EEE77ADE
:10B4700036EE077BF7EEC77B2D4BC3ED567AD7ED43
:10B48000067AF1EE676A2A4B93ED2F7AC6EE877A39
:10B49000B7EEE77A264B93ED2F6AD7ED065AC5EE45
:10B4A000866AB7EEE66A224BD3ED565AB7EEE55AF6
:10B4B000B0EE452BB0EE461BB0EE470B00F0FCFEA5
:10B4C000B0EE407BF7EEC77B194BC3ED567A184BB5
:10B4D00093ED2D7A164BD3ED547A27EE277A144B41
:10B4E000D3ED2F6A124BD3ED567A66EEA77A77EE3C
:10B4F000277AB7EEE76A0E4BD3ED257AB7EEE77AF7
:10B500000B49D1F8EC20D1F8F03043EC152B27EEA5
:10B51000057B36EE077BF7EEC77B054BC3ED317A33
:10B5200000F040FE0BE000BF000000000000000043
:10B53000B09F0524ACAE0524CDCC4CBE00BFD7EDEA
:10B54000037AF1EE677AB7EEE77AD7ED036AB7EEE2
:10B55000E66A984BD3ED315AB7EEE55AB0EE452B7B
:10B56000B0EE461BB0EE470B00F0A6FEB0EE407BFF
:10B57000F7EEC77B8F4BC3ED317A8E4B9B6C8D4AB8
:10B58000C2F80C328B4B9B6C8A4AC2F81032894B42
:10B59000D3ED317AF1EE677A864BC3ED857A854B30
:10B5A000D3F8C430834AC2F81832824BDB6E814A2A
:10B5B000C2F81C327F4BDB6E7E4AC2F82032D7EDD8
:10B5C000027AF1EE677AB7EEE77AD7ED026AB7EE64
:10B5D000E66A784BD3ED835AB7EEE55AB0EE452BC9
:10B5E000B0EE461BB0EE470B00F066FEB0EE407BBF
:10B5F000F7EEC77B6F4BC3ED837AD7ED027AF1EE9E
:10B60000677AB7EEE77AD7ED026AB7EEE66A694B7A
:10B61000D3ED845AB7EEE55AB0EE452BB0EE461B9B
:10B62000B0EE470B00F048FEB0EE407BF7EEC77B74
:10B63000604BC3ED847AD7ED027AF1EE677AB7EE0C
:10B64000E77AD7ED026AB7EEE66A5A4BD3ED855A30
:10B65000B7EEE55AB0EE452BB0EE461BB0EE470B09
:10B6600000F02AFEB0EE407BF7EEC77B514BC3EDF6
:10B67000857AD7ED027AF1EE677AB7EEE77AD7ED01
:10B68000026AB7EEE66A4B4BD3ED865AB7EEE55A3F
:10B69000B0EE452BB0EE461BB0EE470B00F00CFEB3
:10B6A000B0EE407BF7EEC77B424BC3ED867AD7ED19
:10B6B000027AF1EE677AB7EEE77AD7ED026AB7EE73
:10B6C000E66A3C4BD3ED875AB7EEE55AB0EE452B10
:10B6D000B0EE461BB0EE470B00F0EEFDB0EE407B47
:10B6E000F7EEC77B334BC3ED877AD7ED027AF1EEE5
:10B6F000677AB7EEE77AD7ED026AB7EEE66A2D4BC6
:10B70000D3ED885AB7EEE55AB0EE452BB0EE461BA6
:10B71000B0EE470B00F0D0FDB0EE407BF7EEC77BFC
:10B72000244BC3ED887A234BD3F8A430214AC2F8C6
:10B73000AC30204BD3F8A8301E4AC2F8B0301D4BB5
:10B740009B6B1C4A13641B4BDB6B1A4A5364194BEB
:10B750001B6F184A5366174B1B6E164A9366154BA0
:10B76000D3F84031134AC2F84831124BD3F8443170
:10B77000104AC2F84C310F4BD3F850310D4AC2F881
:10B7800060310C4BD3F858310A4AC2F86831094B82
:10B79000D3F85431074AC2F86431064BD3F85C3110
:10B7A000044AC2F86C3100BF2837BD46BDEC048B9B
:10B7B00080BD00BFB09F052480B52DED0A8B88B0F9
:10B7C00000AF87ED020B87ED001B97ED027BB0EE1B
:10B7D000086B27EE067BF7EEC77BC7ED077A97ED80
:10B7E000027BB0EE086B27EE066B97ED027B26EE30
:10B7F000077BF7EEC77BC7ED067A97ED027B27EE56
:10B80000076B97ED027B26EE077BF7EEC77BC7ED54
:10B81000057A854BD3EDB17AB7EEE76A824BD3ED6B
:10B82000137AB7EEE75A9FED784B85EE047B36EE40
:10B83000477BF7EEC77B7C4BC3EDAE7A7A4BD3EDFB
:10B84000AE7AB7EEE77A9FED726BB4EEC67BF1EE9F
:10B8500010FA0DDD744BD3EDAE7AB7EEE77A9FEDBB
:10B860006E6B37EE467BF7EEC77B6F4BC3EDAE7A60
:10B870006D4BD3EDAE7AB7EEE77A9FED696BB4EE20
:10B88000C67BF1EE10FA0DD5674BD3EDAE7AB7EE6D
:10B89000E77A9FED616B37EE067BF7EEC77B624B75
:10B8A000C3EDAE7A604B93ED977AD7ED057AF1EE62
:10B8B000676A5D4BD3EDAE7A66EEA76A5A4BD3ED5D
:10B8C000AF7A66EEA77A77EE277A574BC3ED977A71
:10B8D000554BD3EDB07AB7EEE76A534BD3ED977A79
:10B8E000B7EEE75A97ED007B35EE075B4E4B93EDD5
:10B8F000AE7AD7ED067A67EE277AB7EEE77A35EEBD
:10B90000475B494BD3EDAF7AB7EEE77A25EE077B7D
:10B9100036EE077BF7EEC77B434BC3EDB07A424B65
:10B92000D3EDB17AB7EEE78A3F4BD3EDB07AB7EEFD
:10B93000E79A3D4BD3ED337AB7EEE77A9FED325B72
:10B9400087EE056BB0EE460B0DF0A6F9B0EE40CBDE
:10B95000354BD3EDB27AB7EEE77A9FED2B6B87EEDE
:10B9600006AB314BD3ED137AB7EEE77A9FED265B4A
:10B9700087EE056BB0EE460B0DF006F9B0EE407B9E
:10B980002AEE07AB284BD3EDB37AB7EEE77A9FEDFB
:10B990001E6B87EE06BB244BD3ED137AB7EEE77A26
:10B9A0009FED195B87EE056BB0EE460B0DF034F999
:10B9B000B0EE407B2BEE077B3AEE477B2CEE077B0D
:10B9C00039EE476B184B93EDAE7AD7ED077A67EEF9
:10B9D000277AB7EEE77A36EE476B134BD3EDAF7AA3
:10B9E000B7EEE77A26EE077B38EE077BF7EEC77BEC
:10B9F0000D4BC3EDB17A00BF2037BD46BDEC0A8BBD
:10BA000080BD00BFAFF30080B694631ADCA54C4044
:10BA1000CC544454FB210940CC544454FB211940DC
:10BA2000CC544454FB2109C0B09F05240000000001
:10BA300080B586B000AFD24B7B61D7ED057AB7EE0B
:10BA4000E77A9FEDCB6B27EE067BF7EEC77BC7ED62
:10BA5000047ACC4BFB60CC4BBB60CC4BD3ED907AE3
:10BA600097ED037A67EE277AC7ED017AC74B93ED1E
:10BA7000C97AC64BD3EDB77A77EE677AC34BC3ED7D
:10BA8000CA7AC24B93F8A832022B40F0EE80BF4B2B
:10BA9000D3EDCA7AB7EEE77AB0EE472BB3EE0E1BC2
:10BAA000BBEE0E0B00F008FCB0EE407BF7EEC77B60
:10BAB000B64BC3EDCA7AB54BD3EDC97A9FEDB47AD4
:10BAC000F4EEC77AF1EE10FA67D5B04BD3EDCA7A2F
:10BAD000F0EEE77AB7EEE77A9FEDA76BB4EEC67BA0
:10BAE000F1EE10FA40F3D181A84BD3EDCA7AB3EE50
:10BAF0000E7AF4EEC77AF1EE10FA40F1C681A34B4C
:10BB0000D3ED007AB7EEE77AB6EE006B27EE066B60
:10BB10009E4B93EDCA7A9D4BD3EDCC7A77EE277A84
:10BB2000B7EEE77A26EE076B984BD3EDCD7AB7EEFA
:10BB3000E77A36EE077BF7EEC77B944BC3EDCB7A03
:10BB4000D7ED027AF1EE676A97ED047AC6EE877A4E
:10BB5000B7EEE77AD7ED025A97ED046AC5EE866A2A
:10BB6000B7EEE66A894BD3EDCB5AB7EEE55AB0EEA5
:10BB7000452BB0EE461BB0EE470B00F09DFBB0EE40
:10BB8000407BF7EEC77B814BC3EDCB7A7F4BD3F87D
:10BB90002C337E4AC2F8343377E17C4BD3EDCA7A3A
:10BBA000F0EEE77AB7EEE77A9FED736BB4EEC67B03
:10BBB000F1EE10FA40F36981744BD3EDCA7AB2EE1C
:10BBC0000E7AF4EEC77AF1EE10FA40F15E816F4B17
:10BBD000D3ED007AB7EEE77AB6EE006B27EE066B90
:10BBE0006A4B93EDCA7A694BD3EDCC7A77EE277A1C
:10BBF000B7EEE77A26EE076B644BD3EDCD7AB7EE5E
:10BC0000E77A36EE077BF7EEC77B604BC3EDCB7A66
:10BC1000D7ED027AF1EE676A97ED047AC6EE877A7D
:10BC2000B7EEE77AD7ED025A97ED046AC5EE866A59
:10BC3000B7EEE66A554BD3EDCB5AB7EEE55AB0EE08
:10BC4000452BB0EE461BB0EE470B00F035FBB0EED7
:10BC5000407BF7EEC77B4D4BC3EDCB7A4B4BD3F814
:10BC60002C334A4AC2F834330FE1484B93F8A832D8
:10BC7000032B40F08F80454BD3EDCA7AB7EEE77ABD
:10BC8000B0EE472BB3EE0E1BBAEE040B00F014FB24
:10BC9000B0EE407BF7EEC77B3C4BC3EDCA7A3B4B23
:10BCA000D3EDCA7AF0EEE77AB7EEE77A9FED326B22
:10BCB000B4EEC67BF1EE10FA40F3E780334BD3EDE0
:10BCC000CA7AB2EE047AF4EEC77AF1EE10FA40F1D5
:10BCD000DC802E4BD3ED007AB7EEE77AB6EE006B40
:10BCE00027EE066B294B93EDCA7A284BD3EDCC7A1D
:10BCF00077EE277AB7EEE77A26EE076B234BD3ED84
:10BD0000CD7AB7EEE77A36EE077BF7EEC77B1F4BAF
:10BD1000C3EDCB7AD7ED027AF1EE676A97ED047A3C
:10BD2000C6EE877AB7EEE77AD7ED025A97ED046A46
:10BD3000C5EE866AB7EEE66A144BD3EDCB5AB7EE82
:10BD4000E55AB0EE452BB0EE461BB0EE470B00F0C7
:10BD5000B3FAB0EE407BF7EEC77B0C4BC3EDCB7A6A
:10BD60000A4BD3F82C33094AC2F834338DE000BFB4
:10BD70007B14AE47E17A943F9A9999999999C93F72
:10BD80000000FA43295C0F3D007C1247B09F052458
:10BD900000008243B84BD3EDCA7AB7EEE77AB0EE33
:10BDA000472BB3EE0E1BBBEE0E0B00F085FAB0EE88
:10BDB000407BF7EEC77BB04BC3EDCA7AAE4BD3EDF9
:10BDC000CA7AF0EEE77AB7EEE77A9FEDA36BB4EEAE
:10BDD000C67BF1EE10FA58DDA74BD3EDCA7AF0EE30
:10BDE000E77AB1EE047AF4EEC77AF1EE10FA4CD5A8
:10BDF000A14BD3ED007AB7EEE77AB6EE006B27EEF3
:10BE0000066B9D4B93EDCA7A9B4BD3EDCC7A77EEC4
:10BE1000277AB7EEE77A26EE076B974BD3EDCD7A0C
:10BE2000B7EEE77A36EE077BF7EEC77B924BC3EDB2
:10BE3000CB7AD7ED027AF1EE676A97ED047AC6EE17
:10BE4000877AB7EEE77AD7ED025A97ED046AC5EE26
:10BE5000866AB7EEE66A884BD3EDCB5AB7EEE55A61
:10BE6000B0EE452BB0EE461BB0EE470B00F024FAC7
:10BE7000B0EE407BF7EEC77B7F4BC3EDCB7A7E4BBA
:10BE8000D3F82C337C4AC2F834337B4BD3F82833B5
:10BE9000794AC2F83033784B93EDCA7AD7ED057AF8
:10BEA00027EE277A744BD3EDCB6AD7ED047A66EE92
:10BEB000A77A77EE277A704BC3EDC67A6E4B93ED77
:10BEC000CA7AD7ED057A67EE277A6B4BC3EDC77A4E
:10BED000694B93EDCB7AD7ED047A67EE277A664B00
:10BEE000C3EDC87A6449D1F81C21D1F82031B0EEF5
:10BEF000027B43EC162B26EE077B9FED596B37EE4A
:10BF0000067BF7EEC77B5C4BC3EDD07A5A4B93F8B8
:10BF1000A832032B0AD1584BD3EDC67A9FED577A3E
:10BF200077EE877A544BC3EDCF7A49E0524B93F8C2
:10BF3000A832022B0AD1504BD3EDC67A9FED507A2E
:10BF400077EE877A4C4BC3EDCF7A39E04A4B93F8C2
:10BF5000A832042B2AD1484BD3EDCA7AF5EEC07A29
:10BF6000F1EE10FA12DB444BD3EDC67AB7EEE77A66
:10BF70009FED3D6B27EE067B9FED3D6B37EE067B1D
:10BF8000F7EEC77B3C4BC3EDCF7A19E03A4BD3EDCC
:10BF9000D07A9FED3C7A37EE877A374BD3EDC77A6C
:10BFA00077EE277A344BC3EDCF7A09E0324BD3EDED
:10BFB000C67A9FED357A77EE877A2F4BC3EDCF7A2D
:10BFC00000F06AF82C4BD3EDD07A9FED2E7A77EE05
:10BFD000877AB7EEE77A284BD3EDD46AB7EEE66AF4
:10BFE000254BD3EDCF5AB7EEE55AB0EE452BB0EE68
:10BFF000461BB0EE470B00F05FF9B0EE407BF7EE6A
:10C00000C77B1D4BC3EDCF7A1B4BD3ED017AB2EE4C
:10C01000007AF4EEC77AF1EE10FA03D5164B1B4AFC
:10C02000C3F83C231A4B93F8C732012B03D1124BB0
:10C03000184AC3F83C23164B93F8C632012B04D19F
:10C040000D4B4FF00002C3F83C2300BF1837BD462C
:10C0500080BD00BFAFF300809A9999999999C93F23
:10C06000000000000017D140333333333333F33F44
:10C070000000000000BAE340B09F052400160A4704
:10C0800000D01D470000FA4300AD27470044454754
:10C09000ACAE052400A08C4680B400AF3B4B93F8B7
:10C0A0004833002B02D0012B41D069E0374B384A8E
:10C0B000C3F85023354B93EDCF7A344BD3EDD47A7C
:10C0C000DFED346A77EEE67AB4EEE77AF1EE10FA55
:10C0D00008DB2E4BB3F84A3301339AB22B4BA3F84B
:10C0E0004A2307E0294B012283F84823274B0022EB
:10C0F000A3F84A23254BB3F84A3307EE903AB8EE3B
:10C10000E77A224BD3ED007A67EE277A9FED227A09
:10C11000F4EEC77AF1EE10FA00DA31E01B4B01229F
:10C1200083F84823194B0022A3F84A2328E0174B31
:10C130001A4AC3F85023154BB3F84C3301339AB263
:10C14000124BA3F84C23114BB3F84C3307EE903A43
:10C15000B8EEE77A0D4BD3ED007A67EE277A9FEDC4
:10C16000107AF4EEC77AF1EE10FA00DA07E0074B26
:10C17000002283F84823054B0022A3F84C2300BF7C
:10C1800000BFBD465DF8047B704700BFB09F05242B
:10C19000004445470000C8420000704200EB3E47A3
:10C1A0000000164480B52DED048B82B000AF4FF037
:10C1B00080437B604FF07E533B60254B93ED017ACB
:10C1C000234BD3EDAC7A77EE677A97ED017AB4EE34
:10C1D000E77AF1EE10FA2EDD1D4BD3ED317AB7EE92
:10C1E000E78A1B4B93EDA97A194BD3ED317A77EEA1
:10C1F000677AB7EEE79AD7ED007AB1EE677A144B1B
:10C20000D3ED016A124BD3EDAC7A76EEE77A67EEA6
:10C21000277AB7EEE77AB0EE470B0CF075FDB0EE7B
:10C22000407B29EE077B38EE077BF7EEC77B084B98
:10C23000C3ED317A05E0064BD3F8C430044AC2F8A6
:10C24000C43000BF0837BD46BDEC048B80BD00BFC5
:10C25000B09F052480B485B000AF87ED000B4FF090
:10C2600000024FF00003C7E9022397ED007BB5EE13
:10C27000C07BF1EE10FA04DB4FF000020C4BC7E973
:10C28000022397ED007BB5EEC07BF1EE10FA04D5EA
:10C290004FF00002074BC7E90223D7E9022343EC22
:10C2A000172BB0EE470B1437BD465DF8047B704783
:10C2B0000000F03F0000F0BF80B489B000AF87ED10
:10C2C000040B87ED021B87ED002BD7E90023C7E99C
:10C2D000062397ED066B97ED047BB4EEC76BF1EE8A
:10C2E00010FA04D5D7E90423C7E906230CE097ED3B
:10C2F000066B97ED027BB4EEC76BF1EE10FA03DD2F
:10C30000D7E90223C7E90623D7E9062343EC172B15
:10C31000B0EE470B2437BD465DF8047B704780B410
:10C3200093B000AF87ED0A0B87ED081B87ED062B56
:10C3300087ED043BF860B96087ED004B4FF00002D9
:10C340004FF00003C7E910234FF000024FF0000345
:10C35000C7E90E234FF000024FF00003C7E90C239A
:10C3600097ED067B37EE076B97ED045B97ED007B4F
:10C3700025EE077B36EE475B97ED067B37EE076BC6
:10C3800097ED044B97ED007B24EE077B36EE076BB1
:10C3900085EE067B87ED107B97ED0A7B37EE076B0A
:10C3A00097ED085B97ED007B25EE077B36EE075B8C
:10C3B00097ED067B37EE076B97ED044B97ED007B0F
:10C3C00024EE077B36EE076B85EE067B87ED0E7B52
:10C3D00097ED0A7BB8EE006B27EE066B97ED085BD6
:10C3E00097ED007B25EE077B36EE075B97ED067B2E
:10C3F00037EE076B97ED044B97ED007B24EE077B40
:10C4000036EE076B85EE067B87ED0C7BBB68083349
:10C4100093ED006B97ED107B26EE076BFB6893EDB9
:10C42000005B97ED0E7B25EE077B36EE076BFB6816
:10C43000083393ED005B97ED0C7B25EE077B36EE22
:10C44000077BBB6883ED007B00BF4C37BD465DF8C2
:10C45000047B704780B489B000AF87ED040B87ED93
:10C46000021B87ED002B4FF000024FF00003C7E9DD
:10C470000623D7E90023C7E9062397ED066B97ED5E
:10C48000027BB4EEC76BF1EE10FA0FD597ED066B99
:10C4900097ED047BB4EEC76BF1EE10FA06DD4FF0BA
:10C4A00000024FF00003C7E9062303E0D7E90023A9
:10C4B000C7E90623D7E9062343EC172BB0EE470B59
:10C4C0002437BD465DF8047B704780B4C3B000AF2D
:10C4D000F86007F58470A0F58070016007F584713D
:10C4E000A1F582710A6007F58472A2F58472136067
:10C4F0000023C7F8043187E00023C7F8003166E065
:10C50000D7F8042113465B001344DB001A46FB688E
:10C510001A44D7F80031DB001344D3E90001D7F8FF
:10C52000042113465B001344D7F800211344DB00B9
:10C5300003F584733B44503BC3E90001D7F8042161
:10C5400013465B001344DB001A4607F58473A3F51A
:10C5500080731B681A44D7F80031DB001344D3E919
:10C560000001D7F8042113465B001344D7F80021DB
:10C570001344DB0003F584733B44983BC3E900019B
:10C58000D7F8042113465B001344DB001A4607F575
:10C590008473A3F582731B681A44D7F80031DB005B
:10C5A0001344D3E90001D7F8042113465B00134478
:10C5B000D7F800211344DB0003F584733B44E03BD0
:10C5C000C3E90001D7F800310133C7F80031D7F8CB
:10C5D0000031022B94DDD7F80431DB0007F58472BB
:10C5E000A2F5847212681344D3E90023D7F804112A
:10C5F000C90001F584713944F839C1E90023D7F83D
:10C6000004310133C7F80431D7F80431022B7FF726
:10C6100073AFFB6893ED006B07F58473A3F580732C
:10C620001B6893ED007B26EE076BFB6893ED025BC6
:10C6300007F58473A3F580731B68183393ED007BB3
:10C6400025EE077B36EE076BFB6893ED045B07F581
:10C650008473A3F580731B68303393ED007B25EE64
:10C66000077B36EE076B07F58473A3F582731B68AF
:10C6700093ED007B26EE076BFB6893ED005B07F5FF
:10C680008473A3F580731B6893ED027B25EE075B33
:10C69000FB6893ED024B07F58473A3F580731B6869
:10C6A000183393ED027B24EE077B35EE075BFB68C6
:10C6B00093ED044B07F58473A3F580731B68303347
:10C6C00093ED027B24EE077B35EE075B07F5847361
:10C6D000A3F582731B68183393ED007B25EE077B6F
:10C6E00036EE076BFB6893ED005B07F58473A3F5EB
:10C6F00080731B6893ED047B25EE075BFB6893ED6D
:10C70000024B07F58473A3F580731B68183393ED10
:10C71000047B24EE077B35EE075BFB6893ED044B4F
:10C7200007F58473A3F580731B68303393ED047BA6
:10C7300024EE077B35EE075B07F58473A3F5827360
:10C740001B68303393ED007B25EE077B36EE076BDD
:10C7500007F58473A3F584731B6893ED007B26EEC5
:10C76000076BFB6893ED005B07F58473A3F580739B
:10C770001B6893ED007B25EE075BFB6893ED024B96
:10C7800007F58473A3F580731B68183393ED007B62
:10C7900024EE077B35EE075BFB6893ED044B07F552
:10C7A0008473A3F580731B68303393ED007B24EE14
:10C7B000077B35EE075B07F58473A3F582731B686F
:10C7C00093ED027B25EE075BFB6893ED004B07F5CD
:10C7D0008473A3F580731B6893ED027B24EE074BF3
:10C7E000FB6893ED023B07F58473A3F580731B6828
:10C7F000183393ED027B23EE077B34EE074BFB6887
:10C8000093ED043B07F58473A3F580731B68303305
:10C8100093ED027B23EE077B34EE074B07F5847321
:10C82000A3F582731B68183393ED027B24EE077B1C
:10C8300035EE075BFB6893ED004B07F58473A3F5BA
:10C8400080731B6893ED047B24EE074BFB6893ED2C
:10C85000023B07F58473A3F580731B68183393EDCF
:10C86000047B23EE077B34EE074BFB6893ED043B20
:10C8700007F58473A3F580731B68303393ED047B55
:10C8800023EE077B34EE074B07F58473A3F5827321
:10C890001B68303393ED027B24EE077B35EE075B9C
:10C8A00007F58473A3F584731B68083393ED007B4D
:10C8B00025EE077B36EE076BFB6893ED005B07F513
:10C8C0008473A3F580731B6893ED007B25EE075BF3
:10C8D000FB6893ED024B07F58473A3F580731B6827
:10C8E000183393ED007B24EE077B35EE075BFB6886
:10C8F00093ED044B07F58473A3F580731B68303305
:10C9000093ED007B24EE077B35EE075B07F5847320
:10C91000A3F582731B6893ED047B25EE075BFB6830
:10C9200093ED004B07F58473A3F580731B6893EDBB
:10C93000027B24EE074BFB6893ED023B07F5847303
:10C94000A3F580731B68183393ED027B23EE077BFE
:10C9500034EE074BFB6893ED043B07F58473A3F5B6
:10C9600080731B68303393ED027B23EE077B34EE3C
:10C97000074B07F58473A3F582731B68183393ED97
:10C98000047B24EE077B35EE075BFB6893ED004BE1
:10C9900007F58473A3F580731B6893ED047B24EE85
:10C9A000074BFB6893ED023B07F58473A3F5807397
:10C9B0001B68183393ED047B23EE077B34EE074BA3
:10C9C000FB6893ED043B07F58473A3F580731B6844
:10C9D000303393ED047B23EE077B34EE074B07F5F2
:10C9E0008473A3F582731B68303393ED047B24EECC
:10C9F000077B35EE075B07F58473A3F584731B682B
:10CA0000103393ED007B25EE077B36EE077BD7F8DE
:10CA1000103183ED007BFB68183393ED006B07F555
:10CA20008473A3F580731B6893ED007B26EE076B80
:10CA3000FB68183393ED025B07F58473A3F58073ED
:10CA40001B68183393ED007B25EE077B36EE076BF2
:10CA5000FB68183393ED045B07F58473A3F58073CB
:10CA60001B68303393ED007B25EE077B36EE076BBA
:10CA700007F58473A3F582731B6893ED007B26EEA4
:10CA8000076BFB68183393ED005B07F58473A3F520
:10CA900080731B6893ED027B25EE075BFB68183300
:10CAA00093ED024B07F58473A3F580731B6818336D
:10CAB00093ED027B24EE077B35EE075BFB681833B2
:10CAC00093ED044B07F58473A3F580731B68303333
:10CAD00093ED027B24EE077B35EE075B07F584734D
:10CAE000A3F582731B68183393ED007B25EE077B5B
:10CAF00036EE076BFB68183393ED005B07F5847324
:10CB0000A3F580731B6893ED047B25EE075BFB6840
:10CB1000183393ED024B07F58473A3F580731B68FC
:10CB2000183393ED047B24EE077B35EE075BFB683F
:10CB3000183393ED044B07F58473A3F580731B68DA
:10CB4000303393ED047B24EE077B35EE075B07F56E
:10CB50008473A3F582731B68303393ED007B25EE5D
:10CB6000077B36EE076B07F58473A3F584731B68A8
:10CB700093ED007B26EE076BFB68183393ED005BAB
:10CB800007F58473A3F580731B6893ED007B25EE96
:10CB9000075BFB68183393ED024B07F58473A3F52D
:10CBA00080731B68183393ED007B24EE077B35EE12
:10CBB000075BFB68183393ED044B07F58473A3F50B
:10CBC00080731B68303393ED007B24EE077B35EEDA
:10CBD000075B07F58473A3F582731B6893ED027BF3
:10CBE00025EE075BFB68183393ED004B07F5847364
:10CBF000A3F580731B6893ED027B24EE074BFB6863
:10CC0000183393ED023B07F58473A3F580731B681B
:10CC1000183393ED027B23EE077B34EE074BFB6862
:10CC2000183393ED043B07F58473A3F580731B68F9
:10CC3000303393ED027B23EE077B34EE074B07F591
:10CC40008473A3F582731B68183393ED027B24EE83
:10CC5000077B35EE075BFB68183393ED004B07F558
:10CC60008473A3F580731B6893ED047B24EE074B5C
:10CC7000FB68183393ED023B07F58473A3F58073CB
:10CC80001B68183393ED047B23EE077B34EE074BD0
:10CC9000FB68183393ED043B07F58473A3F58073A9
:10CCA0001B68303393ED047B23EE077B34EE074B98
:10CCB00007F58473A3F582731B68303393ED027B11
:10CCC00024EE077B35EE075B07F58473A3F58473C9
:10CCD0001B68083393ED007B25EE077B36EE076B70
:10CCE000FB68183393ED005B07F58473A3F580733D
:10CCF0001B6893ED007B25EE075BFB68183393ED13
:10CD0000024B07F58473A3F580731B68183393ED0A
:10CD1000007B24EE077B35EE075BFB68183393ED51
:10CD2000044B07F58473A3F580731B68303393EDD0
:10CD3000007B24EE077B35EE075B07F58473A3F5D4
:10CD400082731B6893ED047B25EE075BFB68183349
:10CD500093ED004B07F58473A3F580731B6893ED87
:10CD6000027B24EE074BFB68183393ED023B07F57B
:10CD70008473A3F580731B68183393ED027B23EE55
:10CD8000077B34EE074BFB68183393ED043B07F544
:10CD90008473A3F580731B68303393ED027B23EE1D
:10CDA000077B34EE074B07F58473A3F582731B688A
:10CDB000183393ED047B24EE077B35EE075BFB68AD
:10CDC000183393ED004B07F58473A3F580731B684C
:10CDD00093ED047B24EE074BFB68183393ED023B85
:10CDE00007F58473A3F580731B68183393ED047BF8
:10CDF00023EE077B34EE074BFB68183393ED043BBF
:10CE000007F58473A3F580731B68303393ED047BBF
:10CE100023EE077B34EE074B07F58473A3F582738B
:10CE20001B68303393ED047B24EE077B35EE075B04
:10CE300007F58473A3F584731B68103393ED007BAF
:10CE400025EE077BD7F81031083336EE077B83EDEC
:10CE5000007BFB68303393ED006B07F58473A3F51B
:10CE600080731B6893ED007B26EE076BFB68303305
:10CE700093ED025B07F58473A3F580731B68183389
:10CE800093ED007B25EE077B36EE076BFB683033B6
:10CE900093ED045B07F58473A3F580731B6830334F
:10CEA00093ED007B25EE077B36EE076B07F5847369
:10CEB000A3F582731B6893ED007B26EE076BFB687E
:10CEC000303393ED005B07F58473A3F580731B6823
:10CED00093ED027B25EE075BFB68303393ED024B4D
:10CEE00007F58473A3F580731B68183393ED027BF9
:10CEF00024EE077B35EE075BFB68303393ED044B84
:10CF000007F58473A3F580731B68303393ED027BC0
:10CF100024EE077B35EE075B07F58473A3F5827378
:10CF20001B68183393ED007B25EE077B36EE076B0D
:10CF3000FB68303393ED005B07F58473A3F58073D2
:10CF40001B6893ED047B25EE075BFB68303393EDA4
:10CF5000024B07F58473A3F580731B68183393EDB8
:10CF6000047B24EE077B35EE075BFB68303393EDE3
:10CF7000044B07F58473A3F580731B68303393ED7E
:10CF8000047B24EE077B35EE075B07F58473A3F57E
:10CF900082731B68303393ED007B25EE077B36EE02
:10CFA000076B07F58473A3F584731B6893ED007B0F
:10CFB00026EE076BFB68303393ED005B07F5847357
:10CFC000A3F580731B6893ED007B25EE075BFB6880
:10CFD000303393ED024B07F58473A3F580731B6820
:10CFE000183393ED007B24EE077B35EE075BFB687F
:10CFF000303393ED044B07F58473A3F580731B68FE
:10D00000303393ED007B24EE077B35EE075B07F5AD
:10D010008473A3F582731B6893ED027B25EE075B97
:10D02000FB68303393ED004B07F58473A3F58073F1
:10D030001B6893ED027B24EE074BFB68303393EDC6
:10D04000023B07F58473A3F580731B68183393EDD7
:10D05000027B23EE077B34EE074BFB68303393ED06
:10D06000043B07F58473A3F580731B68303393ED9D
:10D07000027B23EE077B34EE074B07F58473A3F5A1
:10D0800082731B68183393ED027B24EE077B35EE29
:10D09000075BFB68303393ED004B07F58473A3F512
:10D0A00080731B6893ED047B24EE074BFB683033E1
:10D0B00093ED023B07F58473A3F580731B68183367
:10D0C00093ED047B23EE077B34EE074BFB68303394
:10D0D00093ED043B07F58473A3F580731B6830332D
:10D0E00093ED047B23EE077B34EE074B07F5847347
:10D0F000A3F582731B68303393ED027B24EE077B2C
:10D1000035EE075B07F58473A3F584731B6808335A
:10D1100093ED007B25EE077B36EE076BFB68303323
:10D1200093ED005B07F58473A3F580731B6893EDA3
:10D13000007B25EE075BFB68303393ED024B07F570
:10D140008473A3F580731B68183393ED007B24EE82
:10D15000077B35EE075BFB68303393ED044B07F537
:10D160008473A3F580731B68303393ED007B24EE4A
:10D17000077B35EE075B07F58473A3F582731B68A5
:10D1800093ED047B25EE075BFB68303393ED004B9A
:10D1900007F58473A3F580731B6893ED027B24EE7F
:10D1A000074BFB68303393ED023B07F58473A3F51F
:10D1B00080731B68183393ED027B23EE077B34EEFC
:10D1C000074BFB68303393ED043B07F58473A3F5FD
:10D1D00080731B68303393ED027B23EE077B34EEC4
:10D1E000074B07F58473A3F582731B68183393ED1F
:10D1F000047B24EE077B35EE075BFB68303393ED51
:10D20000004B07F58473A3F580731B6893ED047BD3
:10D2100024EE074BFB68303393ED023B07F5847334
:10D22000A3F580731B68183393ED047B23EE077B13
:10D2300034EE074BFB68303393ED043B07F5847302
:10D24000A3F580731B68303393ED047B23EE077BDB
:10D2500034EE074B07F58473A3F582731B683033F4
:10D2600093ED047B24EE077B35EE075B07F58473B3
:10D27000A3F584731B68103393ED007B25EE077BC9
:10D28000D7F81031103336EE077B83ED007B00BFFB
:10D2900007F58677BD465DF8047B704780B500AF23
:10D2A00005F08AF900BF80BD98B500AFCA4B1B6876
:10D2B000002B0CD1C94B1B68184600F0B9FDC74BB9
:10D2C0001B681846FBF7D0FEC34B01221A60C34B04
:10D2D0001B68184600F084FEC04B1B681846FBF71D
:10D2E00067FFFEF7A5FBBE4BD3EDA37AB7EEE77A57
:10D2F000B0EE471B9FEDB20BFEF75EFAB74B1B6813
:10D3000093F8A030012B0ED1B54B93ED017AB44BBD
:10D31000D3ED007A77EE277AB14BC3ED017A01F0B5
:10D3200027F9FCF7D1F8AE4BD3ED317AAD4B1B6842
:10D33000B7EEE77A51EC170B9860D960A84BD3EDA4
:10D340001B7AA84B1B68B7EEE77A51EC170B1861F4
:10D350005961A34BD3ED127AA24B1B68B7EEE77A63
:10D3600051EC170B186059609D4BD3ED837A9D4BA0
:10D370001B68B7EEE77A51EC170B9861D961984BAF
:10D38000D3ED847A974B1B68B7EEE77A51EC170B15
:10D3900018625962924BD3ED857A924B1B68B7EEB7
:10D3A000E77A51EC170B9862D9628D4BD3ED867AF0
:10D3B0008C4B1B68B7EEE77A51EC170B1863596377
:10D3C000874BD3ED877A874B1B68B7EEE77A51EC32
:10D3D000170B9863D963824BD3ED887A814B1B6816
:10D3E000B7EEE77A51EC170B186459647C4BD3ED18
:10D3F000CF7A7C4B1B68B7EEE77A51EC170B6033A2
:10D40000023318605960784BD3F85C319AB2754B8F
:10D410001B68013292B2A3F84820724B1868724917
:10D42000D1F88C20D1F8903000F1500106390A6013
:10D430004B606C4B18686C49D1F89420D1F8983047
:10D4400000F1500102310A604B60664B1868664972
:10D45000CA6E0B6F00F1600106390A604B60604BC9
:10D46000D3ED987A5F4B1B68B7EEE77A51EC170B58
:10D470007033063B18605960594BD3ED5D7AB7EEB7
:10D48000E77A584B1B689FED506B27EE067B51ECFB
:10D49000170B7033023318605960514BD3ED267A65
:10D4A000504B1B68B7EEE77A51EC170B8033063B05
:10D4B000186059604A4BD3EDB47A4A4B1B68B7EEFB
:10D4C000E77A51EC170B8033023318605960454BF3
:10D4D00018684549D1F8B822D1F8BC3200F1900162
:10D4E00006390A604B603F4B18683F49D1F8B022BB
:10D4F000D1F8B43200F1900102310A604B60394B2F
:10D500001B68394A92F8C12283F89A20354B1B6870
:10D51000354A92F8C22283F89B203349D1F850262D
:10D52000D1F854362F490C689FED277B43EC162B1E
:10D5300026EE077B51EC170B04F1D003093B186072
:10D5400059602949D1F85826D1F85C3625490C682C
:10D550009FED1D7B43EC162B26EE077B51EC170B42
:10D5600004F1D003013B186059601F49D1F8A0268F
:10D57000D1F8A4361B490C689FED157B43EC162BA4
:10D5800026EE077B51EC170B04F1E003093B186012
:10D5900059601549D1F8B026D1F8B43611490C6854
:10D5A0009FED0B7B43EC162B26EE077B51EC170B04
:10D5B00004F1E003013B186018E000BFAFF3008006
:10D5C0007B14AE47E1FA45409A999999999923407D
:10D5D0006666666666A64C40A4AE05244419002023
:10D5E000B09F052448190020ACAE052459608A4B31
:10D5F00003F5BE63D3ED007A884B1B68B7EEE77A7C
:10D6000051EC170BF033093B18605960834B1968D4
:10D61000814B03F5C2631A680B46EF331A607F4BE8
:10D6200019687D4B03F214631A680B46F3331A60D2
:10D630007A4B1968784B03F5C3631A680B46F733C6
:10D640001A60764B1968744B03F234631A680B4600
:10D65000FB331A60714B19686F4B03F5C7631A6887
:10D660000B46FF331A606D4B18686B49D1F8A8223E
:10D67000D1F8AC3200F1B00109390A604B60674B58
:10D6800018686549D1F8BC21D1F8C03100F1B0016A
:10D6900001390A604B60604BD3ED077A5F4B1B6822
:10D6A000B7EEE77A51EC170BC033093B18605960AD
:10D6B0005B4BD3EDC97A594B1B68B7EEE77A51EC57
:10D6C000170BC033013B18605960544B1B68524A1A
:10D6D00092F8C82583F80321524B93F8AC204F4BA6
:10D6E0001B6852B283F804214E4B93F8AD204B4B8C
:10D6F0001B6852B283F805214A4B93F8AE20474B82
:10D700001B6852B283F80621464BD3ED2A7A434B6D
:10D710001B68B7EEE77A51EC170B03F58873093BEA
:10D72000186059603E4BD3ED967A3C4B1B68B7EEC0
:10D73000E77A51EC170B03F59873093B18605960B1
:10D74000374BD3ED957A354B1B68B7EEE77A51EC42
:10D75000170B03F59073013B186059602F4B1B6842
:10D760002D4A92F85B2283F89C202C4B1B682A4A96
:10D7700092F8C82283F89D20284B1B68264A92F80D
:10D78000C62283F89E20244BD3EDA47A234B1B683A
:10D79000B7EEE77A51EC170B03F59073093B18606D
:10D7A00059601E4B19681C4B03F5B8631A680B4689
:10D7B00003F233131A60194B1968174B03F2C45361
:10D7C0001A680B4603F237131A60144B1968144B8E
:10D7D000D3F850230B4603F23B131A600F4B196822
:10D7E0000F4B03F6BC431A680B4603F23F131A6053
:10D7F0000D4BD3ED007AB7EEE77A9FED056B37EE70
:10D80000067BF7EEC77B084BC3ED007A00BF98BDDF
:10D810007B14AE47E17A743FACAE05244819002072
:10D82000B09F0524C0B50524A8AE052484B090B4EB
:10D8300000AF07F1080484E80F0000BFBD4690BCAC
:10D8400004B0704790B585B000AF78603960764A13
:10D850003B68136041F26802002174480EF01FFB20
:10D860000023FB60D6E0FB682A2202FB03F37A6800
:10D8700013441A686D49FB68322000FB03F30B4424
:10D880001A60FB682A2202FB03F37A68D1184A68FF
:10D890008B686648F968322404FB01F101444A6050
:10D8A0008B60FB682A2202FB03F37A68D118CA68EE
:10D8B0000B695E48F968322404FB01F10144083128
:10D8C0004A608B60FB682A2202FB03F37A681344E8
:10D8D0005A695649FB68322000FB03F30B441033AE
:10D8E0005A60FB682A2202FB03F37A6813449A69A0
:10D8F0004E49FB68322000FB03F30B4418331A60D7
:10D90000FB682A2202FB03F37A681344DA69474969
:10D91000FB68322000FB03F30B4418335A60FB68AA
:10D920002A2202FB03F37A6813441A6A13461A4642
:10D930003E49FB68322000FB03F30B4420331A609E
:10D94000FB682A2202FB03F37A6813445A6A1346DF
:10D950001A463649FB68322000FB03F30B442033A0
:10D960005A60FB682A2202FB03F37A68134493F897
:10D9700028002E4AFB68322101FB03F313443033A5
:10D9800002461A70294AFB68322101FB03F3134453
:10D9900028334FF000021A60244AFB68322101FB51
:10D9A00003F3134428334FF000025A601F4AFB6808
:10D9B000322101FB03F3134418331B68032B09D0F6
:10D9C0001A4AFB68322101FB03F3134418331B6826
:10D9D000042B08D1154AFB68322101FB03F31344E1
:10D9E0002833134A5A60114AFB68322101FB03F3C2
:10D9F000134418331B68022B09D10C4AFB683221EF
:10DA000001FB03F3134428334FF000021A60FB6854
:10DA10000133FB60FA683B689A42FFF624AF00BF0F
:10DA200000BF1437BD4690BDFCC9052470B605245F
:10DA3000000048C290B587B000AFF860B9603B60A5
:10DA40001346FB80FA88BB6813443A689A4240F355
:10DA5000F880FA88BB681344322202FB03F37A4A47
:10DA600098183A68BB68D21AFB88D31A1A462A2338
:10DA700002FB03F31A4600210EF011FAFB887B61CA
:10DA8000D7E07B692A2202FB03F3FA6813441A6881
:10DA90006D497B69322000FB03F30B441A607B69FC
:10DAA0002A2202FB03F3FA68D1184A688B68664899
:10DAB0007969322404FB01F101444A608B607B697F
:10DAC0002A2202FB03F3FA68D118CA680B695E4880
:10DAD0007969322404FB01F1014408314A608B600A
:10DAE0007B692A2202FB03F3FA6813445A695649F8
:10DAF0007B69322000FB03F30B4410335A607B69CF
:10DB00002A2202FB03F3FA6813449A694E497B699F
:10DB1000322000FB03F30B4418331A607B692A227E
:10DB200002FB03F3FA681344DA6947497B69322040
:10DB300000FB03F30B4418335A607B692A2202FB73
:10DB400003F3FA6813441A6A13461A463E497B697E
:10DB5000322000FB03F30B4420331A607B692A2236
:10DB600002FB03F3FA6813445A6A13461A4636490D
:10DB70007B69322000FB03F30B4420335A607B693E
:10DB80002A2202FB03F3FA68134493F828002E4A72
:10DB90007B69322101FB03F31344303302461A70D0
:10DBA000294A7B69322101FB03F3134428334FF0E8
:10DBB00000021A60244A7B69322101FB03F31344FB
:10DBC00028334FF000025A601F4A7B69322101FB63
:10DBD00003F3134418331B68032B09D01A4A7B69DB
:10DBE000322101FB03F3134418331B68042B09D1C2
:10DBF000154A7B69322101FB03F3134428334FF0AC
:10DC000000025A60104A7B69322101FB03F313447E
:10DC100018331B68022B09D10B4A7B69322101FBA7
:10DC200003F3134428334FF000021A607B69013379
:10DC30007B61FA88BB6813447A699A42FFF621AF88
:10DC4000E3E0FB887B61D9E070B605247B692A227A
:10DC500002FB03F3FA6813441A6872497B693220A5
:10DC600000FB03F30B441A607B692A2202FB03F3D7
:10DC7000FA68D1184A688B686A487969322404FBCB
:10DC800001F101444A608B607B692A2202FB03F3A5
:10DC9000FA68D118CA680B6962487969322404FBB2
:10DCA00001F1014408314A608B607B692A2202FB42
:10DCB00003F3FA6813445A695A497B69322000FB1E
:10DCC00003F30B4410335A607B692A2202FB03F3EF
:10DCD000FA6813449A6953497B69322000FB03F3C5
:10DCE0000B4418331A607B692A2202FB03F3FA689B
:10DCF0001344DA694B497B69322000FB03F30B4480
:10DD000018335A607B692A2202FB03F3FA68134432
:10DD10001A6A13461A4643497B69322000FB03F313
:10DD20000B4420331A607B692A2202FB03F3FA6852
:10DD300013445A6A13461A463A497B69322000FB5B
:10DD400003F30B4420335A607B692A2202FB03F35E
:10DD5000FA68134493F82800324A7B69322101FBA8
:10DD600003F31344303302461A702E4A7B69322182
:10DD700001FB03F3134428334FF000021A60294AD1
:10DD80007B69322101FB03F3134428334FF0000277
:10DD90005A60244A7B69322101FB03F31344183390
:10DDA0001B68032B09D01F4A7B69322101FB03F357
:10DDB000134418331B68042B09D11A4A7B6932219A
:10DDC00001FB03F3134428334FF000025A60154A55
:10DDD0007B69322101FB03F3134418331B68022BC8
:10DDE00009D1104A7B69322101FB03F31344283324
:10DDF0004FF000021A607B6901337B61FA88BB68CF
:10DE000013447A699A42FFF621AFFB880133064A30
:10DE10001360064B1B68012283F8EA2000BF1C3701
:10DE2000BD4690BD70B60524FCC9052444190020E8
:10DE300080B582B000AF786040F2D46200216148C2
:10DE40000EF02DF83E2200215F480EF028F8B02297
:10DE500000215E480EF023F85A4B5D4A1A60594B78
:10DE60004FF07E52C3F85421564B002283F8C6224D
:10DE7000544B002283F84822524B002283F851224F
:10DE8000504B4FF00002C3F868224E4B514AC3F882
:10DE900080224C4B002283F852224A4B002283F806
:10DEA0009021484B002283F84A22464B002283F8F7
:10DEB0005622444B002283F85922424B0022C3F8D9
:10DEC0005C21404B002283F8C2223E4B002283F8A3
:10DED000C4223C4B002283F8C1223A4B002283F833
:10DEE0005F22384B002283F8C522364B4FF00002E8
:10DEF000C3F8F821334B4FF00002C3F8FC21314B3B
:10DF00004FF00002C3F800222E4B4FF00002C3F87E
:10DF100004222C4B4FF00002C3F8F421294B0022BD
:10DF200083F84C22274B4FF000021A62254B2A4AF5
:10DF3000C3F86422234B0022C3F8CC220022C3F88A
:10DF4000D022204B0022C3F8D4220022C3F8D822CA
:10DF50001C4B0022C3F8DC220022C3F8E022194B3C
:10DF60000022C3F8E4220022C3F8E822154B4FF048
:10DF70000002C3F8EC22134B002283F8C022174B97
:10DF800000221A6079680A694B6914491046486092
:10DF90008B6079688A69CB6910491046C8600B614B
:10DFA00079680A684B6843EC172BFDEEC77B17EEC8
:10DFB000902A0A4B5A61094B00229A6100BF083728
:10DFC000BD4680BDACAE052480B50524C0B5052492
:10DFD0000AD7A33B0000344300803B4670B60524BB
:10DFE00090B52DED028B83B000AF78607B6893F81D
:10DFF000A030012B57D1D44BD3ED017AB2EE047A85
:10E00000F4EEC77AF1EE10FA4DDD7968D1F8882088
:10E01000D1F88C30CC49D1ED267AB7EEE77A43ECD3
:10E02000162B36EE477BB0EEC77BB6EE006BB4EE38
:10E03000C67BF1EE10FA36D5C44B93F84A32002B6A
:10E0400031D179680A6A4B6A43EC172BB0EEC77B73
:10E05000B0EE086BB4EEC67BF1EE10FA23D579680A
:10E060008A6ACB6A43EC172BB0EEC77BB0EE086B25
:10E07000B4EEC67BF1EE10FA15D579680A6B4B6BDE
:10E0800043EC172BB0EEC77BB0EE086BB4EEC67B4B
:10E09000F1EE10FA07D5AD4B022283F84A22AB4BC2
:10E0A000012283F85B227B6893F8A030012B16D104
:10E0B000A54BD3ED017AB3EE0E7AF4EEC77AF1EE0A
:10E0C00010FA0CDDA14B93F84A32002B07D19F4B7D
:10E0D000022283F84A229D4B012283F85B22796851
:10E0E0008A6DCB6D9949104648608B6079680A6EDD
:10E0F0004B6E96491046C8600B6179688A6ECB6E8C
:10E1000043EC172BF7EEC77B904BC3ED057A79688C
:10E11000D1F88020D1F884307C68206F616F41ECA9
:10E12000110B43EC102B0AF0DBFBB0EE407B9FEDB4
:10E13000846B27EE067BB0EE470B04F0A9FDB0EE32
:10E14000407BF7EEC77B814BC3ED067A7968D1F847
:10E150008020D1F88430B0EE001B43EC102B0AF085
:10E1600027FFB0EE408B79680A6F4B6FB0EE001B53
:10E1700043EC102B0AF01CFFB0EE407B38EE078B0F
:10E1800079688A6FCB6FB0EE001B43EC102B0AF05E
:10E190000FFFB0EE407B38EE077BB0EE470B0AF086
:10E1A000CBFBB0EE407BF7EEC77B684BC3ED087A44
:10E1B0007968D1F88020D1F88430B0EE001B43ECB0
:10E1C000102B0AF0F5FEB0EE408B79680A6F4B6FAA
:10E1D000B0EE001B43EC102B0AF0EAFEB0EE407BE1
:10E1E00038EE077BB0EE470B0AF0A6FBB0EE407BA3
:10E1F000F7EEC77B554BC3ED097A544B93ED5E7A2E
:10E20000524BD3ED097AF1EE046A67EEA66A9FEDF0
:10E21000506AC6EE867A77EE277A4C4BC3ED5E7A6B
:10E220004A4B93ED5F7A494BD3ED087AF1EE046ADD
:10E2300067EEA66A9FED466AC6EE867A77EE277A83
:10E24000424BC3ED5F7A79680A6F4B6F43EC172B33
:10E25000F7EEC77B3D4BC3ED0C7A79688A6FCB6FC5
:10E2600043EC172BF7EEC77B384BC3ED0A7A79687E
:10E27000D1F88020D1F8843043EC172BF7EEC77B20
:10E28000324BC3ED0B7A314BD3ED0A6A2F4B93ED32
:10E29000097AC6EE877AB7EEE77AB0EE470B0AF056
:10E2A0006FFBB0EE407B9FED266B27EE067BF7EE13
:10E2B000C77B264BC3ED077A7968D1F88820D1F85F
:10E2C0008C3043EC172BF7EEC77B204BC3EDCB7A9A
:10E2D0007968D1F89020D1F8943043EC172BF7EE01
:10E2E000C77B1A4BC3EDCC7A7968D1F89820D1F866
:10E2F0009C3043EC172BF7EEC77B144BC3EDCD7A64
:10E300001149D1F8A421D1F8A8310F491046C1F81C
:10E31000AC01C1F8B03179688A6BCB6B0A49104601
:10E32000C1F8A401C1F8A831084BD3ED007AB7EECB
:10E33000E77AB0EE474B07490748B7EE003B0DE0E0
:10E34000B694631ADCA54C40B09F0524ACAE0524FE
:10E3500000007A4464A1052454A105249FED782B84
:10E36000B7EE001B9FED780BFDF7D9FF7A49D1F886
:10E37000B421D1F8B83178491046C1F8BC01C1F8D0
:10E38000C0317549D1F8B421D1F8B8319FED706B27
:10E3900043EC172B87EE067BF7EEC77B6F4BC3ED85
:10E3A000C67A6D49D1F8C421D1F8C8316A491046FE
:10E3B000C1F8CC01C1F8D03179680A6C4B6C664960
:10E3C0001046C1F8C401C1F8C831644BD3ED007ADE
:10E3D000B7EEE77AB0EE474B61496248B7EE003BD3
:10E3E0009FED572BB7EE001B9FED570BFDF797FFE7
:10E3F0005949D1F8D421D1F8D83157491046C1F83C
:10E40000DC01C1F8E0315449D1F8D421D1F8D83138
:10E410009FED4F6B43EC172B87EE067BF7EEC77B28
:10E420004E4BC3EDC77A4C49D1F8E421D1F8E8311D
:10E4300049491046C1F8EC01C1F8F03179688A6C9D
:10E44000CB6C45491046C1F8E401C1F8E831434BB3
:10E45000D3ED007AB7EEE77AB0EE474B4249434836
:10E46000B7EE003B9FED362BB7EE001B9FED360B52
:10E47000FDF755FF3849D1F8F421D1F8F831364984
:10E480001046C1F8FC01C1F800323349D1F8F4213B
:10E49000D1F8F8319FED2E6B43EC172B87EE067BFE
:10E4A000F7EEC77B2D4BC3EDC87A7B6893F8E92064
:10E4B0002A4B83F849267968D1F8D920D1F8DD3084
:10E4C00043EC172BF7EEC77B244B03F22463C3ED19
:10E4D000007A7968D1F8E120D1F8E53043EC172BC8
:10E4E000F7EEC77B1D4B03F5C463C3ED007A796873
:10E4F000D1F8C920D1F8CD3043EC172BF7EEC77B0C
:10E50000164B03F5C663C3ED007A7968D1F8D120C4
:10E51000D1F8D53043EC172BF7EEC77B0F4B03F246
:10E520002C63C3ED007A7B6893F8EA200B4B83F8E9
:10E53000542200BF0C37BD46BDEC028B90BD00BF1E
:10E540007B14AE47E17A943F000000000000000019
:10E550009A99999999992340B09F0524ACAE0524C6
:10E5600084A1052474A10524A4A1052494A1052453
:10E5700080B500AF03F0A8FA01F056FC00F04CF8AB
:10E5800000F040F900F048FD00F028F901F0FEFB32
:10E5900000BF80BD80B400AF1C4B93ED057A1B4BD0
:10E5A000D3ED9F7ADFED1A6A77EEE67AB4EEE77A7A
:10E5B000F1EE10FA08D5154B002283F8C322134B55
:10E5C000052283F8C1221BE0104B93ED057A0F4B17
:10E5D000D3ED9F7ADFED0F6A77EEA67AB4EEE77A95
:10E5E000F1EE10FA08DD094B002283F8C322074B35
:10E5F000072283F8C12203E0044B062283F8C122DC
:10E6000000BFBD465DF8047B704700BFACAE05247B
:10E610000000C8420000484380B500AF6C4B93ED4A
:10E62000367ADFED6C6AC6EE877AB7EEE77AB0EE3F
:10E63000470B0AF081F9B0EE407BF7EEC77B664BE3
:10E64000C3EDA47A644B93F8F032002B0AD1624BED
:10E6500093F8C132052B05D15F4BD3F8AC305E4A3D
:10E66000C2F880325C4B93F8F032002B15D15A4B34
:10E6700093F8C132072B10D1574B93ED2B7A564BA1
:10E68000D3EDA07AB4EEE77AF1EE10FA05D5524B4D
:10E69000D3F8AC30504AC2F880324F4B93F8F03286
:10E6A000052B15D14C4B93F8C132072B10D14A4B97
:10E6B00093ED2B7A484BD3EDA07AB4EEE77AF1EEE6
:10E6C00010FA05D5444BD3F8AC30434AC2F8803237
:10E6D000414B93F8F032002B0AD13F4B93F8C132F3
:10E6E000062B05D13C4BD3F8AC303B4AC2F8803204
:10E6F000394B93F8F032002B0AD1374B93F8C132E3
:10E70000002B05D1344BD3F8AC30334AC2F88032F9
:10E71000314B93F8F032072B0AD12F4B93F8C132CB
:10E72000002B05D12C4BD3F8AC302B4AC2F88032E9
:10E73000294B93F8F032072B0AD1274B93F8C132BB
:10E74000052B05D1244BD3F8AC30234AC2F88032D4
:10E75000214B93F8F032052B0AD11F4B93F8C132AD
:10E76000002B05D11C4BD3F8AC301B4AC2F88032C9
:10E77000194B93F8C122184B83F8F022164BDB6F2C
:10E78000052B23D1144B93F88C32012B1ED0124B46
:10E79000D3F8AC30104AC2F880320F4B93EDA07A18
:10E7A0000D4BD3EDA57AB4EEE77AF1EE10FA03DD66
:10E7B000094BD3F8803202E0074BD3F89432064A73
:10E7C000C2F88432044B012283F88C2200BF80BD42
:10E7D000B09F052480065346ACAE052480B400AF3C
:10E7E000074B93F8C132072B05D1054BD3F8703195
:10E7F000034AC2F8743100BFBD465DF8047B704720
:10E80000ACAE052480B400AF0C4B93F85432012B0E
:10E810000FD10A4B012283F85322084B002283F8C0
:10E820005422064B002283F84C22044B002283F82A
:10E83000512200BFBD465DF8047B7047ACAE052495
:10E8400080B483B000AF0346FB71054AFB7982F8C0
:10E85000FC3200BF0C37BD465DF8047B704700BF3B
:10E86000ACAE0524000000002DE9F04FADF5037DAE
:10E8700018AFC7F8BC000B4687F8BB30D7F8BC30E0
:10E88000C7F8A43197F8BB3087F8A331D7F8A43183
:10E89000022B21D1374BD3F88420364B03F2CC53D3
:10E8A0001A60344B092283F8C222324B002283F8CB
:10E8B000C422304B93F8B33007EE903AF8EE677A03
:10E8C0002C4B03F2D453C3ED007A2A4B03F5BA6301
:10E8D0004FF000021A6072E3D7F8A431032B03D083
:10E8E000D7F8A431042B47D1224B042283F84922C4
:10E8F0002049D1F88C20D1F890301E4901F5BC6137
:10E90000104641F8040C0B601A49D1F89420D1F854
:10E910009830184901F5BC61104648608B60154974
:10E92000CA6E0B6F43EC172BF7EEC77B114B03F24C
:10E93000EC53C3ED007A0F4B072283F8C2220D4B34
:10E94000002283F8C4220B4B0C2283F8C122094B0E
:10E95000002283F8C322074BD3ED227AF1EE677AC7
:10E96000044B03F5D963C3ED007A024B002283F810
:10E97000482624E3ACAE052497F8A3310A2B40F0D7
:10E98000CF81C94B052283F8492204220021C748C0
:10E990000DF085FAC44B93ED087AC34BD3ED087A9A
:10E9A00067EE277ADFEDC26A87EEA67ADFEDC16AED
:10E9B000C7EE267AB7EEE77A51EC170BBE4B203341
:10E9C000023318605960B849D1F88C20D1F89030E2
:10E9D000B94901310A604B60B349D1F89420D1F8AC
:10E9E0009830B549103107390A604B60AE49CA6E9C
:10E9F0000B6FB149103101310A604B60AA4BD3ED66
:10EA0000207AB7EEE77A51EC170BAB4B3033023379
:10EA100018605960A44BD3ED067A9FEDA87A77EE83
:10EA2000677AC7ED677AA449D1F83220D1F8363039
:10EA30009FED9B7B43EC162B37EE467BF7EEC77BB7
:10EA4000C7ED667A98494A688B68974CE0682169F7
:10EA5000994ED6F80140D6F80550974ED6F8098061
:10EA6000D6F80D90944ED6F822A0D6F826B04BECEE
:10EA700017ABF7EEC77B924E3E6007F10806B0EE8B
:10EA8000675AD7ED662A49EC148B45EC134B97ED8A
:10EA9000672A41EC110B43EC102B304605F014FCB7
:10EAA00007F5D473A3F5D07338681946B0231A4616
:10EAB0000EF02EF807F1C4033222002118460DF0A3
:10EAC000EEF907F1F8033222002118460DF0E7F9BC
:10EAD0007B490A6B4B6B1146C7F8C810C7F8CC309E
:10EAE00077490A6C4B6C1146C7F8D010C7F8D43080
:10EAF00073498A6BCB6B1146C7F8FC10C7F800311D
:10EB00006F498A6CCB6C1146C7F80411C7F80831FD
:10EB10006C4B169309AD07F1F8040FCC0FC50FCC61
:10EB20000FC50FCC0FC523682B806D4607F1D404A9
:10EB30000FCC0FC50FCC0FC523682B8007F1C40382
:10EB40000FCB04F0F9FB584BD3F85C310133322280
:10EB500002FB03F35C4A13441C4607F5967604F166
:10EB6000300C35462346186859689A68DB680FC52B
:10EB7000103410366445F4D1324623461B88138086
:10EB8000494BD3F85C310133322202FB03F34E4A86
:10EB900013441C4607F5B07604F1300C3546234685
:10EBA000186859689A68DB680FC5103410366445D8
:10EBB000F4D1324623461B881380444BC7F8943166
:10EBC0003D49D1F80120D1F805303B49D1F8094041
:10EBD000D1F80D503A49D1ED1F7AB7EEE77AD7ED6B
:10EBE000656AB7EEE66A3A493A48B0EE463BB0EE9F
:10EBF000472B45EC114B43EC102B05F0F5FA2E4951
:10EC0000D1F80120D1F805301146C7F83011C7F806
:10EC100034312949D1F80920D1F80D301146C7F80F
:10EC20003811C7F83C3126490A6D4B6D1146C7F8BB
:10EC30006411C7F8683122498A6DCB6D1146C7F857
:10EC40006C11C7F87031244B169309AD07F5B074F9
:10EC50000FCC0FC50FCC0FC50FCC0FC523682B8071
:10EC60006D4607F59E740FCC0FC50FCC0FC52368FA
:10EC70002B8007F596730FCB04F05EFB0A49CA6E32
:10EC80000B6F0949D1ED057AB7EEE77A43EC162B05
:10EC900036EE476B0A4BD3ED2A7A1FE0AFF30080C4
:10ECA0000000000000807640ACAE052400CA0524B8
:10ECB000CDCC1C413333333F80B505240000B44331
:10ECC000C0B5052460AF052470B6052400007A4461
:10ECD00018B6052410B60524B0AF0524B7EEE77AC0
:10ECE00086EE075BB0EE450B09F04AFEB0EE407BC6
:10ECF0009FEDB76B27EE067BF7EEC77BBE4BC3EDF0
:10ED00005B7ABE4BD3F8A830BB4AC2F89C32BA4BF0
:10ED1000082283F8C222B84B002283F8C42259E0AB
:10ED2000B54B022283F84922B34B93F89031002B64
:10ED300007D0B14B062283F8C222AF4B002283F8E2
:10ED4000C422AD4B5C689D68AB4BDA683A601B69C6
:10ED50007B60A94BD3ED067AB7EEE77AA84BA94AB8
:10ED6000A949B0EE472B97ED001B45EC104BA74887
:10ED700004F0CFFBA049CA6E0B6F9F49D1ED057A15
:10ED8000B7EEE77A43EC162B36EE477B9A49D1F87B
:10ED90009C20D1F8A03043EC162B87EE066BB0EE2A
:10EDA000460B09F0EDFDB0EE407B9FED896B27EE41
:10EDB000067BF7EEC77B904BC3ED5B7A8E49D1F8AB
:10EDC000B822D1F8BC3243EC172BF7EEC77B8A4B45
:10EDD000C3EDA77A884BD3F8A43007EE903AB8EE8B
:10EDE000E77A854BD3ED2A7A77EE677AFDEEE77AFC
:10EDF00017EE902A804BC3F8F0217F4BD3F87C327A
:10EE00007D4AC2F808327C49CA6E0B6F7A49D1ED4F
:10EE1000827AB7EEE77A43EC162BB4EEC76BF1EECD
:10EE200010FACCBF01230023DBB283F00103DBB275
:10EE3000DAB2714B83F85E226F4B93F8D835002B12
:10EE400041D16D4B93F85E32002B0CD06A49CA6EEB
:10EE50000B6F43EC172BF7EEC77B674BC3ED9F7A25
:10EE6000FFF798FB48E0644B93F85F32012B1DD10C
:10EE70006149CA6E0B6F6049D1ED997AB7EEE77AB6
:10EE800043EC162BB4EEC76BF1EE10FA07D55A49D6
:10EE9000CA6E0B6F43EC172BF7EEC77B02E0564BA5
:10EEA000D3ED997A544BC3ED9F7A09E05249CA6E6B
:10EEB0000B6F43EC172BF7EEC77B4F4BC3ED9F7ADD
:10EEC000FFF768FB18E04C4B93F8D835012B13D1B2
:10EED0004949CA6E0B6F9FED407B43EC162B36EE13
:10EEE000077BF7EEC77B444BC3ED9F7AFFF752FBDE
:10EEF000414B022283F8D825D7F8A431052B1ED028
:10EF0000D7F8A431092B59D13B4B012283F8C022F9
:10EF1000394B062283F8C122374BD3F80832364AE0
:10EF2000C2F87C323449D1F8B822D1F8BC3243EC73
:10EF3000172BF7EEC77B304BC3EDBD7A3FE02E4B6E
:10EF4000D3ED9F7AB7EEE76A9FED255B86EE057BF2
:10EF5000B7EE006B36EE477B9FED231BB0EE470B01
:10EF60000AF026F8B0EE407B9FED216B27EE067B82
:10EF7000F7EEC77B204BC3EDA67A1F4B93EDA67A25
:10EF8000DFED236AC6EE877AB7EEE77AB0EE470B7D
:10EF900009F0D2FCB0EE407BF7EEC77B164BC3ED19
:10EFA000A57A154BD3F88032134AC2F88832124B37
:10EFB000D3F89C32104AC2F8F83200E000BF00BF1C
:10EFC00007F5D677BD46BDE8F08F00BFAFF30080F0
:10EFD000B694631ADCA54C400000000000006940B4
:10EFE0009A99999989A5E540832F4CA60A06114064
:10EFF000000000A09999F33FACAE0524C0B50524EC
:10F0000054B1052464B105245CB1052410AF052476
:10F01000000A1B46000000002DE9F0432DED048B93
:10F02000D1B02EAFB24B93F84A32032B40F0978603
:10F03000AF4B93ED2A7AAE4BD3ED007A77EE277A79
:10F04000AB4BC3ED2A7AAA4B93ED087AA84BD3EDCC
:10F05000087A27EE277AA64BD3ED0A6AA44BD3EDA4
:10F060000A7A66EEA77A77EE677AB7EEE77AB0EEBD
:10F07000470B09F061FCB0EE407BF7EEC77B9C4B81
:10F08000C3ED7D7A9A4B5C689D68994BDA68BA61EA
:10F090001B69FB61964BD3ED067AB7EEE77A954B89
:10F0A000954A9649B0EE472B97ED061B45EC104B61
:10F0B000934804F02EFA8E4BD3ED057A9FED917AAA
:10F0C000F4EEC77AF1EE10FA14DD894B93ED087A6D
:10F0D000874BD3ED087A67EE277ADFED8B6A87EEF0
:10F0E000A67ADFED8A6AC7EE267AB7EEE77A87ED71
:10F0F0001E7B13E07E4B93ED087A7D4BD3ED087AAF
:10F1000067EE277ADFED806A87EEA67ADFED806A08
:10F11000C7EE267AB7EEE77A87ED1E7B744BD3ED08
:10F12000557AB7EEE77A97ED1E6B26EE077B87EDF3
:10F130001C7B6F49D1F8B822D1F8BC326C49D1EDB3
:10F140007D7AB7EEE77A6A4CD4F8A802D4F8AC120C
:10F1500041EC120BB0EE471B43EC102B04F084FE85
:10F160000346634AC2F8E831614BD3F8A43007EE96
:10F17000903AB8EEE77A5E4BD3ED2A7A77EE677A6B
:10F18000FDEEE77A17EE902A594BC3F8EC21584B65
:10F1900093F8C232053B042B00F2C68201A252F85A
:10F1A00023F000BFB9F1060825F206087DF606082F
:10F1B00023F4060821F306084D4BD3ED087AB7EE89
:10F1C000E77A4B49D1F8B022D1F8B432484CD4F8A0
:10F1D000A802D4F8AC1241EC120B43EC112BB0EEA8
:10F1E000470B01F021FD97ED1E7BF7EEC77B404BEF
:10F1F000C3EDC57A3E49D1F8B822D1F8BC3297EDBB
:10F200001C7B9FED396B37EE067B43EC162BB4EE7F
:10F21000C76BF1EE10FA00D489E2354B012283F876
:10F22000532284E2324BD3F88041D3F88451304BDF
:10F23000D3F88821BA61D3F88C31FB612C4BD3ED24
:10F24000C57AB7EEE72A2A4BD3F894213A61D3F86E
:10F2500098317B61264BD3ED567AB7EEE74A244BC3
:10F260005A68BA609B68FB60214BDA683A601B6998
:10F270007B601F4BD3ED067AB7EEE77A254A264925
:10F28000264897ED006B97ED025B97ED043B97EDF9
:10F29000061B45EC104B04F0E7FC154BD3ED087A48
:10F2A000B7EEE77A1249D1F8C421D1F8C831104C31
:10F2B000D4F8BC01D4F8C0110D4ED6F8D041D6F820
:10F2C000D4510B4ED6EDC56AB7EEE66AB0EE464BAA
:10F2D00045EC134B41EC120B43EC112BB0EE470BFA
:10F2E00001F08EFB23E200BF000000000000594047
:10F2F000ACAE052454B1052464B105245CB10524E9
:10F3000010AF052400004843CDCC1C413333333FBC
:10F310008D97EE3E7CB0052470B0052468B00524BE
:10F32000C54B93ED000BC54B93ED001BC44B03F293
:10F33000CC53D3ED007AB7EEE72AC14B5C689D68E9
:10F34000BF4BDA68BA611B69FB61BD4BD3ED067A2E
:10F35000B7EEE77ABB4ABC49BC4897ED066B45EC73
:10F36000154B9FEDB14B9FEDB03B04F07DFCB44BD2
:10F37000D3ED087AB7EEE77AB149D1F8BC21D1F8DC
:10F38000C031AF4CD4F8D001D4F8D411AC4C04F255
:10F39000CC54D4ED006AB7EEE66AB0EE463B41ECE1
:10F3A000120B43EC112BB0EE470B01F07DFDA44B8B
:10F3B00003F5BA6393ED007AA14BD3ED7D6AA04BC0
:10F3C000D3ED007A66EEA77A77EE277A9C4B03F5A9
:10F3D000BA63C3ED007A9A4B03F5BA63D3ED007AB2
:10F3E000B7EEE76A964B03F2CC53D3ED007AB7EE53
:10F3F000E77A9FED8F5B27EE055B914B03F2D453C9
:10F40000D3ED007AB7EEE77A25EE077BB4EEC76B53
:10F41000F1EE10FA00DC8AE1894B012283F85322D5
:10F4200085E1874B5C689D68854BDA68BA611B692A
:10F43000FB61834BD3ED067AB7EEE78A844BD3F8B2
:10F440002280D3F826907E4BD3ED7D7AB7EEE79AF3
:10F45000804E814B2D93814B2C93814B2B93814B71
:10F460002A93684606F10803A82219460DF050FBBE
:10F4700096E80C00B0EE494B49EC138BB0EE482BEC
:10F4800097ED061B45EC104B7749784804F05AFD80
:10F490006B4B93F8C835013B032B00F2C08001A2EF
:10F4A00052F823F0B5F40608F3F406087DF50608D3
:10F4B000BBF50608624BD3ED087AB7EEE77A6049F0
:10F4C000D1F8B022D1F8B4325D4CD4F8A802D4F807
:10F4D000AC125F4ED6F82240D6F8265045EC134BBE
:10F4E00041EC120B43EC112BB0EE470B01F0DCFCAE
:10F4F00096E05F495F480DF0A8FA0346002B06D05E
:10F500005D495C480DF0A1FA0346002B1ED14C4B1F
:10F51000D3ED087AB7EEE77A4949D1F8B022D1F8AD
:10F52000B432474CD4F8A802D4F8AC12484ED6F8FE
:10F530002240D6F8265045EC134B41EC120B43EC1D
:10F54000112BB0EE470B01F0AFFC69E03C4BD3ED63
:10F55000087AB7EEE77A3A49D1F8B022D1F8B43256
:10F56000374CD4F8A802D4F8AC1241EC120B43EC9F
:10F57000112BB0EE470B01F057FB51E0304BD3EDB0
:10F58000087AB7EEE77A2E49D1F8B022D1F8B43232
:10F590002B4CD4F8A802D4F8AC122D4ED6F8224049
:10F5A000D6F8265045EC134B41EC120B43EC112BD3
:10F5B000B0EE470B01F078FC32E0214BD3ED087A36
:10F5C000B7EEE77A1E49D1F8B022D1F8B4321C4C1C
:10F5D000D4F8A802D4F8AC1241EC120B43EC112B76
:10F5E000B0EE470B01F020FB154B93F8B230012B26
:10F5F00010D1134B0222DA67114BDB6F104A92F8DD
:10F60000B12011461846FFF72FF90D4B002283F861
:10F61000B22005E00A4B012283F8532200E000BF2C
:10F6200085E000BFAFF30080000000000000000094
:10F630004AD8124DFB211940B8CA0524C0CA052476
:10F64000ACAE05247CB0052470B0052468B0052458
:10F6500080B50524C0B5052474B4052454B105242F
:10F6600064B105245CB10524B0AF052460AF052466
:10F67000840B08086CB60524880B080800F058FDB8
:10F68000BF4801F019FDBF4B03F23C631B68BD4A44
:10F69000C2F86832BB4B03F5C863D3ED007AB7EE0E
:10F6A000E77A87ED067BB74B03F5CA63BA691A6040
:10F6B000FA695A60B34B03F24463D3ED007AB7EEB4
:10F6C000E77A87ED067BAF4B03F5CC63BA6943F865
:10F6D000082CFA6943F8042CAA4BDB6F042B25D1C4
:10F6E000A84BD3ED057AB7EEE77AA649CA6E0B6F41
:10F6F00043EC162B37EE467BB5EEC07BF1EE10FAED
:10F7000000D413E09F4B052283F8C2229D4B0122B7
:10F7100083F8D8259B4B03F5CC63002243F8082CD3
:10F72000002243F8042C01E000BF00E000BF95492F
:10F73000CA6E0B6F9349D1ED057AB7EEE77A43ECC9
:10F74000162B36EE477B8F49D1F8B822D1F8BC3260
:10F7500043EC162B87EE066BB0EE460B09F010F962
:10F76000B0EE407B9FED806B27EE067BF7EEC77B0C
:10F77000844BC3ED5C7A834BDB6F092B46D1814B05
:10F7800093F8C032012B41D17E4BD3ED827AB7EE94
:10F79000E76A7C4BD3EDBD7AB7EEE77A7949D1F8C9
:10F7A000B822D1F8BC3243EC152B37EE455BB3EEF3
:10F7B000014B85EE047B36EE477BF7EEC77B714B42
:10F7C000C3ED9F7A6F4BD3ED057AB7EEE77A6D49BB
:10F7D000CA6E0B6F43EC162B37EE467BB3EE046B11
:10F7E000B4EEC67BF1EE10FA10D5664B93F84D32AD
:10F7F000002B0BD1634B082283F8C122614B0122FD
:10F8000083F8C6225F4B012283F84D225D4BDB6FEC
:10F81000052B40F016815B4BD3EDA27AB7EEE76A79
:10F82000584BD3EDBE7AB7EEE77A5649D1F8B822F5
:10F83000D1F8BC3243EC152B37EE455B514B93EDC1
:10F84000A17A504BD3EDA27A77EE677AB7EEE77ADA
:10F8500025EE074B4B4BD3EDBE7AB7EEE75A84EE5D
:10F86000057B36EE077BF7EEC77B464BC3EDA07AF0
:10F87000444B93EDA27A434BD3EDA17AB4EEE77AF1
:10F88000F1EE10FA1EDD3F4BD3EDA17AB7EEE77A29
:10F890003C4BD3EDA26AB7EEE66A3A4BD3EDA05AE1
:10F8A000B7EEE55AB0EE452BB0EE461BB0EE470B77
:10F8B000FCF702FDB0EE407BF7EEC77B314BC3EDAA
:10F8C000A07A1DE02F4BD3EDA27AB7EEE77A2D4B4D
:10F8D000D3EDA16AB7EEE66A2A4BD3EDA05AB7EE94
:10F8E000E55AB0EE452BB0EE461BB0EE470BFCF7E9
:10F8F000E3FCB0EE407BF7EEC77B224BC3EDA07A72
:10F900002049D1F8B822D1F8BC329FED197B43ECE5
:10F91000162BB4EEC76BF1EE10FA00F29280194B81
:10F92000012283F8C6221749D1F8B822D1F8BC3297
:10F930009FED117B43EC162BB4EEC76BF1EE10FA82
:10F9400047DB104B93ED087A0E4BD3EDA57AB4EE5E
:10F95000E77AF1EE10FA17D80A4B012283F8C82291
:10F960006FE000BFAFF30080B694631ADCA54C4093
:10F970000000000000C082400000000000C082C003
:10F98000E8B40524ACAE0524B74B93ED087AB64B2A
:10F99000D3EDA57AF0EE086A77EEA67AB4EEE77AB0
:10F9A000F1EE10FA4DD8B04B93ED057AAE4BD3ED96
:10F9B0009F7A77EE677AF0EEE77AB3EE0E7AF4EE9E
:10F9C000C77AF1EE10FA3CD5A74B012283F8C82282
:10F9D00037E0A54B93ED087AA34BD3EDA57AF0EE73
:10F9E000086A77EEA67AB4EEE77AF1EE10FA03D859
:10F9F0009D4B012283F8C8229B4B93ED057A9A4BCD
:10FA0000D3ED9F7A77EE677A9FED987AF4EEC77A16
:10FA1000F1EE10FA03D5944B012283F8C8229249E3
:10FA2000D1F8B822D1F8BC329FED897B43EC162B7C
:10FA3000B4EEC76BF1EE10FA03D58B4B012283F8BD
:10FA4000C822894B93F8D835022B1ED1864B93F8E8
:10FA5000C132002B09D0844BD3ED0A7AB2EE047A7E
:10FA6000F4EEC77AF1EE10FA0FDD7F49CA6E0B6F24
:10FA700043EC172BF7EEC77B7B4BC3ED9F7AFEF76A
:10FA800089FD794B002283F8D825774B93F84C32C7
:10FA9000002B40F0FB80744B93F85132002B40F068
:10FAA000F580714B93F85332012B40F0EF806E4B91
:10FAB000002283F853226C4BD3ED567AF0EEE77AAE
:10FAC000B0EE047AF4EEC77AF1EE10FA29DB664B59
:10FAD000D3F88C40D3F89050634BD3F89420BA619C
:10FAE000D3F89830FB61604BD3ED567AB7EEE77AE6
:10FAF0005D4B5A6E3A619B6E7B615D4A5D495E4823
:10FB000097ED1C4B97ED043BB0EE472B97ED061B92
:10FB100045EC104B03F0FCFD0346DAB2524B83F880
:10FB20009021514BD3F85C3101334F4AC2F85C311C
:10FB30004D4B002283F852224B4BD3F85C314F4996
:10FB4000184603F0B5FA0346002B00F09B80464BA5
:10FB5000DB6F454A92F8B12011461846FEF784FE45
:10FB6000414B93F8B0301846FEF76AFE3E4BD3F88F
:10FB70005C31013307F120021146184603F098FA70
:10FB80000346002B58D097ED087B37494A6E8B6EA1
:10FB900043EC162B37EE467BB0EE470B03F0C0F874
:10FBA00087ED200B97ED207BF7EEC77B2E4BC3ED47
:10FBB000677A97ED207BB5EEC07BF1EE10FA05D5A4
:10FBC00097ED207BB1EE477B87ED207B97ED207B87
:10FBD0009FED216BB4EEC67BF1EE10FA27D597EDC1
:10FBE000206B9FED1F5B86EE057BB6EE006B27EE6C
:10FBF000067BB0EE470B09F00FF8B0EE408B97EDA7
:10FC0000206B9FED175B86EE057BB6EE006B27EE53
:10FC1000067BB0EE470B08F0B7FFB0EE406B88EE06
:10FC2000067BF7EEC77B104BC3ED557A2EE00E4BEB
:10FC3000134AC3F8542129E00B4B4FF00002C3F8DC
:10FC40005421094B012283F851221FE0AFF30080B9
:10FC500000000000000099C00000000000C06240E9
:10FC6000B694631ADCA54C40ACAE0524000048C233
:10FC700040B0052434B005242CB0052410AF052471
:10FC800052B86E403C4B012283F84C223A4B93F819
:10FC90004932022B63D138494A6E8B6E3649D1ED19
:10FCA000067AB7EEE77A43EC162B36EE477BB0EEDA
:10FCB000470B03F035F887ED200B97ED207BB0EE76
:10FCC000C77BB1EE046BB4EEC67BF1EE10FA10D434
:10FCD0002949D1F8B022D1F8B43243EC172BB0EE59
:10FCE000C77B9FED236BB4EEC67BF1EE10FA00D418
:10FCF00035E0214B002283F890211F4BD3ED677A2A
:10FD0000B6EE007A67EE877A1B4BC3ED567A1A4B34
:10FD1000012283F85222184B032283F84922164B02
:10FD200093F84832032B03D1134B032283F8492263
:10FD3000114B93F84832022B03D10F4B022283F868
:10FD400049220D4B052283F8C2220C4B0C4A0D4967
:10FD50000D4801F08FFE084B002283F8C42200BF3B
:10FD60008C37BD46BDEC048BBDE8F083AFF300805B
:10FD70000000000000004940ACAE052490B105240D
:10FD800080B1052488B1052478B1052480B500AF81
:10FD9000214B93F85632022B37D11F4BD3ED057A06
:10FDA0009FED1E7AF4EEC77AF1EE10FA10DD1A4BD1
:10FDB000D3ED0A7AB1EE047AF4EEC77AF1EE10FAD6
:10FDC00006D5154BD3F860320133134AC2F86032BE
:10FDD000114BD3F86032B3F5967F1ADB0E4B01223C
:10FDE00083F85F220C4BD3ED057A9FED0D7A77EE09
:10FDF000C77A094BC3ED9F7A074BD3F87C32064A8A
:10FE0000C2F86432FEF7C6FB03E0034B0022C3F8DE
:10FE1000602200BF80BD00BFACAE052400401C4680
:10FE20000000FA4300000000B0B52DED028B98B041
:10FE300000AFB74B93F84A32022B40F0F780B44B37
:10FE400093F85932002B03D0012B00F0888051E148
:10FE5000AF4BD3F85C31AF49184603F029F903469C
:10FE6000002B73D0AC4B5B68A94AC2F8A830A84BF2
:10FE7000D3F85C31013307F108021146184603F04C
:10FE800017F90346002B5CD097ED027BA0494A6E20
:10FE90008B6E43EC162B37EE467BB0EE470B02F031
:10FEA0003FFF87ED160B97ED167BB6EE006B27EE46
:10FEB000067BF7EEC77B964BC3ED567A97ED167B24
:10FEC000B5EEC07BF1EE10FA05D597ED167BB1EEDD
:10FED000477B87ED167B97ED167B9FED896BB4EE24
:10FEE000C67BF1EE10FA27D597ED166B9FED865B7A
:10FEF00086EE057BB6EE006B27EE067BB0EE470B79
:10FF000008F08AFEB0EE408B97ED166B9FED7E5B9E
:10FF100086EE057BB6EE006B27EE067BB0EE470B58
:10FF200008F032FEB0EE406B88EE067BF7EEC77B42
:10FF3000774BC3ED557A09E0754B784AC3F85421E5
:10FF400004E0734B4FF00002C3F85421704B93F858
:10FF500059320133DAB26E4B83F85922CAE06C4B46
:10FF6000032283F849226A4B5C689D68684BDA6813
:10FF70003A601B697B60664BD3ED067AB7EEE77A91
:10FF8000674B684A6849B0EE472B97ED001B45EC7C
:10FF9000104B604803F0BDFA5D4B93F84832032BD9
:10FFA00003D15B4B032283F84922594B93F8483223
:10FFB000022B03D1564B022283F84922544B0522CF
:10FFC00083F8C222524B002283F8C422504B0322F2
:10FFD00083F84A224E4B93F84932032B40F0878036
:10FFE0004B49CA6E0B6F43EC172BF7EEC77B484BA0
:10FFF000C3ED9F7A464BD3F8A43007EE903AB8EEA3
:020000040807EB
:10000000E77A434BD3ED2A7A77EE677AFDEEE77A0B
:1000100017EE902A3E4BC3F8EC213D4BD3F8AC30A1
:100020003B4AC2F88032FEF7B5FA60E0384B93F8ED
:100030004A32002B56D1364B93F80833002B02D0AE
:10004000012B13D056E0324BD3F85C3131491846BE
:1000500003F02EF80346002B4BD02D4B93F80833BA
:100060000133DAB22A4B83F8082342E0284B5C685C
:100070009D68274BDA683A601B697B60244BD3ED9F
:10008000067AB7EEE77A264B264A2749B0EE472B89
:1000900097ED001B45EC104B1E4803F03AFA1E4B3F
:1000A000D3ED017AB2EE047AF4EEC77AF1EE10FAEB
:1000B00000DC1FE0164BD3ED087AB7EEE77A14495F
:1000C000D1F8B022D1F8B432114CD4F8A802D4F847
:1000D000AC1241EC120B43EC112BB0EE470B00F0CD
:1000E000A3FD07E00A4B002283F8592202E000BF7B
:1000F00000E000BF00BF6037BD46BDEC028BB0BD65
:100100000000000000C06240B694631ADCA54C40B9
:10011000ACAE052410AF0524B09F052452B86E4044
:1001200054B1052464B105245CB10524000000002D
:1001300080B52DED028B9CB000AF07F1400300228B
:100140001A605A609A60DA601A615A6107F12803EE
:1001500000221A605A609A60DA601A615A614FF0A0
:100160000003FB664FF00003BB664FF000037B66A5
:100170004FF000033B664FF00003FB654FF00003B8
:10018000BB653B1D2422002118460BF088FEE04988
:10019000D1F8E425D1F8E8359FEDD97B43EC162B57
:1001A00086EE076BDA49CA680B699FEDD55B43ECB5
:1001B000172B87EE057B36EE477B9FEDD36B27EE43
:1001C000067BF7EEC77BD24B03F5C263C3ED007A23
:1001D000CF4B03F2EC5393ED007ACD4BD3ED057A80
:1001E00077EE677ACA4B03F21463C3ED007AC8490D
:1001F000CA680B699FEDC26B43EC172B87EE067B39
:10020000B0EE470B08F0C0FCB0EE407B9FEDBE6B3C
:1002100027EE066BBE49D1F8DC25D1F8E0359FED1D
:10022000B87B43EC152B85EE075BB9494A688B68B0
:100230009FEDB34B43EC172B87EE047B35EE477BEA
:1002400026EE077BF7EEC77BB14B03F5C363C3ED27
:10025000007AAF4B03F5C26393ED007AAC4B03F524
:10026000C263D3ED007A27EE277AA94B03F2146319
:10027000D3ED006AA64B03F21463D3ED007A66EE69
:10028000A77A37EE277AA24B03F5C363D3ED006A52
:100290009F4B03F5C363D3ED007A66EEA77A77EE42
:1002A000277AB7EEE77AB0EE470B08F045FBB0EEE1
:1002B000407BF7EEC77B964B03F5BE63C3ED007A38
:1002C000934B03F5BE63D3ED007A9FED927AF4EE83
:1002D000C77AF1EE10FA04D58D4B03F5BE638E4A52
:1002E0001A608B4B03F21463D3ED007AB7EEE78A02
:1002F000874B03F5C26393ED007A854B03F5C26328
:10030000D3ED007A27EE277A814B03F5C363D3ED53
:10031000006A7F4B03F5C363D3ED007A66EEA77ADC
:1003200077EE277AB7EEE77AB0EE470B08F004FBDA
:10033000B0EE407BB0EE471BB0EE480B08F0D0FAB1
:10034000B0EE407B9FED6E6B27EE067BF7EEC77B32
:100350006F4B03F2CC63C3ED007A6D4B03F5C363BF
:10036000D3ED007AB7EEE77A694B03F5C263D3EDBC
:10037000006AB7EEE66AB0EE461BB0EE470B08F037
:10038000AFFAB0EE407BB1EE477B9FED5D6B27EEA1
:10039000067BF7EEC77B5E4B03F5DA63C3ED007AAD
:1003A0005E4B1B78002B39D1594B03F5C26393ED9B
:1003B000007A574B03F5C263D3ED007A27EE277A14
:1003C000534B03F21463D3ED006A514B03F21463F1
:1003D000D3ED007A66EEA77A37EE277A4C4B03F519
:1003E000C363D3ED006A4A4B03F5C363D3ED007AD0
:1003F00066EEA77A77EE277AB7EEE77AB0EE470B8C
:1004000008F09AFAB0EE407BF7EEC77B404B03F260
:10041000F453C3ED007A414B01221A703C4B03F5B3
:10042000C263D3ED006A3A4B03F5BE6393ED007AE5
:10043000C6EE877AB7EEE77A87ED107B344B03F28E
:100440001463D3ED006A324B03F5BE6393ED007A7B
:10045000C6EE877AB7EEE77A87ED127B2C4B03F571
:10046000C363D3ED006A2A4B03F5BE6393ED007AB4
:10047000C6EE877AB7EEE77A87ED147B244BD3ED8F
:10048000CD7AB7EEE77A9FED1E5B87EE056BB0EE97
:10049000460B08F0C1FBB0EE407BF7EEC77BC7ED23
:1004A0001B7A1B4BD3EDCD7AB7EEE77A9FED145B49
:1004B00087EE056BB0EE460B08F066FBB0EE407BB6
:1004C000F7EEC77BC7ED1A7A114BD3EDCC7AB7EEB6
:1004D000E77A9FED0B5B87EE056BB0EE460B08F0FD
:1004E0009BFBB0EE407BF7EEC77BC7ED197A084B5C
:1004F000D3EDCC7AB7EEE77A12E000BFAFF300801D
:10050000B694631ADCA54C4000000000AE4D584183
:10051000ACAE05240000C8420000C842F8C905245A
:100520009FEDF35B87EE056BB0EE460B08F02CFBFE
:10053000B0EE407BF7EEC77BC7ED187AF04BD3EDFA
:10054000CB7AB7EEE77A9FEDEA5B87EE056BB0EE0C
:10055000460B08F061FBB0EE407BF7EEC77BC7EDC2
:10056000177AE74BD3EDCB7AB7EEE77A9FEDE05BF6
:1005700087EE056BB0EE460B08F006FBB0EE407B55
:10058000F7EEC77BC7ED167A97ED187AD7ED167A96
:1005900067EE277AC7ED017AFB6DBB60D7ED167A5F
:1005A000B1EE677AD7ED197A67EE277AC7ED037A4D
:1005B000D7ED187AB1EE677AD7ED177A27EE277A5A
:1005C000D7ED1A7A27EE277AD7ED196AD7ED1B7A7D
:1005D00066EEA77A77EE277AC7ED047A97ED167A5A
:1005E000D7ED1A7A67EE277AC7ED057A97ED197A73
:1005F000D7ED177A27EE277AD7ED1A7A27EE277AE2
:10060000D7ED186AD7ED1B7A66EEA77A77EE277AD0
:10061000C7ED067A97ED187AD7ED177A27EE277A85
:10062000D7ED1B7A27EE277AD7ED196AD7ED1A7A1C
:1006300066EEA77A77EE277AC7ED077AD7ED167AB6
:10064000B1EE677AD7ED1B7A67EE277AC7ED087AA5
:10065000D7ED197AB1EE677AD7ED177A27EE277AB8
:10066000D7ED1B7A27EE277AD7ED186AD7ED1A7ADD
:1006700066EEA77A77EE277AC7ED097AD7ED017A89
:10068000B7EEE76A97ED107B26EE076BD7ED027A9F
:10069000B7EEE75A97ED127B25EE077B36EE076B38
:1006A000D7ED037AB7EEE75A97ED147B25EE077B7B
:1006B00036EE077B87ED0A7BD7ED047AB7EEE76A63
:1006C00097ED107B26EE076BD7ED057AB7EEE75A6C
:1006D00097ED127B25EE077B36EE076BD7ED067A9A
:1006E000B7EEE75A97ED147B25EE077B36EE077BD6
:1006F00087ED0C7BD7ED077AB7EEE76A97ED107BB5
:1007000026EE076BD7ED087AB7EEE75A97ED127B26
:1007100025EE077B36EE076BD7ED097AB7EEE75A81
:1007200097ED147B25EE077B36EE077B87ED0E7B7E
:1007300097ED0C7B97ED0A6BB0EE461BB0EE470BC6
:1007400008F0CEF8B0EE407B9FED696B27EE067B9C
:10075000F7EEC77B6A4B03F23463C3ED007A97ED83
:100760000E8B97ED0A6B97ED0A7B26EE076B97EDE4
:100770000C5B97ED0C7B25EE077B36EE077BB0EE2E
:10078000470B08F0D9F8B0EE407BB0EE471BB0EE57
:10079000480B08F0A5F8B0EE407BB1EE477B9FED2B
:1007A000546B27EE067BF7EEC77B554B03F5C7630B
:1007B000C3ED007A524B03F23463D3ED007AB7EE07
:1007C000E77AB0EE472BB2EE041B9FED4B0BFBF725
:1007D00073FDB0EE407BF7EEC77B494B03F2346309
:1007E000C3ED007A464B03F5C763D3ED007AB7EE4D
:1007F000E77AB0EE472BB3EE0E1BBBEE0E0BFBF70A
:100800005BFDB0EE407BF7EEC77B3D4B03F5C76366
:10081000C3ED007A97ED127BB1EE476B384BD3ED09
:100820000B7AB7EEE77A26EE076B97ED145B344B45
:10083000D3ED0A7AB7EEE77A25EE077B36EE075B53
:100840002F4B03F5BE63D3ED007AB7EEE76A85EE72
:10085000067BF7EEC77B2A4B03F5BF63C3ED007A37
:1008600097ED147BB1EE476B254BD3ED0C7AB7EEC9
:10087000E77A26EE076B97ED105B214BD3ED0B7AF1
:10088000B7EEE77A25EE077B36EE075B1C4B03F5E8
:10089000BE63D3ED007AB7EEE76A85EE067BF7EE2E
:1008A000C77B174B03F2FC53C3ED007A97ED107B27
:1008B000B1EE476B124BD3ED0A7AB7EEE77A26EE2C
:1008C000076B97ED125B0E4BD3ED0C7AB7EEE77A20
:1008D00025EE077B36EE075B094B03F5BE63D3EDD0
:1008E000007AB7EEE76A85EE067B0BE0AFF3008097
:1008F000B694631ADCA54C4000000000000044C020
:10090000ACAE0524F7EEC77B3B4B03F5C063C3EDEC
:10091000007A97ED017A384B03F5BF63D3ED007A87
:1009200027EE277AD7ED026A334B03F2FC53D3ED5F
:10093000007A66EEA77A37EE277AD7ED036A2E4B58
:1009400003F5C063D3ED007A66EEA77A77EE277AD7
:10095000294B03F20463C3ED007A97ED047A264B2A
:1009600003F5BF63D3ED007A27EE277AD7ED056A4A
:10097000214B03F2FC53D3ED007A66EEA77A37EEF3
:10098000277AD7ED066A1C4B03F5C063D3ED007AD6
:1009900066EEA77A77EE277A174B03F5C163C3EDAE
:1009A000007A97ED077A144B03F5BF63D3ED007A15
:1009B00027EE277AD7ED086A0F4B03F2FC53D3EDED
:1009C000007A66EEA77A37EE277AD7ED096A0A4BE6
:1009D00003F5C063D3ED007A66EEA77A77EE277A47
:1009E000054B03F20C63C3ED007A00BF7037BD46C0
:1009F000BDEC028B80BD00BFACAE05240000000042
:100A000080B596B000AF87ED080B87ED061B87ED2C
:100A1000042B87ED023B87ED004B4FF000024FF0B7
:100A20000003C7E912234FF000024FF00003C7E9AB
:100A300010234FF00002784BC7E90E2397ED067B99
:100A40009FED6D6BB4EEC67BF1EE10FA04D84FF05B
:100A50000002724BC7E9062397ED027B9FED685BAE
:100A600087EE056BB0EE460B08F0D6F8B0EE406BA3
:100A700097ED087B27EE067B87ED107B97ED067BD5
:100A800027EE075B97ED007BB1EE006B27EE066B60
:100A900097ED007B26EE076B85EE067BB7EE006BCD
:100AA00036EE477BB0EE470B07F046FF87ED120BA3
:100AB00097ED0E7B37EE076B97ED087B26EE076B05
:100AC00097ED087B26EE076B97ED127B26EE076B02
:100AD00097ED127B26EE076B97ED067B86EE075BA4
:100AE00097ED066B85EE067B87ED0C7B97ED0E7B15
:100AF00037EE076B97ED087B26EE076B97ED127BC1
:100B000026EE075B97ED066B85EE067B87ED0A7B8D
:100B1000434B93F85832002B0ED197ED087BB1EE82
:100B2000476B97ED087B26EE075B97ED006B85EE34
:100B3000067B87ED147B15E0394B93F85832012B77
:100B40000AD197ED087B27EE075B97ED006B85EEEA
:100B5000067B87ED147B05E04FF000024FF00003A9
:100B6000C7E9142397ED0C7BB1EE476B97ED047B3F
:100B700026EE076B97ED0A5B97ED107B25EE077B62
:100B800036EE476B97ED147B36EE077BF7EEC77BAF
:100B9000234BC3ED9B7A224B93ED9B7ADFED216AC9
:100BA000C7EE267AB7EEE77AB0EE470B07F0E8FE1D
:100BB000B0EE407B9FED126B27EE067BF7EEC77B16
:100BC000174BC3ED9A7A164BD3ED9A7AB7EEE77AC4
:100BD000B0EE472B9FED0C1B9FED0D0BFBF76CFB55
:100BE000B0EE407BF7EEC77B0D4BC3ED9A7A00BFAA
:100BF0005837BD4680BD00BF0000000000005940CE
:100C0000B694631ADCA54C4000000000008046400A
:100C100000000000008046C00000F83F000059407E
:100C2000ACAE0524CDCC1C4190B593B000AF87EDA0
:100C3000060B87ED041B87ED022B97A3D3E9002356
:100C4000C7E9102396A3D3E90023C7E90E234FF089
:100C500000028F4BC7E90C2397ED027BB1EE477B77
:100C600087ED0A7B97ED0A2B9FED7D1B9FED7E0B99
:100C7000FBF722FB87ED0A0B97ED0C6B97ED0A7BD8
:100C800026EE077B87ED087B97ED047BB1EE477B73
:100C900051EC170B7F4B0246C3F8CC220A46C3F82F
:100CA000D0227C49D1F8CC22D1F8D03243EC122B9F
:100CB000B3EE041BBBEE040BFBF7FEFA87ED000B53
:100CC000744B3A68C3F8CC227A68C3F8D0227149D1
:100CD000D1F8CC22D1F8D03243EC122BB7EE001B66
:100CE000BFEE000BFBF7B6FB87ED000B694B3A68D4
:100CF000C3F8CC227A68C3F8D022664BD3ED007AD1
:100D0000B7EEE77AB6EE006B27EE066B614BD3F8D1
:100D1000CC02D3F8D0125F4CD4F8DC22D4F8E03205
:100D200041EC170B43EC152B37EE057B26EE077BCA
:100D30005849D1F8E422D1F8E83243EC162B37EECB
:100D4000067B87ED007B534B3A68C3F8D4227A6860
:100D5000C3F8D8224F49D1F8CC22D1F8D0324D492E
:100D60001046C1F8DC02C1F8E0324A49D1F8D42279
:100D7000D1F8D83247491046C1F8E402C1F8E83248
:100D800097ED047BB1EE477B51EC170B414B0246CC
:100D9000C3F8CC220A46C3F8D0223E49D1F8CC226F
:100DA000D1F8D03243EC122B9FED311B9FED320B6B
:100DB000FBF782FA87ED000B364B3A68C3F8CC227A
:100DC0007A68C3F8D0223349D1F8CC22D1F8D03296
:100DD00097ED107B43EC162B26EE076B2D49D1F8CF
:100DE000D422D1F8D83297ED0E7B43EC152B25EEAB
:100DF000077B36EE077BF7EEC77B264BC3EDBB7A4E
:100E0000244BD3EDBB7AB7EEE76A97ED087B36EE5D
:100E1000077BF7EEC77B1F4BC3ED9A7A1D4BD3EDD3
:100E20009A7AB7EEE77AB0EE472B9FED151B9FED50
:100E3000160BFBF741FAB0EE407BF7EEC77B154B84
:100E4000C3ED9A7A134B3A6AC3F800237A6AC3F85F
:100E5000042300BF4C37BD4690BD00BFAFF30080F8
:100E6000000000000080564000000000008056C0D6
:100E7000000000000000694000000000000069C0A0
:100E8000000000000080464000000000008046C0D6
:100E900000000C40ACAE05249A9999999999B93FF4
:100EA000FCA9F1D24D62503F80B594B000AF87ED00
:100EB000060B87ED041B87ED022B87ED003B4FF0FF
:100EC00000024FF00003C7E910234FF00002764BF9
:100ED000C7E90E2397ED047BF7EEC77B734BC3ED99
:100EE0006B7A724BD3ED007AB6EE007A27EE877AF2
:100EF0006E4BD3ED6B6A6D4BD3ED6C7A76EEA77AC1
:100F000027EE277A694BD3ED6E7A77EE277A674B17
:100F1000C3ED6D7A654BD3F8AC31644AC2F8B03199
:100F2000624BD3F8B431614AC2F8B83197ED027B15
:100F30009FED515B87EE056BB0EE460B07F06CFE44
:100F4000B0EE406B97ED067B27EE067B87ED107BBE
:100F50004BA3D3E90023C7E90C234BA3D3E9002318
:100F6000C7E90A2397ED0C7B9FED496B27EE067BC3
:100F700087ED087B4FF000024FF00003C7E9122312
:100F80004A4B93F85832002B0DD197ED067BB1EE0A
:100F9000476B97ED067B26EE075B97ED006B85EEC2
:100FA000067B87ED127B414B93F85832012B09D118
:100FB00097ED067B27EE075B97ED006B85EE067BD2
:100FC00087ED127B97ED0C7BB1EE476B374BD3ED82
:100FD0006B7AB7EEE77A26EE076B97ED0A5B97ED33
:100FE000107B25EE077B36EE476B304BD3ED6D7AE9
:100FF000B7EEE75A97ED087B25EE077B36EE476B99
:1010000097ED127B36EE077BF7EEC77B274BC3EDE0
:101010009B7A264B93ED9B7ADFED256AC7EE267A05
:10102000B7EEE77AB0EE470B07F0AAFCB0EE407BD4
:101030009FED116B27EE067BF7EEC77B1B4BC3EDD5
:101040009A7A1A4BD3ED9A7AB7EEE77AB0EE472B3D
:101050009FED111B9FED120BFBF72EF9B0EE407BBD
:10106000F7EEC77B114BC3ED9A7A00BF5037BD46F0
:1010700080BD00BFAFF30080B694631ADCA54C407E
:10108000B81E85EB51B89E3F333333333333C33F00
:101090009A9999999999A93F0000000000804640CB
:1010A00000000000008046C00000F03FACAE052408
:1010B000CDCC1C410000000080B52DED048B8AB022
:1010C00000AFF860C04B03F5D86393ED007ABE4BD8
:1010D000D3ED007A77EE277ABB4B03F5D863C3EDE7
:1010E000007AB94B93F84936002B74D1B64B03F212
:1010F0000C63D3ED007AB7EEE78AB34BD3EDCD7A2C
:10110000B7EEE77A9FEDAA5B87EE056BB0EE460B74
:1011100007F03AFDB0EE407B28EE078BAA4B03F5B3
:10112000C163D3ED007AB7EEE79AA74BD3EDCD7A42
:10113000B7EEE77A9FED9E5B87EE056BB0EE460B50
:1011400007F06AFDB0EE407B29EE077B38EE077BA7
:10115000F7EEC77B9C4B03F5CF63C3ED007A9A4B48
:1011600003F20C63D3ED007AF1EE677AB7EEE78A0B
:10117000954BD3EDCD7AB7EEE77A9FED8D5B87EE99
:10118000056BB0EE460B07F047FDB0EE407B28EE56
:10119000078B8D4B03F5C163D3ED007AB7EEE79A69
:1011A000894BD3EDCD7AB7EEE77A9FED815B87EE81
:1011B000056BB0EE460B07F0E7FCB0EE407B29EE86
:1011C000077B38EE077BF7EEC77B7F4B03F27C6330
:1011D000C3ED007A73E07C4B03F22463D3ED007A15
:1011E000B7EEE78A784BD3EDCD7AB7EEE77A9FED8D
:1011F000705B87EE056BB0EE460B07F0C5FCB0EEFA
:10120000407B28EE078B704B03F5C463D3ED007A67
:10121000B7EEE79A6C4BD3EDCD7AB7EEE77A9FED58
:10122000645B87EE056BB0EE460B07F0F5FCB0EEA5
:10123000407B29EE077B38EE077BF7EEC77B624BDE
:1012400003F5CF63C3ED007A5F4B03F22463D3ED64
:10125000007AF1EE677AB7EEE78A5B4BD3EDCD7A91
:10126000B7EEE77A9FED525B87EE056BB0EE460B6B
:1012700007F0D2FCB0EE407B28EE078B524B03F513
:10128000C463D3ED007AB7EEE79A4F4BD3EDCD7A36
:10129000B7EEE77A9FED465B87EE056BB0EE460B47
:1012A00007F072FCB0EE407B29EE077B38EE077B3F
:1012B000F7EEC77B444B03F27C63C3ED007A00F08A
:1012C0003FFB414B03F5BE6393ED007A3E4B03F2C7
:1012D000F453D3ED006AB0EE006AC6EE867AB4EE3F
:1012E000E77AF1EE10FA05DD384B7B624FF07E5362
:1012F0003B6274E0344B03F5BE6393ED007A324BEE
:1013000003F2F453D3ED006AB0EE006AC6EE867ABB
:10131000DFED2F6A77EEE67AB4EEE77AF1EE10FAB7
:1013200058DB294B03F2F453D3ED007AF0EE006A58
:1013300087EEA67A244B03F5BE63D3ED007A77EEF1
:10134000677AB7EEE77A9FED1C6B27EE066B9FED91
:101350001C5B86EE057BB1EE026B37EE067BF7EE8B
:10136000C77BC7ED097A184B03F2F453D3ED007A2B
:10137000F0EE006A87EEA67A134B03F5BE63D3ED59
:10138000007A77EE677AB7EEE77A9FED0B6B27EE80
:10139000066B9FED0B5B86EE057BB7EE006B36EEC2
:1013A000477BF7EEC77BC7ED087A18E0AFF3008004
:1013B000B694631ADCA54C40000000000000000059
:1013C0000000000000407F40ACAE052400009040CB
:1013D0000000FA43C24B7B624FF07E533B62C04B2E
:1013E000FB61D7ED077AB1EE677ABE4B03F27C63FF
:1013F000D3ED007A67EE277AB7EEE76AB94BD3ED03
:10140000087AF0EEE77AB7EEE77A26EE076B9FED03
:10141000AA5B86EE057BF7EEC77BB24B03F27463E3
:10142000C3ED007AAF4B03F27463D3ED007AF0EEB4
:10143000E77AB7EEE77A9FEDA26BB4EEC67BF1EEEA
:1014400010FA04D4A74B93F84836002B01D001239F
:1014500000E00023002B03D0012B00F045814EE279
:10146000A04B002283F84826D7ED097AB7EEE77A39
:101470009C49D1F8A026D1F8A43643EC162B27EED0
:10148000066B984BD3ED087AF0EEE77AB7EEE77A81
:1014900026EE077B9FED886B87EE068BD7ED087AEB
:1014A000B7EEE79A8F4BD3EDCB7AB7EEE77A9FEDA5
:1014B000865B87EE056BB0EE460B07F065FBB0EE82
:1014C000407B29EE077B38EE077BF7EEC77B854B29
:1014D00003F5CD63C3ED007AD7ED077AF1EE677AB5
:1014E000B7EEE77A7F49D1F8B026D1F8B43643ECAD
:1014F000162B27EE066B7B4BD3ED087AF0EEE77ADE
:10150000B7EEE77A26EE076B9FED6B5B86EE057B09
:10151000F7EEC77B734B03F26C63C3ED007A714B3C
:1015200003F5CD6393ED007A6E4B03F5CD63D3EDF8
:10153000007A27EE277A6B4B03F26C63D3ED006AD7
:10154000684B03F26C63D3ED007A66EEA77A77EE10
:10155000277AB7EEE77AB0EE470B07F0EDF9B0EE79
:10156000408B604B03F5CD63D3ED007AB7EEE77A9D
:10157000B0EE470BFAF76EFEB0EE407B28EE077B2D
:1015800087ED007B574B03F5CC633A681A607A68A5
:101590005A605449D1F86026D1F8643643EC172BD1
:1015A000F7EEC77BC7ED057A4E49D1F86026D1F832
:1015B000643643EC172BB0EEC77B9FED456BB4EE62
:1015C000C67BF1EE10FA05D5464B03F24C631B685F
:1015D0003B6167E0434B03F26C63D3ED006A414B20
:1015E00003F5CD6393ED007AC6EE877AB7EEE77A1E
:1015F000B0EE470B07F0C4F9B0EE407B9FED326BC5
:1016000027EE067BF7EEC77BC7ED047AD7ED047AA9
:10161000F0EEE77AB3EE097AF4EEC77AF1EE10FA5B
:1016200020DBD7ED047AB7EEE77AB0EE470BFAF796
:1016300011FEB0EE407BB3EE096B27EE067BF7EEB2
:10164000C77BC7ED047A274B03F5CD63D3ED007A52
:10165000B7EEE76A9FED205B86EE057BF7EEC77B72
:10166000C7ED057A1F4B03F5CD63D3ED007AF0EE9D
:10167000E77AB6EE007AF4EEC77AF1EE10FA11D5F9
:10168000D7ED047AB7EEE77AB0EE472BB1EE041B44
:10169000B9EE040BFAF710FEB0EE407BF7EEC77B15
:1016A000C7ED047A3A690F4B03F24C631A604FF0AE
:1016B0000003BB6123E100BF9A999999999923404E
:1016C000333333333333D33FB694631ADCA54C4002
:1016D0007B14AE47E17A843F15CE2D307900ED3F83
:1016E00000009040ACAE0524934B012283F84826BD
:1016F000D7ED097AB7EEE77A8F49D1F8A026D1F86D
:10170000A43643EC162B27EE066B8B4BD3ED087AF1
:10171000F0EEE77AB7EEE77A26EE077B9FED7E6B79
:1017200087EE068BD7ED087AB7EEE79A824BD3EDBA
:10173000CB7AB7EEE77A9FED7A5B87EE056BB0EE7A
:10174000460B07F021FAB0EE407B29EE077B38EE1E
:10175000077BF7EEC77B784B03F5CD63C3ED007ACB
:10176000D7ED077AF1EE677AB7EEE77A7249D1F8EA
:10177000B026D1F8B43643EC162B27EE066B6E4B31
:10178000D3ED087AF0EEE77AB7EEE77A26EE076B4C
:101790009FED615B86EE057BF7EEC77B664B03F240
:1017A0006C63C3ED007AD7ED097AB7EEE77A624948
:1017B000D1F8A026D1F8A43643EC162B27EE066B01
:1017C0005D4BD3ED087AF0EEE77AB7EEE77A26EED6
:1017D000076B9FED515B86EE057BF7EEC77B564BA3
:1017E00003F5CE63C3ED007A534B03F5D96393ED54
:1017F000007A514B03F2CC63D3ED007A77EE277A6F
:10180000F5EEC07AF1EE10FA28DD4B4BD3ED087AF5
:10181000B7EEE77A9FED446B27EE066B464B03F578
:10182000D96393ED007A444B03F2CC63D3ED007A95
:1018300077EE277AB7EEE77A26EE077B9FED365BE9
:1018400087EE056B9FED3A5B86EE057BF7EEC77B77
:10185000394B03F2C463C3ED007A05E0364B03F263
:10186000C4634FF000021A60334B03F5CE63D3ED2F
:10187000007AF0EEE77AB7EEE77AB1EE477B2E4BCF
:1018800003F5CE63D3ED006AF0EEE66AB7EEE66AE2
:10189000294B03F2C463D3ED005AB7EEE55AB0EE1C
:1018A000452BB0EE461BB0EE470BFAF705FDB0EE48
:1018B000407BF7EEC77B204B03F2C463C3ED007A95
:1018C0001D4B03F5CD6393ED007A1B4B03F2C4630C
:1018D000D3ED007A77EE277A174B03F5CD63C3ED8E
:1018E000007A4FF000033B61134B03F5CD631B6897
:1018F0007B61114B03F26C631B68BB6100BF07F196
:1019000010030C221946F8680BF002F900BF2837C3
:10191000BD46BDEC048B80BD9A9999999999234055
:10192000B694631ADCA54C409A9999999999C93F44
:101930006666666666A64C40ACAE052400000000F4
:1019400080B584B000AF4FF07A53FB604449D1F8C2
:101950008026D1F88436424901F5D261104641F81B
:10196000080C41F8043C3E4B03F5CF63D3ED007AFD
:10197000B7EEE77A87ED007B394B03F5D0633A6821
:101980001A607A685A60D7ED037AB7EEE77A344B7B
:10199000D3ED006AB7EEE66AB0EE464B3149324805
:1019A000B7EE003BB0EE472BB7EE001B9FED2A0BC6
:1019B000FAF7B5FC2A49D1F8A026D1F8A43628496F
:1019C00001F5D661104641F8080C41F8043C244961
:1019D000D1F89026D1F89436214901F5D46110460A
:1019E00041F8080C41F8043C1D4B03F27C63D3ED35
:1019F000007AB7EEE77A87ED007B194B03F5D263E7
:101A00003A681A607A685A60D7ED037AB7EEE77AD7
:101A1000134BD3ED006AB7EEE66AB0EE464B1349BE
:101A20001348B7EE003BB0EE472BB7EE001B9FED1F
:101A30000A0BFAF774FC0A49D1F8B026D1F8B4368B
:101A4000074901F5D861104641F8080C41F8043CFB
:101A500000BF1037BD4680BD000000000000000040
:101A6000ACAE05244CB505242CB505245CB5052485
:101A70003CB5052480B485B000AFF860B9607A60E9
:101A80003B60F9684FF000024FF00003C1E900230A
:101A9000B9684FF000024FF00003C1E900237968F4
:101AA0004FF000024FF00003C1E9002339684FF006
:101AB00000024FF00003C1E9002300BF1437BD4608
:101AC0005DF8047B7047000090B597B002AFD04B33
:101AD000D3EDC67AB7EEE77A87ED0E7BCC4BD3ED2C
:101AE000C77AB7EEE77A87ED107BC94BD3EDC87A9A
:101AF000B7EEE77A87ED127BC54BD3EDCC7AB7EE24
:101B0000E77A9FEDC15B87EE056BB0EE460B07F001
:101B10003BF887ED000BBE4B03F582633A681A6011
:101B20007A685A60BA4B03F58463002243F8082CA4
:101B3000002243F8042CB64BD3EDCC7AB7EEE77A0B
:101B40009FEDB15B87EE056BB0EE460B07F064F8D6
:101B5000B0EE407BB1EE477B51EC170BAC4B03F57D
:101B6000846302461A600A465A60A94B03F58663ED
:101B7000002243F8082C002243F8042CA44B03F560
:101B8000866300221A60A34A5A60A14B03F588635A
:101B9000002243F8082C002243F8042C9C4BD3ED80
:101BA000CC7AB7EEE77A9FED985B87EE056BB0EEE7
:101BB000460B07F031F887ED000B954B03F5886372
:101BC0003A681A607A685A60914B03F58A6300227A
:101BD00043F8082C002243F8042C8D4BD3EDCC7A2B
:101BE000B7EEE77A9FED885B87EE056BB0EE460BAC
:101BF00006F0CAFF87ED000B854B03F58A633A6850
:101C00001A607A685A60824BD3EDCB7AB7EEE77AE6
:101C10009FED7D5B87EE056BB0EE460B06F0B4FFE3
:101C200087ED000B7A4B03F58C633A6843F8082C78
:101C30007A6843F8042C764BD3EDCB7AB7EEE77A8B
:101C40009FED715B87EE056BB0EE460B06F0E4FF8F
:101C500087ED000B6E4B03F58C633A681A607A6867
:101C60005A606B4B03F58E63002243F8082C002268
:101C700043F8042C664BD3EDCB7AB7EEE77A9FEDB1
:101C8000625B87EE056BB0EE460B06F0C5FFB0EE6B
:101C9000407BB1EE477B51EC170B5D4B03F58E6338
:101CA00002461A600A465A60594BD3EDCB7AB7EE1A
:101CB000E77A9FED555B87EE056BB0EE460B06F0BD
:101CC00063FF87ED000B524B03F590633A6843F8CE
:101CD000082C7A6843F8042C4D4B03F590630022DE
:101CE0001A6000225A604A4B03F59263002243F8BF
:101CF000082C002243F8042C454B03F59263002284
:101D00001A6000225A60424B03F59463002243F8A4
:101D1000082C404A43F8042C3D4B03F59463002201
:101D20001A603C4A5A603A4B03F59663002243F826
:101D3000082C002243F8042C354B03F5966300224F
:101D40001A6000225A60324B03F59863002243F870
:101D5000082C002243F8042C2D4BD3EDCD7AB7EE9E
:101D6000E77A9FED295B87EE056BB0EE460B06F038
:101D70000BFF87ED000B264B03F598633A681A605A
:101D80007A685A60224BD3EDCD7AB7EEE77A9FEDB1
:101D90001E5B87EE056BB0EE460B06F03DFF87ED50
:101DA000000B1B4B03F59A633A6843F8082C7A68DA
:101DB00043F8042C164B03F59A6300221A600022A4
:101DC0005A60134BD3EDCD7AB7EEE77A9FED0E5BF9
:101DD00087EE056BB0EE460B06F01EFFB0EE407BC3
:101DE000B1EE477B51EC170B094B03F59C630246A0
:101DF00043F8082C0A4643F8042C054BD3EDCD7A62
:101E0000B7EEE77A08E000BFB694631ADCA54C4051
:101E1000ACAE05240000F03F9FED335B87EE056B11
:101E2000B0EE460B06F0B0FE87ED000B324B03F52B
:101E30009C633A681A607A685A602F4BD3ED0C7A2B
:101E4000B7EEE77A87ED007B2B4B3A685A637A68E6
:101E50009A63294BD3ED0A7AB7EEE77A87ED007BD8
:101E6000254B3A68DA637A681A64234BD3ED0B7A10
:101E7000B7EEE77A87ED007B1F4B3A685A647A68C1
:101E80009A641E4B00931E4B1E4A1F491F48FAF7C7
:101E90001CFB19494A6D8B6D174CE06C216D41ECB0
:101EA000110B43EC102B06F01BFDB0EE407BB1EEA6
:101EB000477B9FED0F6B27EE067BF7EEC77B0E4B44
:101EC00003F5B863C3ED007A0B4BD3ED087AF5EE5A
:101ED000407AF1EE10FA1BD1074B03F2C4534FF0D6
:101EE00000021A6031E000BFB694631ADCA54C40D2
:101EF0006666666666A64C40ACAE0524F8AE052460
:101F0000E0AE0524BCB2052404B305244CB305247B
:101F1000D949CA6D0B6ED849D1ED087AB7EEE77A88
:101F200043EC162B86EE076BB0EE460B06F0ACFCCE
:101F3000B0EE407B9FEDCC6B27EE067BF7EEC77BC8
:101F4000CD4B03F2C453C3ED007ACB4BD3EDCC7A27
:101F5000F1EE677AB7EEE77A9FEDC55B87EE056B2A
:101F6000B0EE460B06F010FE87ED000BC24B3A6850
:101F7000C3F838237A68C3F83C23BF4B0022C3F868
:101F800040230022C3F84423BB4BD3EDCC7AB7EEF9
:101F9000E77A9FEDB75B87EE056BB0EE460B06F078
:101FA0003BFE87ED000BB44B3A68C3F848237A68D0
:101FB000C3F84C23B04B0022C3F850230022C3F8CF
:101FC0005423AD4B0022C3F85823AC4AC3F85C231A
:101FD000A94B0022C3F860230022C3F86423A64B58
:101FE000D3EDCC7AF1EE677AB7EEE77A9FEDA05B9E
:101FF00087EE056BB0EE460B06F00EFE87ED000B8C
:102000009D4B3A68C3F868237A68C3F86C239A4BEF
:102010000022C3F870230022C3F87423964BD3ED3B
:10202000CC7AF1EE677AB7EEE77A9FED915B87EEB7
:10203000056BB0EE460B06F0A7FD87ED000B8E4B4F
:102040003A68C3F878237A68C3F87C238A4BD3EDC7
:10205000CB7AF1EE677AB7EEE77A9FED855B87EE94
:10206000056BB0EE460B06F08FFD87ED000B824B43
:102070003A68C3F880237A68C3F884237E4BD3ED93
:10208000CB7AF1EE677AB7EEE77A9FED795B87EE70
:10209000056BB0EE460B06F0BFFD87ED000B764BEF
:1020A0003A68C3F888237A68C3F88C23724B0022FD
:1020B000C3F890230022C3F894236F4BD3EDCB7A5F
:1020C000B7EEE77A9FED6A5B87EE056BB0EE460BE5
:1020D00006F0A2FD87ED000B674B3A68C3F8982322
:1020E0007A68C3F89C23644BD3EDCB7AF1EE677A20
:1020F000B7EEE77A9FED5E5B87EE056BB0EE460BC1
:1021000006F042FD87ED000B5B4B3A68C3F8A02355
:102110007A68C3F8A423584B0022C3F8A8230022EE
:10212000C3F8AC23544B0022C3F8B0230022C3F8F9
:10213000B423514B0022C3F8B8230022C3F8BC23B8
:102140004D4B0022C3F8C0234C4AC3F8C4234A4B6A
:102150000022C3F8C823494AC3F8CC23464B0022C7
:10216000C3F8D0230022C3F8D423434B0022C3F882
:10217000D8230022C3F8DC233F4B0022C3F8E0231E
:102180000022C3F8E4233C4BD3EDCD7AF1EE677A1D
:10219000B7EEE77A9FED365B87EE056BB0EE460B48
:1021A00006F0F2FC87ED000B334B3A68C3F8E823E6
:1021B0007A68C3F8EC23304BD3EDCD7AF1EE677A31
:1021C000B7EEE77A9FED2A5B87EE056BB0EE460B24
:1021D00006F022FD87ED000B274B3A68C3F8F02389
:1021E0007A68C3F8F423244B0022C3F8F8230022B2
:1021F000C3F8FC23204BD3EDCD7AB7EEE77A9FED01
:102200001C5B87EE056BB0EE460B06F005FD87ED17
:10221000000B194B03F580633A681A607A685A60BC
:10222000154BD3EDCD7AF1EE677AB7EEE77A9FEDF5
:10223000105B87EE056BB0EE460B06F0A5FC87ED54
:10224000000B0D4B03F582633A6843F8082C7A685B
:1022500043F8042C07F1380207F1200300931346DA
:102260000EE000BFAFF300806666666666A64C406F
:10227000B694631ADCA54C40ACAE05240000F03FD8
:10228000C54AC649C648FAF720F997ED0A7BB7EE6A
:10229000006B37EE467B87ED0A7BC24BD3ED067AA7
:1022A000F1EE677AB7EEE77A9FEDB75B87EE056BE5
:1022B000B0EE460B06F068FC87ED000BB94B03F55A
:1022C0009E633A6843F8082C7A6843F8042CB54BAF
:1022D00003F59E6300221A6000225A60B14BD3EDD1
:1022E000067AB7EEE77A9FEDA85B87EE056BB0EE56
:1022F000460B06F091FC87ED000BAA4B03F5A0639B
:102300003A6843F8082C7A6843F8042CA54B03F587
:10231000A06300221A6000225A60A24B03F5A26358
:10232000002243F8082CA04A43F8042C9D4B03F5E7
:10233000A26300221A6000225A609A4BD3ED067AFB
:10234000F1EE677AB7EEE77A9FED8F5B87EE056B6C
:10235000B0EE460B06F060FC87ED000B914B03F5E9
:10236000A4633A6843F8082C7A6843F8042C8D4B30
:1023700003F5A46300221A6000225A60894BD3ED52
:10238000067AF1EE677AB7EEE77A9FED7F5B87EE2C
:10239000056BB0EE460B06F0F7FB87ED000B814BAB
:1023A00003F5A6633A6843F8082C7A6843F8042CCE
:1023B0007C4BD3ED077AB7EEE77A9FED735B87EE40
:1023C000056BB0EE460B06F0DFFB87ED000B754B9F
:1023D00003F5A6633A681A607A685A60714BD3EDC8
:1023E000077AB7EEE77A9FED685B87EE056BB0EE94
:1023F000460B06F011FC87ED000B6A4B03F5A86352
:102400003A6843F8082C7A6843F8042C654B03F5C6
:10241000A86300221A6000225A60624BD3ED077A4B
:10242000B7EEE77A9FED585B87EE056BB0EE460B93
:1024300006F0F2FBB0EE407BB1EE477B51EC170BA0
:10244000584B03F5AA63024643F8082C0A4643F8A2
:10245000042C544BD3ED077AB7EEE77A9FED4A5B35
:1024600087EE056BB0EE460B06F08EFB87ED000B9A
:102470004C4B03F5AA633A681A607A685A60494B74
:1024800003F5AC63002243F8082C002243F8042C27
:10249000444B03F5AC6300221A6000225A60414BA2
:1024A00003F5AE63002243F8082C002243F8042C05
:1024B0003C4B03F5AE6300221A603B4A5A60394B2D
:1024C00003F5B063002243F8082C374A43F8042C84
:1024D000344B03F5B06300221A6000225A60314B7E
:1024E00003F5B263002243F8082C002243F8042CC1
:1024F0002C4B03F5B26300221A6000225A60294B6C
:1025000003F5B463002243F8082C274A43F8042C4F
:10251000244B03F5B46300221A6000225A60214B59
:1025200003F5B663002243F8082C002243F8042C7C
:102530001C4B03F5B66300221A6000225A60194B47
:1025400003F5B863002243F8082C174A43F8042C1B
:1025500007F1200207F1080300931346134A1449B8
:102560001448F9F7B2FF97ED027B9FED096B27EE58
:10257000067BF7EEC77B0B4BC3EDCA7A00BF54371F
:10258000BD4690BDAFF30080B694631ADCA54C4005
:102590009A9999999999234074B205242CB20524EB
:1025A000E4B10524ACAE05240000F03F94B305244B
:1025B000DCB3052424B4052480B500AFEE4B06221D
:1025C0001A60EE4B00221A7000225A7000229A7094
:1025D0000022DA70E94B002242F02B021A7100222D
:1025E00062F026025A71002262F04E029A710022B5
:1025F00042F01102DA71002262F077021A720022B0
:1026000042F066025A72002242F05C029A72002284
:1026100042F04002DA72D94B002242F031021A73C2
:10262000002242F07C025A73002242F044029A7364
:10263000002242F04C02DA73002262F076021A7431
:10264000002242F07A025A74002242F041029A7447
:10265000002242F04002DA74C84B002242F0050228
:102660001A7500225A7500229A750022DA75C34B3A
:1026700000221A7600225A7600229A760022DA7612
:10268000BE4BBF4A1A62BD4B00221A7700225A770E
:1026900000229A770022DA77B84B012283F83020A3
:1026A000B64B002242F0010283F83220002283F868
:1026B0003320002283F83420002283F83520AF4BEA
:1026C00040330A3B002242F02B021A70002262F0D3
:1026D00026025A70002262F04E029A70002242F0E6
:1026E0001102DA70002262F077021A71002242F0C1
:1026F00066025A71002242F05C029A71002242F096
:102700004002DA719D4B4033023B002242F04F02FF
:102710001A70002262F04D025A70002262F02A0202
:102720009A70002262F01A02DA70002262F06B02E4
:102730001A71002262F057025A71002242F04102DF
:102740009A71002242F04002DA718C4B002262F052
:10275000470283F84620002242F00B0283F847200C
:10276000002283F84820002283F84920834B00226E
:1027700042F0010283F84A20002283F84B20002215
:1027800083F84C20002283F84D207C4B52337D4A45
:102790001A607A4B002262F00F0283F84E2000226A
:1027A00042F0050283F84F20002283F850200022D7
:1027B00083F85120714B012283F862206F4B002275
:1027C00042F0020283F86420002283F86520002290
:1027D00083F86620002283F86720684B002242F0CD
:1027E000510283F86820002262F0230283F86920F6
:1027F000002262F00E0283F86A20002242F02602D4
:1028000083F86B20002262F0400283F86C200022E3
:1028100062F07D0283F86D20002242F05C0283F8B2
:102820006E20002242F0400283F86F20534B0022BA
:1028300042F04F0283F87020002262F04D0283F8CC
:102840007120002262F02A0283F87220002262F0D6
:102850001A0283F87320002262F06B0283F874205E
:10286000002262F0570283F87520002242F04102F4
:1028700083F87620002242F0400283F877203F4B15
:10288000002262F0470283F87820002242F00B0217
:1028900083F87920002283F87A20002283F87B20B5
:1028A000364B002242F0010283F87C20002283F89C
:1028B0007D20002283F87E20002283F87F202F4B8A
:1028C000304AC3F884202D4B002262F01F0283F8A7
:1028D0008020002242F00B0283F88120002283F83E
:1028E0008220002283F88320244B012283F8942045
:1028F000224B002242F0030283F89620002283F844
:102900009720002283F89820002283F899201B4BFF
:10291000A033063B002242F051021A70002262F0FE
:1029200023025A70002262F00E029A70002242F0D6
:102930002602DA70002262F040021A71002262F070
:102940007D025A71002242F05C029A71002242F02C
:102950004002DA71094BA0330233002262F03F02D9
:102960001A70002242F008025A70002242F01A0245
:102970009A70002208E000BFFCC9052470B6052447
:102980000000884300004C4342F03302DA7000221A
:1029900062F076021A71002242F07A025A71002225
:1029A00042F041029A71002242F04002DA71B44BC7
:1029B000002262F0470283F8AA20002242F00B02B4
:1029C00083F8AB20002283F8AC20002283F8AD20EE
:1029D000AB4B002242F0010283F8AE20002283F8C4
:1029E000AF20002283F8B020002283F8B120A44B4E
:1029F000B633A44A1A60A24B002262F02F0283F879
:102A0000B220002242F0110283F8B320002283F8A2
:102A1000B420002283F8B520994B012283F8C62008
:102A2000974B002242F0040283F8C820002283F86A
:102A3000C920002283F8CA20002283F8CB20904BC3
:102A4000002242F0540283F8CC20002262F070028F
:102A500083F8CD20002242F0340283F8CE200022F9
:102A600062F0470283F8CF20002262F0520283F81E
:102A7000D020002242F06D0283F8D120002242F0E3
:102A80005C0283F8D220002242F0400283F8D32077
:102A90007B4B002242F0310283F8D420002242F026
:102AA0007C0283F8D520002242F0440283F8D6202D
:102AB000002242F04C0283F8D720002262F0760216
:102AC00083F8D820002242F07A0283F8D92000222D
:102AD00042F0410283F8DA20002242F0400283F8FB
:102AE000DB20674B002262F0470283F8DC200022E3
:102AF00042F00B0283F8DD20002283F8DE20002262
:102B000083F8DF205E4B002242F0010283F8E020D0
:102B1000002283F8E120002283F8E220002283F8DB
:102B2000E320574B574AC3F8E820554B002262F088
:102B30003F0283F8E420002242F0170283F8E520E8
:102B4000002283F8E620002283F8E7204C4B012284
:102B500083F8F8204A4B002242F0050283F8FA205D
:102B6000002283F8FB20002283F8FC20002283F857
:102B7000FD20434B03F58073023B002242F0130219
:102B80001A70002242F061025A70002262F03C0288
:102B90009A70002262F02C02DA70002242F02B02BE
:102BA0001A71002242F06A025A71002242F05C025D
:102BB0009A71002242F04002DA71314B03F58873BA
:102BC0000A3B002242F031021A70002242F07C02DD
:102BD0005A70002242F044029A70002242F04C02E5
:102BE000DA70002262F076021A71002242F07A0254
:102BF0005A71002242F041029A71002242F04002D2
:102C0000DA711F4B002242F00A0283F80E210022E3
:102C100083F80F21002283F81021002283F811216C
:102C2000174B002242F0030283F81221002283F89E
:102C30001321002283F81421002283F81521104B60
:102C400003F58D730F4A1A600D4B002262F03F02AC
:102C500083F81621002242F0170283F81721002280
:102C600083F81821002283F81921054B012283F8EB
:102C70002A2104220021044809F011F900BF80BD77
:102C800070B6052400004C4300CA05240000000073
:102C900080B485B000AF87ED000BD7E90023C7E90A
:102CA000022397ED007B9FED1A6BB4EEC67BF1EE2D
:102CB00010FA0EDB97ED007BB5EEC07BF1EE10FA5B
:102CC00007D597ED007B9FED146B37EE067B87ED04
:102CD000027B97ED007B9FED106BB4EEC67BF1EEAF
:102CE00010FA07DB97ED007B9FED0B6B37EE467B11
:102CF00087ED027BD7E9022343EC172BB0EE470B9D
:102D00001437BD465DF8047B704700BFAFF3008009
:102D100000000000008066C00000000000807640D7
:102D200080B485B000AF87ED000B97ED007B9FED81
:102D3000186BB4EEC67BF1EE10FA08DD97ED007B60
:102D40009FED156B37EE467B87ED027B15E097ED27
:102D5000007B9FED136BB4EEC67BF1EE10FA08D545
:102D600097ED007B9FED0C6B37EE067B87ED027BCA
:102D700003E0D7E90023C7E90223D7E9022343ECA4
:102D8000172BB0EE470B1437BD465DF8047B704738
:102D900000000000008066400000000000807640D7
:102DA00000000000008066C080B586B000AF87EDEF
:102DB000020B87ED001B97ED021B97ED000B05F052
:102DC0008FFDB0EE407B9FED1A6B27EE067B87ED03
:102DD000047B97ED047B9FED186BB4EEC67BF1EEA0
:102DE00010FA11D897ED047B9FED156BB4EEC67BFE
:102DF000F1EE10FA08DD9FED146B97ED047B36EED3
:102E0000477B87ED047B07E09FED0D6B97ED047B1F
:102E100036EE477B87ED047BD7E9042343EC172B81
:102E2000B0EE470B1837BD4680BD00BFAFF3008042
:102E3000B694631ADCA54C40000000000080664098
:102E400000000000008056400000000000207C4090
:102E500080B52DED028B92B000AF87ED080B87EDAA
:102E6000061B87ED042B87ED023B7860396097EDF8
:102E7000046B97ED087B36EE477B87ED107B97ED73
:102E8000026B97ED067B36EE477B87ED0E7B97ED69
:102E9000066B97ED027B36EE076B9FED2B5B86EEA4
:102EA000057BB6EE006B27EE067B87ED0C7B97ED7E
:102EB0000C0B05F069FE87ED0A0B97ED0A7B9FED81
:102EC000246B27EE068B97ED0C7BB0EE086B27EE9C
:102ED000067BB0EE470B05F057FEB0EE407B9FED52
:102EE0001E6B27EE067B38EE476B97ED107B26EEC8
:102EF000076B9FED155B86EE057B7B6883ED007BA2
:102F000097ED0C7B37EE077BB0EE470B05F03CFEF0
:102F1000B0EE407B9FED126B27EE067B9FED126BB0
:102F200036EE476B97ED0E7B26EE076B9FED065B4B
:102F300086EE057B3B6883ED007B00BF4837BD46CE
:102F4000BDEC028B80BD00BFB694631ADCA54C407B
:102F5000000000E0DF595841000000604FEDB44030
:102F6000000000004053DF4000000040364A584156
:102F700080B58EB000AF87ED080B87ED061B87ED9F
:102F8000042B87ED023B786039601FA3D3E900234F
:102F9000C7E90C2397ED067B9FED195B87EE056B68
:102FA000B0EE460B05F0F0FD87ED0A0B97ED045BE4
:102FB00097ED0A6B85EE067B9FED116B27EE065BA6
:102FC00097ED0C7B85EE076B97ED087B36EE077B64
:102FD0007B6883ED007B97ED027B9FED096B27EE0D
:102FE000065B97ED0C7B85EE076B97ED067B36EE67
:102FF000077B3B6883ED007B00BF3837BD4680BD53
:10300000B694631ADCA54C4000000040AD54584112
:1030100080B58CB000AF87ED060B87ED041B87ED04
:10302000022B7860396097ED027B9FED1F5B87EE86
:10303000056BB0EE460B05F0A7FD87ED0A0B97ED8B
:10304000027B9FED195B87EE056BB0EE460B05F03A
:10305000E3FD87ED080B97ED086B97ED067B26EEF9
:10306000076B97ED0A5B97ED047B25EE077B36EE49
:10307000077B7B6883ED007B97ED086B97ED047B06
:1030800026EE076B97ED0A5B97ED067B25EE077B37
:1030900036EE477B3B6883ED007B00BF3037BD4693
:1030A00080BD00BFAFF30080B694631ADCA54C402E
:1030B000B0B5ACB000AFF861B9610023C7F8AC306F
:1030C0004FF000037B634FF000024FF00003C7E9AD
:1030D0000A234FF000024FF00003C7E9082307F16D
:1030E0006C031946F86900F06DFAC7F8A800FB698F
:1030F000013307F138021146184600F063FAC7F8A9
:10310000A400D7F8A830002B00F0FA80D7F8A4303C
:10311000002B00F0F5803B6D022B4FD13C6F7D6F93
:10312000BB6F3B61FB6F7B61FB6BBB603B6CFB6010
:103130007B6C3B60BB6C7B60D7ED187A07F1340386
:10314000794A7A49FF20B0EE674A97ED003B97ED48
:10315000022B97ED041B45EC104B00F0C9FB034616
:10316000002B2BD0FA6B3B6C7149C1E900237A6CC0
:10317000BB6C7049C1E90023D7ED177AFCEEE77A02
:10318000C7ED047A3B7CDAB2BB6983F84F20674B0A
:10319000D3E900231146F9633B64634BD3E9002371
:1031A00011467964BB647B6BFB6501233B650A2395
:1031B00087F86930BB69012283F84E20D7F8843044
:1031C000022B2AD1594B93ED007B574B93ED006BAB
:1031D000FA6B3B6C7C6CBD6C07F1200107F1280099
:1031E00045EC134B43EC122BB0EE461BB0EE470BF5
:1031F000FFF72EFE97ED0A7B97ED086BB0EE461BAE
:10320000B0EE470BFFF7D0FDB0EE407BF7EEC77B8B
:10321000C7ED177A0A2387F869303A6F7B6FBC6F66
:10322000FD6FF96B3961396C7961796CB960B96C92
:10323000F960B86997ED023B97ED042B45EC114B13
:1032400043EC102B00F0F8F8FB6C07EE903AB8EE68
:10325000E77B87ED047BBB693A699A607A69DA603B
:10326000FA6CD7F88030D31A07EE903AF8EEE77A86
:10327000BB69C3ED047AD7F88420BB695A613A6D03
:10328000BB699A61FA6DBB69DA613A6EBB691A6211
:103290007A6EBB695A627A6DD7F88830D21ABB69E8
:1032A0001A64BB694FF000025A6497F86920BB6941
:1032B00083F84D20B9698A68CB689FED157B43EC94
:1032C000162B26EE077B9FED146B36EE477BB0EE98
:1032D000470B05F031FBB0EE407B9FED116B27EE05
:1032E000067BF7EEC77BC7ED287ABA6DBB699A6497
:1032F00097F86820BB6983F84C200123C7F8AC30ED
:10330000D7F8AC301846B037BD46B0BDAFF300803B
:1033100020D26F5F07CE793F6666666666027240AE
:1033200079E92631080C3440D0CA0524C8CA0524DE
:10333000B8CA0524C0CA052484B0B0B586B000AFB1
:1033400007F1280484E80F00FA6A3B6B7C6BBD6BC5
:10335000396EB960796EF960B96E3960F96E79606D
:10336000D7F8900097ED003B97ED022B45EC114B01
:1033700043EC102B00F060F83B6F07EE903AB8EE8C
:10338000E77B87ED027BD7F89030BA689A60FA68DD
:10339000DA603A6CD7F890305A617A6FD7F890308B
:1033A0009A61D7F88020D7F89030DA61BA6F7B6CD9
:1033B000D21AD7F890301A64D7F890304FF0000244
:1033C0005A64D7F890108A68CB689FED157B43EC60
:1033D000162B26EE077B9FED146B36EE477BB0EE87
:1033E000470B05F0A9FAB0EE407B9FED116B27EE7D
:1033F000067BF7EEC77BC7ED057AFA6FD7F89030FA
:103400009A6497F88C20D7F8903083F84C2000BF4E
:103410001837BD46BDE8B04004B07047AFF3008038
:1034200020D26F5F07CE793F66666666660272409D
:1034300079E92631080C344080B594B000AF87EDAF
:103440000A0B87ED081B87ED062B87ED043BF86020
:103450004FF000024FF00003C7E912234FF00002C3
:103460004FF00003C7E910234FF000024FF00003B4
:10347000C7E90E234FF000024FF00003C7E90C2309
:1034800007F1400207F148031146184697ED043B47
:1034900097ED062B97ED081B97ED0A0BFFF7D8FC6D
:1034A00097ED127B97ED106BB0EE461BB0EE470B1D
:1034B000FFF77AFC87ED000BFB683A681A607A68C0
:1034C0005A60FB68BA699A62FA69DA62FB683A691B
:1034D0001A637A695A6397ED127B97ED106BF9685E
:1034E0000A684B6807F1300107F1380043EC122BF2
:1034F000B0EE461BB0EE470BFFF78AFDD7E90E0191
:10350000FB6802469A630A46DA6300BF5037BD463D
:1035100080BDB0B592B000AF786287ED060B87ED45
:10352000041B87ED022B39627A603B60796A8A6AF4
:10353000CB6A796A0C6B4D6B07F1380107F14000DB
:1035400097ED043B97ED062B45EC114B43EC102B0C
:10355000FFF77EFC97ED107B97ED0E6B796A0A689A
:103560004B6807F1280107F1300043EC122BB0EE55
:10357000461BB0EE470BFFF74BFD796A0A684B68B4
:1035800097ED027B43EC162B37EE467BB0EE470BF4
:10359000FFF7C6FBB0EE407B3B6883ED007B97ED09
:1035A0000A7BB1EE477B3B6A83ED007B97ED0C7B9A
:1035B000B1EE477B7B6883ED007B00BF4837BD469B
:1035C000B0BD000080B483B000AF786039607B6824
:1035D000002B04DB4C4B1B687A689A4201DB00230A
:1035E0008CE04A4A7B68322101FB03F313441A68DA
:1035F0003B681A60454A7B68322101FB03F3D1180E
:103600004A688B6839684A608B60404A7B6832211F
:1036100001FB03F3134403F108014A688B6839681E
:10362000CA600B61394A7B68322101FB03F3134402
:1036300010335A683B685A61344A7B68322101FB77
:1036400003F3134418331A683B689A612F4A7B6866
:10365000322101FB03F3134418335A683B68DA61E3
:103660002A4A7B68322101FB03F3134420331A6892
:1036700013461A463B681A62244A7B68322101FBD2
:1036800003F3134420335A6813461A463B685A62C0
:103690001E4A7B68322101FB03F3134428331A6866
:1036A00013461A463B689A62184A7B68322101FB2E
:1036B00003F3134428335A6813461A463B68DA6208
:1036C000124A7B68322101FB03F3134430331A782A
:1036D0003B6883F830203B685B6A07EE903AF5EE72
:1036E000C07AF1EE10FA04DB3B680A2283F831203D
:1036F00003E03B68002283F83120012318460C3791
:10370000BD465DF8047B7047FCC9052470B60524EE
:1037100080B52DED028B9AB000AF87ED0C0B87EDD5
:103720000A1B87ED082B87ED063B87ED044BF860FD
:10373000B9607A604FF000024FF00003C7E914232C
:103740004FF000024FF00003C7E912234FF00002D0
:103750004FF00003C7E918234FF000024FF00003B9
:10376000C7E916234FF000024FF00003C7E910230A
:103770004FF000024FF00003C7E90E2397ED047BE2
:10378000B0EEC77BB7EE006BB4EEC67BF1EE10FA7D
:1037900001D500239FE097ED047BB1EE477B87EDD9
:1037A000147B97ED148B97ED087B9FED4F5B87EEB5
:1037B000056BB0EE460B05F06FFAB0EE406B88EE8D
:1037C000067B87ED127B97ED067B9FED475B87EECF
:1037D000056BB0EE460B05F01FFAB0EE406B97EDAF
:1037E000147B26EE078B97ED067B9FED3F5B87EE04
:1037F000056BB0EE460B05F0C7F9B0EE406B97EDE8
:10380000127B26EE077B38EE477B87ED187B97ED22
:10381000067B9FED355B87EE056BB0EE460B05F042
:10382000B3F9B0EE406B97ED147B26EE078B97ED66
:10383000067B9FED2D5B87EE056BB0EE460B05F02A
:10384000EBF9B0EE406B97ED127B26EE077B38EE7E
:10385000077B87ED167B07F1380207F1400311461D
:10386000184697ED163B97ED182B97ED0A1B97ED31
:103870000C0BFFF77DFBD7E91023F968C1E90023A2
:10388000D7E90E23B968C1E90023FB6893ED007BFB
:10389000BB6893ED006B07F1480207F15003114636
:1038A000184697ED0A3B97ED0C2BB0EE461BB0EE99
:1038B000470BFFF7CDFA97ED147B97ED126BB0EE47
:1038C000461BB0EE470BFFF76FFAB0EE407B7B680C
:1038D00083ED007B012318466837BD46BDEC028BA3
:1038E00080BD00BFAFF30080B694631ADCA54C40E6
:1038F00080B52DED028BA0B000AF87ED0C0B87EDEE
:103900000A1B87ED082B87ED063B87ED054AF9601A
:10391000BA607B600346FB744FF000024FF0000377
:10392000C7E914234FF000024FF00003C7E9122348
:103930004FF00003FB664FF00003BB674FF000033E
:103940007B674FF000033B674FF00003FB674FF0CE
:1039500000024FF00003C7E910234FF000024FF0C0
:103960000003C7E90E234FF000024FF00003C7E940
:1039700018234FF000024FF00003C7E9162307F1A8
:10398000480207F150031146184697ED063B97EDA4
:10399000082B97ED0A1B97ED0C0BFFF759FA97EDE3
:1039A000147B97ED126BB0EE461BB0EE470BFFF7A2
:1039B000FBF9B0EE407BF7EEC77BC7ED1B7A97EDC6
:1039C000146B97ED147B26EE076B97ED125B97ED6A
:1039D000127B25EE077B36EE077BB0EE470B04F03B
:1039E000ABFFB0EE407BF7EEC77BC7ED1E7AD7ED9D
:1039F000056A97ED1E7AC6EE877AB7EEE77AB0EEE3
:103A0000470B04F041FFB0EE407B9FED916B27EE3A
:103A1000067BF7EEC77BC7ED1D7AD7ED1B7AF5EE77
:103A2000C07AF1EE10FA2ADBD7ED1B7A9FED8A7A85
:103A3000F4EEC77AF1EE10FA21D897ED1B7AD7EDA4
:103A40001D7A77EE677A9FED847A77EE677AC7ED15
:103A50001C7A9FED817AD7ED1C7A77EE677A9FED1D
:103A60007F7A77EE877AC7ED1F7A9FED7B7AD7ED65
:103A70001C7A77EE677A7B68C3ED007A9AE0D7ED1F
:103A80001B7A9FED757AF4EEC77AF1EE10FA2ADD13
:103A9000D7ED1B7A9FED727AF4EEC77AF1EE10FA49
:103AA00021D897ED1B7AD7ED1D7A77EE677A9FEDD7
:103AB0006A7A77EEC77AC7ED1C7A9FED677AD7ED01
:103AC0001C7A77EE677A9FED647A77EE677AC7EDB6
:103AD0001F7AD7ED1C7A9FED607A77EE877A7B6844
:103AE000C3ED007A66E0D7ED1B7A9FED5D7AF4EEC8
:103AF000C77AF1EE10FA2ADDD7ED1B7A9FED577ADF
:103B0000F4EEC77AF1EE10FA21D897ED1B7AD7EDD3
:103B10001D7A77EE677A9FED517A77EE677AC7ED77
:103B20001C7A9FED4D7AD7ED1C7A77EE677A9FED80
:103B30004A7A77EE877AC7ED1F7A9FED487AD7EDFC
:103B40001C7A77EE677A7B68C3ED007A32E0D7EDB6
:103B50001B7A9FED427AF4EEC77AF1EE10FA29DD76
:103B6000D7ED1B7A9FED3F7AF4EEC77AF1EE10FAAB
:103B700020D597ED1B7AD7ED1D7A77EE677A9FED0A
:103B8000377A77EEC77AC7ED1C7A9FED337AD7ED97
:103B90001C7A77EE677A9FED307A77EE677AC7ED19
:103BA0001F7AD7ED1C7A9FED2D7A77EE877A7B68A6
:103BB000C3ED007AD7ED057AB7EEE78AD7ED1F7A25
:103BC000B7EEE77A9FED225B87EE056BB0EE460B12
:103BD00005F022F8B0EE407B28EE077B87ED187BDE
:103BE000D7ED057AB7EEE78AD7ED1F7AB7EEE77A19
:103BF0009FED175B87EE056BB0EE460B04F0C4FF3C
:103C0000B0EE407B28EE077B87ED167B07F138028C
:103C100007F140031146184697ED163B97ED182B18
:103C200097ED061B97ED080BFFF7A2F9D7E91023D4
:103C3000F968C1E90023D7E90E23B968C1E9002377
:103C4000012318468037BD46BDEC028B80BD00BF06
:103C5000B694631ADCA54C400000B44200008743D0
:103C6000000034430000B44380B52DED028BA0B0BA
:103C700000AF87ED120B87ED101B87ED0E2B87ED44
:103C80000C3B87ED0A4B87ED085B87ED066B87EDF4
:103C9000047BF860B9607A6007F1600207F168039D
:103CA0001146184697ED063B97ED082B97ED101B34
:103CB00097ED120BFFF7CCF897ED1A7B97ED186B89
:103CC000B0EE461BB0EE470BFFF76EF887ED1C0B0E
:103CD00097ED1A7B97ED186B07F1500207F1580327
:103CE0001146184697ED1C2BB0EE461BB0EE470B65
:103CF000FFF78EF997ED0A7BB5EEC07BF1EE10FA77
:103D00003FDD97ED0C6B97ED1C7B36EE477B97ED17
:103D10000A6B36EE077B87ED1E7B97ED167B97EDE2
:103D20000E6B36EE477BFB6883ED007B4C4B01222C
:103D300083F8582297ED046B97ED1C7B36EE477B9A
:103D4000B5EEC07BF1EE10FA0DDB97ED046B97ED4D
:103D50001C7B36EE477B9FED3C6B37EE467B7B68EA
:103D600083ED007B4CE097ED046B97ED1C7B36EE0A
:103D7000477B9FED376B37EE067B7B6883ED007BDF
:103D80003EE097ED1C6B97ED0C7B36EE476B97EDA5
:103D90000A7B36EE477B87ED1E7B97ED166B97ED22
:103DA0000E7B36EE477BFB6883ED007B2C4B0022BD
:103DB00083F8582297ED046B97ED1C7B36EE477B1A
:103DC000B5EEC07BF1EE10FA0DD897ED046B97EDD0
:103DD0001C7B36EE477B9FED1C6B37EE067B7B68CA
:103DE00083ED007B0CE097ED046B97ED1C7B36EECA
:103DF000477B9FED176B37EE467B7B6883ED007B3F
:103E000097ED0E7B37EE078B97ED1E7BB6EE006BC2
:103E100027EE067B9FED105B87EE056BB0EE460B41
:103E200004F0FAFEB0EE407B28EE077BB0EEC77BD5
:103E3000BB6883ED007B00BF8037BD46BDEC028BC5
:103E400080BD00BFAFF3008000000000008056403E
:103E50000000000000E07040B694631ADCA54C40FE
:103E6000ACAE05240000000080B58AB000AF87ED3D
:103E7000040B87ED021B87ED002B00237B624FF0C4
:103E800000024FF00003C7E9062397ED007B9FED8A
:103E9000105B87EE056BB0EE460B04F075FEB0EEDE
:103EA000406B97ED027B27EE067B87ED067B97ED57
:103EB000045B97ED066B85EE067BFDEEC77B17EE88
:103EC000903A7B627B6A18462837BD4680BD00BFAA
:103ED000B694631ADCA54C4084B080B485B000AFC2
:103EE00007F1180C8CE80F0087ED000B144BD3ED95
:103EF000007AB7EEE76A97ED007B9FED0F5B27EE48
:103F0000057B36EE077BF7EEC77B0D4BC3ED007AE2
:103F100097ED307A0A4BD3ED007A77EE677AC7EDEA
:103F2000037AFB6807EE903AB0EE670A1437BD4695
:103F30005DF8047B04B070477B14AE47E17A743FB0
:103F400000CA052482B0B0B5C4B028AF7863396325
:103F500087ED0A0B87ED081B87ED062B87ED043BE9
:103F600007F1800181E80C0087ED024B4FF0000261
:103F70004FF00003C7E914234FF000024FF0000395
:103F8000C7E912234FF000024FF00003C7E91023E6
:103F90004FF000024FF00003C7E918234FF0000272
:103FA0004FF00003C7E90E238C4BFB65002387F815
:103FB0006F30684607F19003A022194608F0A8FD6B
:103FC00007F180030FCB97ED020BFFF785FFF0EEB3
:103FD000407AB7EEE77A87ED187B97ED487AD7ED10
:103FE000497A37EE277AD7ED177A77EE277AB7EE48
:103FF000E77A97ED186BB4EEC76BF1EE10FA2ADD95
:10400000012387F86F30D7F88040D7F88450D7F86D
:1040100098303B60D7F89C307B60D7ED437AB7EEA1
:10402000E73AD7ED407AB7EEE74A07F1380207F1F1
:10403000480107F15003184697ED067B97ED086B92
:1040400097ED0A5B97ED042B97ED001B45EC104BA9
:10405000FFF70AFEA3E097ED497AD7ED177A77EEDE
:10406000277AB7EEE77A97ED186BB4EEC76BF1EEEF
:1040700010FA4CDD022387F86F3007F59673584924
:10408000184608F0E2FC0346002B08D007F59673AB
:104090005449184608F0D9FC0346002B27D1D7F81D
:1040A0009040D7F89450D7F8A8303B60D7F8AC30A0
:1040B0007B60D7ED457AB7EEE73AD7ED427AB7EEB7
:1040C000E74A07F1380207F1480107F150031846A3
:1040D00097ED067B97ED086B97ED0A5B97ED042B48
:1040E00097ED001B45EC104BFFF7BEFD57E007F1C5
:1040F000380307F1400207F1500197ED062B97EDC9
:10410000081B97ED0A0B786BFFF703FA47E0D7ED32
:10411000177AB7EEE77A97ED186BB4EEC76BF1EE4E
:1041200010FA2ADD032387F86F30D7F88840D7F8D4
:104130008C50D7F8A0303B60D7F8A4307B60D7ED27
:10414000447AB7EEE73AD7ED417AB7EEE74A07F19E
:10415000380207F1480107F15003184697ED067B36
:1041600097ED086B97ED0A5B97ED042B97ED001B1D
:1041700045EC104BFFF778FD11E0042387F86F3012
:1041800007F1380307F1400207F1500197ED062BC4
:1041900097ED081B97ED0A0B386BFFF7BAF9D7E9D3
:1041A0001423D7F83011C1E90023D7F83411D7E927
:1041B0001823C1E90023D7E90E23D7F83811C1E944
:1041C0000023D7F83C3197F86F201A7000BF703782
:1041D000BD46BDE8B04002B0704700BF0000F041EE
:1041E0008C0B0808900B080880B592B000AF87EDE3
:1041F000080B87ED061B87ED042B87ED023B7860EB
:1042000039604FF000024FF00003C7E910234FF070
:1042100000024FF00003C7E90E234FF000024FF0F9
:104220000003C7E90C234FF000024FF00003C7E979
:104230000A2397ED047BB1EE477B9FED215B87EE70
:10424000056BB0EE460B04F0E7FCB0EE406B97ED6B
:10425000027B27EE067B87ED107B97ED047BB1EEAA
:10426000477B9FED175B87EE056BB0EE460B04F0C6
:104270008BFCB0EE406B97ED027B27EE067B87ED63
:104280000E7B07F1280207F130031146184697ED1F
:104290000E3B97ED102B97ED061B97ED080BFEF7E5
:1042A00067FED7E90C237968C1E90023D7E90A231F
:1042B0003968C1E9002300BF4837BD4680BD00BF53
:1042C000B694631ADCA54C40F0B52DED028BD1B04D
:1042D00000AF07F5A073A3F58273186007F13003F0
:1042E00083ED000B07F1300303ED021B07F5A0730C
:1042F000A3F5847383ED002A07F1200383ED003BCF
:1043000007F1200303ED024B07F5A073A3F59673A5
:10431000C3ED002A07F5A073A3F5987383ED005A47
:1043200007F16803B0220021184607F0B8FD4FF0EE
:1043300000024FF00003C7E918234FF000024FF0CE
:104340000003C7E916234FF000024FF00003C7E94E
:1043500014234FF000024FF00003C7E912234FF07F
:104360000003C7F830314FF00003C7F82C31E64B9B
:104370007B644FF00003C7F834314FF00003C7F8F7
:10438000283107F1580207F1600307F120018C463C
:1043900007F120010E4607F130010D4607F130010B
:1043A0000C46114618461CED023B96ED002B15ED10
:1043B000021B94ED000BFEF74BFD97ED187B97ED7C
:1043C000166BB0EE461BB0EE470BFEF7EDFCB0EE01
:1043D000407BF7EEC77BCD4BC3ED187A07F1440362
:1043E000CB49184608F031FB0346002B40F03683DA
:1043F00007F5A073A3F59873D3ED007AB7EEE78ABB
:1044000007F5A073A3F58473D3ED007AF1EE677A14
:10441000B7EEE77A9FEDBA5B87EE056BB0EE460B21
:1044200004F0B2FBB0EE407B28EE077BF7EEC77BD3
:10443000C7ED4C7A07F5A073A3F59873D3ED007A16
:10444000F1EE677AB7EEE78A07F5A073A3F58473F8
:10445000D3ED007AF1EE677AB7EEE77A9FEDA85BCD
:1044600087EE056BB0EE460B04F0D6FBB0EE407B5A
:1044700028EE077BF7EEC77BC7ED4B7AD7ED4C7A7A
:10448000B7EEE77AD7ED4B6AB7EEE66A07F130038D
:104490001A4607F130039F499C48B0EE463BB0EE08
:1044A000472B12ED021B93ED000BFEF761FD9749C0
:1044B0000A684B6895498C69CD6907F1580107F185
:1044C000600007F13006B44607F130061CED023BF0
:1044D00096ED002B45EC114B43EC102BFEF7B8FC8E
:1044E00097ED187B97ED166BB0EE461BB0EE470BC1
:1044F000FEF75AFCB0EE407BF7EEC77B834BC3ED73
:104500001A7A07F5A073A3F59873D3ED007AB7EE86
:10451000E78A07F5A073A3F59673D3ED007AF1EE61
:10452000677AB7EEE77A9FED765B87EE056BB0EEC4
:10453000460B04F029FBB0EE407B28EE077BF7EE3C
:10454000C77BC7ED4C7A07F5A073A3F59873D3ED3D
:10455000007AF1EE677AB7EEE78A07F5A073A3F564
:104560009673D3ED007AF1EE677AB7EEE77A9FEDB6
:10457000645B87EE056BB0EE460B04F04DFBB0EECE
:10458000407B28EE077BF7EEC77BC7ED4B7AD7ED74
:104590004C7AB7EEE77AD7ED4B6AB7EEE66A07F1E9
:1045A00020031A4607F120035B495C48B0EE463B06
:1045B000B0EE472B12ED021B93ED000BFEF7D8FC7B
:1045C00052498A68CB6851490C6A4D6A07F1580113
:1045D00007F1600007F12006B44607F120061CED44
:1045E000023B96ED002B45EC114B43EC102BFEF7F4
:1045F0002FFC97ED187B97ED166BB0EE461BB0EED7
:10460000470BFEF7D1FBB0EE407BF7EEC77B3F4B8D
:10461000C3ED1B7A3D490A684B683C498C69CD69FA
:104620003A498868B860C968F9603849086A3860EA
:10463000496A796007F1580107F1600097ED003B86
:1046400097ED022B45EC114B43EC102BFEF700FCD1
:1046500097ED187B97ED166BB0EE461BB0EE470B4F
:10466000FEF7A2FBB0EE407BF7EEC77B274BC3ED16
:10467000197A97ED187B97ED166B244BD3ED195AE9
:10468000B7EEE55A07F1480207F150031146184604
:10469000B0EE452BB0EE461BB0EE470BFEF7B8FC74
:1046A00097ED147BF7EEC77B184BC3ED267A174BBB
:1046B000D3ED197A9FED1A7A77EEC77AB7EEE77ADB
:1046C000B0EE470BFEF7E4FAB0EE407BF7EEC77BA7
:1046D0000E4BC3ED1C7A0D4BD3ED197A9FED107A7A
:1046E00077EEC77AB7EEE77AB0EE470BFEF7D0FA6F
:1046F000B0EE407BF7EEC77B044BC3ED1D7A11E0B3
:10470000B694631ADCA54C405253520004CA0524E7
:10471000940B08081CCA052424CA05240CCA0524C5
:104720000000B44207F5A073A3F59873D3ED007AA7
:10473000B7EEE78AE24BD3ED1C7AB7EEE77A9FED4E
:10474000DE5B87EE056BB0EE460B04F065FAB0EE6B
:10475000407B28EE077BF7EEC77BC7ED4C7A07F569
:10476000A073A3F59873D3ED007AB7EEE78AD44B24
:10477000D3ED1C7AB7EEE77A9FEDCF5B87EE056B42
:10478000B0EE460B04F000FAB0EE407B28EE077B5B
:10479000F7EEC77BC7ED4B7AC9490A684B68C84931
:1047A0008C69CD69D7ED4C7AB7EEE77AD7ED4B6AD5
:1047B000B7EEE66AC349C448B0EE463BB0EE472BBD
:1047C00045EC114B43EC102BFEF7D2FB07F5A07321
:1047D000A3F59873D3ED007AB7EEE78AB84BD3ED23
:1047E0001D7AB7EEE77A9FEDB45B87EE056BB0EE0E
:1047F000460B04F011FAB0EE407B28EE077BF7EE93
:10480000C77BC7ED4C7A07F5A073A3F59873D3ED7A
:10481000007AB7EEE78AAA4BD3ED1D7AB7EEE77AB6
:104820009FEDA55B87EE056BB0EE460B04F0ACF98F
:10483000B0EE407B28EE077BF7EEC77BC7ED4B7AE7
:104840009F498A68CB689E490C6A4D6AD7ED4C7ABD
:10485000B7EEE77AD7ED4B6AB7EEE66A9B499C481C
:10486000B0EE463BB0EE472B45EC114B43EC102B22
:10487000FEF77EFB924B93ED197A07F5A073A3F533
:104880009673DFED946AD3ED007A76EEE77AB4EEB4
:10489000E77AF1EE10FA23DD894B93ED197A07F5EB
:1048A000A073A3F59673DFED8B6AD3ED007A76EEF5
:1048B000E77AF1EE046A77EEA67AB4EEE77AF1EEE3
:1048C00010FA0DD57E4B93ED1D7A7D4BD3ED1B7AFF
:1048D00077EE677AB6EE007A77EE877AC7ED4D7A93
:1048E000774B93ED1C7A764BD3ED1A7A77EE677A95
:1048F000C7ED4F7AD7ED4F7AF5EEC07AF1EE10FAA8
:1049000007D5D7ED4F7A9FED737A77EE877AC7EDAB
:104910004F7AD7ED4F7AB6EE007A67EE877A684B1A
:10492000C3ED207A664BD3ED1A7AB7EEE76AD7ED7E
:104930004F7AB7EEE77AB6EE005B27EE057B36EEF0
:10494000077BF7EEC77B5E4BC3ED237A5C4B93EDA1
:104950001B7A5B4BD3ED1D7A77EE677A97ED4D7A34
:1049600077EE277AC7ED4E7AD7ED4E7AF5EEC07A1C
:10497000F1EE10FA07D5D7ED4E7A9FED567A77EE25
:10498000877AC7ED4E7AD7ED4E7AB6EE007A67EEAB
:10499000877A4B4BC3ED217A494BD3ED1D7AB7EEA5
:1049A000E76AD7ED4E7AB7EEE77AB6EE005B27EE10
:1049B000057B36EE077BF7EEC77B414BC3ED247AD0
:1049C00007F5A073A3F5987393ED007AD7ED4F7AAE
:1049D00067EE277AB7EEE76A9FED375B86EE057BD9
:1049E000F7EEC77B364BC3ED277A354BD3F89830BB
:1049F000334AC2F8A03007F5A073A3F5987393ED7E
:104A0000007AD7ED4E7A67EE277AB7EEE76A9FED28
:104A10002A5B86EE057BF7EEC77B294BC3ED297A2F
:104A2000274B93ED277A264BD3ED287A37EE277A5A
:104A3000234BD3ED297A77EE277A214BC3ED2A7ADF
:104A400007F144031946244808F009F807F1680300
:104A50001B49184602F058FB204B7B6407F14403C6
:104A60001F49184607F0F1FF0346002B40F0BA83B8
:104A700007F5A073A3F59873D3ED007AB7EEE78A34
:104A800007F5A073A3F58473D3ED007AF1EE677A8E
:104A9000B7EEE77A9FED085B87EE056BB0EE460B4D
:104AA00004F072F8B0EE407B28EE077BF7EEC77B90
:104AB00018E000BFAFF30080B694631ADCA54C4049
:104AC00004CA052444CA052434CA05244CCA052452
:104AD0003CCA05240000B443B0CA052452534C001C
:104AE000980B0808C7ED4C7A07F5A073A3F59873E7
:104AF000D3ED007AF1EE677AB7EEE78A07F5A07397
:104B0000A3F58473D3ED007AF1EE677AB7EEE77A16
:104B10009FEDE35B87EE056BB0EE460B04F07CF88F
:104B2000B0EE407B28EE077BF7EEC77BC7ED4B7AF4
:104B3000D7ED4C7AB7EEE77AD7ED4B6AB7EEE66A77
:104B400007F130031A4607F13003D949D948B0EECE
:104B5000463BB0EE472B12ED021B93ED000BFEF728
:104B600007FAD4490A684B68D2498C69CD6907F1C4
:104B7000580107F1600007F13006B44607F130062E
:104B80001CED023B96ED002B45EC114B43EC102B3A
:104B9000FEF75EF997ED187B97ED166BB0EE461BAE
:104BA000B0EE470BFEF700F9B0EE407BF7EEC77BA7
:104BB000C04BC3ED1A7A07F5A073A3F59873D3ED34
:104BC000007AB7EEE78A07F5A073A3F59673D3EDE5
:104BD000007AF1EE677AB7EEE77A9FEDB15B87EE88
:104BE000056BB0EE460B03F0CFFFB0EE407B28EE36
:104BF000077BF7EEC77BF1EE677AC7ED4C7A07F5D6
:104C0000A073A3F59873D3ED007AF1EE677AB7EE4F
:104C1000E78A07F5A073A3F59673D3ED007AB7EE94
:104C2000E77A9FED9F5B87EE056BB0EE460B03F0D6
:104C3000F3FFB0EE407B28EE077BF7EEC77BC7EDB6
:104C40004B7AD7ED4C7AB7EEE77AD7ED4B6AB7EEF1
:104C5000E66A07F120031A4607F1200396499748B0
:104C6000B0EE463BB0EE472B12ED021B93ED000B6E
:104C7000FEF77EF98F498A68CB688E490C6A4D6AC7
:104C800007F1580107F1600007F12006B44607F16B
:104C900020061CED023B96ED002B45EC114B43EC3E
:104CA000102BFEF7D5F897ED187B97ED166BB0EE4D
:104CB000461BB0EE470BFEF777F8B0EE407BF7EE01
:104CC000C77B7C4BC3ED1B7A7A490A684B687949EC
:104CD0008C69CD6977498868B860C968F960754999
:104CE000086A3860496A796007F1580107F1600085
:104CF00097ED003B97ED022B45EC114B43EC102B4D
:104D0000FEF7A6F897ED187B97ED166BB0EE461BF5
:104D1000B0EE470BFEF748F8B0EE407BF7EEC77BEE
:104D2000644BC3ED197A97ED187B97ED166B614BC9
:104D3000D3ED195AB7EEE55A07F1480207F15003CF
:104D400011461846B0EE452BB0EE461BB0EE470BB1
:104D5000FEF75EF997ED147BF7EEC77B554BC3ED7D
:104D6000267A544B93ED267A07F5A073A3F5987332
:104D7000D3ED007A77EEA77AB4EEE77AF1EE10FA87
:104D800040F328824B4BD3ED197AB7EEE78A07F54B
:104D9000A073A3F59873D3ED007AB7EEE76A454B9D
:104DA000D3ED267AB7EEE77AB6EE005B27EE057B09
:104DB00086EE075BB0EE450B03F03AFDB0EE407BAC
:104DC0009FED376B27EE067B38EE477BB0EE470B47
:104DD000FDF75EFFB0EE407BF7EEC77B354BC3EDD2
:104DE0001C7A344BD3ED197AB7EEE78A07F5A07336
:104DF000A3F59873D3ED007AB7EEE76A2D4BD3EDA8
:104E0000267AB7EEE77AB6EE005B27EE057B86EEF4
:104E1000075BB0EE450B03F00BFDB0EE407B9FED62
:104E2000206B27EE067B38EE477B9FED1F6B37EE3E
:104E3000067BB0EE470BFDF72BFFB0EE407BF7EEA5
:104E4000C77B1C4BC3ED1D7A07F5A073A3F59873C0
:104E5000D3ED007AB7EEE76A164BD3ED267AB7EEBC
:104E6000E77AB6EE005B27EE057B86EE075BB0EED9
:104E7000450B03F0DDFCB0EE407BF7EEC77BC7EDE2
:104E8000497A07F5A073A3F59873D3ED007AB7EECE
:104E9000E78A084BD3ED1C7AB7EEE77A10E000BF43
:104EA000B694631ADCA54C40000000000080664008
:104EB0001CCA052404CA052424CA05240CCA0524D6
:104EC0009FEDBB5B87EE056BB0EE460B03F0A4FED7
:104ED000B0EE407B28EE077BF7EEC77BC7ED4C7A40
:104EE00007F5A073A3F59873D3ED007AB7EEE78AC0
:104EF000B14BD3ED1C7AB7EEE77A9FEDAD5B87EE51
:104F0000056BB0EE460B03F03FFEB0EE407B28EEA3
:104F1000077BF7EEC77BC7ED4B7AA7490A684B685A
:104F2000A5498C69CD69D7ED4C7AB7EEE77AD7ED14
:104F30004B6AB7EEE66AA149A148B0EE463BB0EE37
:104F4000472B45EC114B43EC102BFEF711F807F5FE
:104F5000A073A3F59873D3ED007AB7EEE78A964B6A
:104F6000D3ED1D7AB7EEE77A9FED915B87EE056B87
:104F7000B0EE460B03F050FEB0EE407B28EE077B10
:104F8000F7EEC77BC7ED4C7A07F5A073A3F59873CE
:104F9000D3ED007AB7EEE78A874BD3ED1D7AB7EEF3
:104FA000E77A9FED835B87EE056BB0EE460B03F06F
:104FB000EBFDB0EE407B28EE077BF7EEC77BC7ED3D
:104FC0004B7A7D498A68CB687B490C6A4D6AD7ED7C
:104FD0004C7AB7EEE77AD7ED4B6AB7EEE66A7949D5
:104FE0007948B0EE463BB0EE472B45EC114B43EC15
:104FF000102BFDF7BDFF704B93ED1C7A6E4BD3ED7C
:105000001A7A77EE677AC7ED4F7AD7ED4F7AF5EED9
:10501000C07AF1EE10FA07D5D7ED4F7A9FED6B7A93
:1050200077EE877AC7ED4F7AD7ED4F7AB6EE007AF2
:1050300067EE877A604BC3ED207A5F4BD3ED1A7A27
:10504000B7EEE76AD7ED4F7AB7EEE77AB6EE005BD8
:1050500027EE057B36EE077BF7EEC77B564BC3ED9D
:10506000237A554B93ED1D7A534BD3ED1B7A77EE94
:10507000677AC7ED4E7AD7ED4E7AF5EEC07AF1EE4B
:1050800010FA07D5D7ED4E7A9FED507A77EE877AF2
:10509000C7ED4E7AD7ED4E7AF1EE677AB6EE007A2A
:1050A00067EE877A444BC3ED217A434BD3ED1D7AEB
:1050B000B7EEE76AD7ED4E7AB7EEE77AB6EE005B69
:1050C00027EE057B36EE477BF7EEC77B3A4BC3ED09
:1050D000247A07F5A073A3F5987393ED007AD7EDC2
:1050E0004F7A67EE277AB7EEE76A9FED315B86EE7F
:1050F000057BF7EEC77B304BC3ED277A2E4BD3ED04
:10510000267AB7EEE78AD7ED497AB7EEE77AB0EEBE
:10511000470B03F081FDB0EE407B28EE077BF7EEF6
:10512000C77B254BC3ED287A07F5A073A3F59873C9
:1051300093ED007AD7ED4E7A67EE277AB7EEE76AFD
:105140009FED1B5B86EE057BF7EEC77B1A4BC3ED2D
:10515000297A194B93ED277A174BD3ED287A37EE3E
:10516000277A154BD3ED297A77EE277A124BC3EDC8
:105170002A7A97ED447A104BD3ED2A7AB4EEE77A87
:10518000F1EE10FA06D507F1680319460A4801F056
:10519000BBFF25E007F1440319460D4807F05FFC0B
:1051A00007F168030449184601F0AEFF18E000BF9C
:1051B000B694631ADCA54C4004CA052444CA0524ED
:1051C00034CA05244CCA05243CCA05240000B44353
:1051D000B0CA052407F168031946E54801F094FFB9
:1051E000E44B7B6407F14403E349184607F02DFCC8
:1051F0000346002B40F0A28307F5A073A3F5987334
:10520000D3ED007AF1EE677AB7EEE78A07F5A0737F
:10521000A3F58473D3ED007AF1EE677AB7EEE77AFF
:105220009FEDD15B87EE056BB0EE460B03F0ACFC57
:10523000B0EE407B28EE077BF7EEC77BC7ED4C7ADC
:1052400007F5A073A3F59873D3ED007AB7EEE78A5C
:1052500007F5A073A3F58473D3ED007AF1EE677AB6
:10526000B7EEE77A9FEDC05B87EE056BB0EE460BBD
:1052700003F0D2FCB0EE407B28EE077BF7EEC77B55
:10528000C7ED4B7AD7ED4C7AB7EEE77AD7ED4B6A9C
:10529000B7EEE66A07F130031A4607F13003B74963
:1052A000B348B0EE463BB0EE472B12ED021B93ED38
:1052B000000BFDF75DFEAE490A684B68AC498C698E
:1052C000CD6907F1580107F1600007F13006B446D7
:1052D00007F130061CED023B96ED002B45EC114B1F
:1052E00043EC102BFDF7B4FD97ED187B97ED166B93
:1052F000B0EE461BB0EE470BFDF756FDB0EE407B1F
:10530000F7EEC77B9A4BC3ED1A7A07F5A073A3F5A6
:105310009873D3ED007AB7EEE78A07F5A073A3F58B
:105320009673D3ED007AF1EE677AB7EEE77A9FEDE8
:105330008E5B87EE056BB0EE460B03F025FCB0EEFE
:10534000407B28EE077BF7EEC77BC7ED4C7A07F56D
:10535000A073A3F59873D3ED007AB7EEE78A07F54B
:10536000A073A3F59673D3ED007AB7EEE77A9FEDBD
:105370007E5B87EE056BB0EE460B03F04DFCB0EEA6
:10538000407B28EE077BF7EEC77BC7ED4B7AD7ED66
:105390004C7AB7EEE77AD7ED4B6AB7EEE66A07F1DB
:1053A00020031A4607F1200375497648B0EE463BC4
:1053B000B0EE472B12ED021B93ED000BFDF7D8FD6D
:1053C0006B498A68CB686A490C6A4D6A07F15801D3
:1053D00007F1600007F12006B44607F120061CED36
:1053E000023B96ED002B45EC114B43EC102BFDF7E7
:1053F0002FFD97ED187B97ED166BB0EE461BB0EEC8
:10540000470BFDF7D1FCB0EE407BF7EEC77B584B66
:10541000C3ED1B7A56490A684B6855498C69CD69BA
:1054200053498868B860C968F9605149086A3860AA
:10543000496A796007F1580107F1600097ED003B78
:1054400097ED022B45EC114B43EC102BFDF700FDC3
:1054500097ED187B97ED166BB0EE461BB0EE470B41
:10546000FDF7A2FCB0EE407BF7EEC77B404BC3EDEF
:10547000197A97ED187B97ED166B3D4BD3ED195AC2
:10548000B7EEE55A07F1480207F1500311461846F6
:10549000B0EE452BB0EE461BB0EE470BFDF7B8FD66
:1054A00097ED147BF7EEC77B314BC3ED267A304B7B
:1054B00093ED267A07F5A073A3F59873D3ED007AE0
:1054C00077EEA77AB4EEE77AF1EE10FA40F32E8287
:1054D000274BD3ED197AB7EEE78A07F5A073A3F54A
:1054E0009873D3ED007AB7EEE76A214BD3ED267AB5
:1054F000B7EEE77AB6EE005B27EE057B86EE075B3C
:10550000B0EE450B03F094F9B0EE407B9FED166BC7
:1055100027EE067B38EE077BB0EE470BFDF7B8FBB6
:10552000B0EE407BF7EEC77B114BC3ED1C7A104BFE
:10553000D3ED197AB7EEE78A07F5A073A3F5987350
:10554000D3ED007AB7EEE76A094BD3ED267AB7EED2
:10555000E77AB6EE005B27EE057B86EE075BB0EEE2
:10556000450B11E0AFF30080B694631ADCA54C4004
:1055700004CA05244C5352009C0B08081CCA05247D
:1055800024CA05240CCA052403F052F9B0EE407B6E
:105590009FEDDB6B27EE067B38EE077B9FEDDA6B2A
:1055A00037EE467BB0EE470BFDF772FBB0EE407B6B
:1055B000F7EEC77BD64BC3ED1D7A07F5A073A3F5B5
:1055C0009873D3ED007AB7EEE76AD14BD3ED267A24
:1055D000B7EEE77AB6EE005B27EE057B86EE075B5B
:1055E000B0EE450B03F024F9B0EE407BF7EEC77B3D
:1055F000C7ED497A07F5A073A3F59873D3ED007A48
:10560000B7EEE78AC24BD3ED1C7AB7EEE77A9FED8F
:10561000BC5B87EE056BB0EE460B03F0FDFAB0EE17
:10562000407B28EE077BF7EEC77BC7ED4C7A07F58A
:10563000A073A3F59873D3ED007AB7EEE78AB44B65
:10564000D3ED1C7AB7EEE77A9FEDAD5B87EE056B85
:10565000B0EE460B03F098FAB0EE407B28EE077BE5
:10566000F7EEC77BC7ED4B7AA9490A684B68A84992
:105670008C69CD69D7ED4C7AB7EEE77AD7ED4B6AF6
:10568000B7EEE66AA349A448B0EE463BB0EE472B1E
:1056900045EC114B43EC102BFDF76AFC07F5A073AA
:1056A000A3F59873D3ED007AB7EEE78A984BD3ED64
:1056B0001D7AB7EEE77A9FED925B87EE056BB0EE51
:1056C000460B03F0A9FAB0EE407B28EE077BF7EE1D
:1056D000C77BC7ED4C7A07F5A073A3F59873D3ED9C
:1056E000007AB7EEE78A8A4BD3ED1D7AB7EEE77AF8
:1056F0009FED835B87EE056BB0EE460B03F044FA3B
:10570000B0EE407B28EE077BF7EEC77BC7ED4B7A08
:105710007F498A68CB687E490C6A4D6AD7ED4C7A1E
:10572000B7EEE77AD7ED4B6AB7EEE66A7B497C487D
:10573000B0EE463BB0EE472B45EC114B43EC102B43
:10574000FDF716FC724B93ED1A7A714BD3ED1C7A70
:1057500077EE677AC7ED4F7AD7ED4F7AF5EEC07ADC
:10576000F1EE10FA07D5D7ED4F7A9FED6E7A77EE0E
:10577000877AC7ED4F7AD7ED4F7AF1EE677AB6EEBA
:10578000007A67EE877A624BC3ED207A604BD3EDE7
:105790001A7AB7EEE76AD7ED4F7AB7EEE77AB6EE48
:1057A000005B27EE057B36EE477BF7EEC77B584B59
:1057B000C3ED237A564B93ED1B7A554BD3ED1D7AEF
:1057C00077EE677AC7ED4E7AD7ED4E7AF5EEC07A6E
:1057D000F1EE10FA07D5D7ED4E7A9FED527A77EEBB
:1057E000877AC7ED4E7AD7ED4E7AB6EE007A67EE3D
:1057F000877A474BC3ED217A454BD3ED1D7AB7EE3F
:10580000E76AD7ED4E7AB7EEE77AB6EE005B27EEA1
:10581000057B36EE077BF7EEC77B3D4BC3ED247A65
:1058200007F5A073A3F5987393ED007AD7ED4F7A3F
:1058300067EE277AB7EEE76A9FED315B86EE057B70
:10584000F7EEC77B324BC3ED277A314BD3ED267A87
:10585000B7EEE78AD7ED497AB7EEE77AB0EE470BB5
:1058600003F0DAF9B0EE407B28EE077BF7EEC77B5A
:10587000274BC3ED287A07F5A073A3F5987393ED32
:10588000007AD7ED4E7A67EE277AB7EEE76A9FED9A
:105890001C5B86EE057BF7EEC77B1D4BC3ED297ABB
:1058A0001B4B93ED277A1A4BD3ED287A37EE277AE4
:1058B000174BD3ED297A77EE277A154BC3ED2A7A69
:1058C00097ED447A124BD3ED2A7AB4EEE77AF1EEF3
:1058D00010FA06D507F1680319460D4801F014FCCB
:1058E0002AE007F1440319460F4807F0B8F807F11A
:1058F00068030749184601F007FC1DE0AFF300807C
:10590000B694631ADCA54C4000000000008066409D
:1059100004CA052444CA052434CA05244CCA0524F3
:105920003CCA05240000B443B0CA052407F168034B
:105930001946E54801F0E8FBE44B7B6407F14403BA
:10594000E349184607F081F80346002B40F08683B0
:1059500007F5A073A3F59873D3ED007AF1EE677A9B
:10596000B7EEE78A07F5A073A3F58473D3ED007A49
:10597000F1EE677AB7EEE77A9FEDD15B87EE056BC4
:10598000B0EE460B03F000F9B0EE407B28EE077B4B
:10599000F7EEC77BC7ED4C7A07F5A073A3F59873B4
:1059A000D3ED007AB7EEE78A07F5A073A3F5847309
:1059B000D3ED007AF1EE677AB7EEE77A9FEDC05B40
:1059C00087EE056BB0EE460B03F026F9B0EE407B98
:1059D00028EE077BF7EEC77BC7ED4B7AD7ED4C7A05
:1059E000B7EEE77AD7ED4B6AB7EEE66A07F1300318
:1059F0001A4607F13003B749B348B0EE463BB0EE64
:105A0000472B12ED021B93ED000BFDF7B1FAAE49E7
:105A10000A684B68AC498C69CD6907F1580107F1F8
:105A2000600007F13006B44607F130061CED023B7A
:105A300096ED002B45EC114B43EC102BFDF708FACB
:105A400097ED187B97ED166BB0EE461BB0EE470B4B
:105A5000FDF7AAF9B0EE407BF7EEC77B9A4BC3ED9A
:105A60001A7A07F5A073A3F59873D3ED007AF1EED7
:105A7000677AB7EEE78A07F5A073A3F59673D3EDBF
:105A8000007AF1EE677AB7EEE77A9FED8D5B87EEED
:105A9000056BB0EE460B03F077F8B0EE407B28EED6
:105AA000077BF7EEC77BC7ED4C7A07F5A073A3F52C
:105AB0009873D3ED007AB7EEE78A07F5A073A3F5E4
:105AC0009673D3ED007AF1EE677AB7EEE77A9FED41
:105AD0007C5B87EE056BB0EE460B03F09DF8B0EEF5
:105AE000407B28EE077BF7EEC77BC7ED4B7AD7EDFF
:105AF0004C7AB7EEE77AD7ED4B6AB7EEE66A07F174
:105B000020031A4607F1200373497448B0EE463B60
:105B1000B0EE472B12ED021B93ED000BFDF728FAB8
:105B200069498A68CB6868490C6A4D6A07F158016F
:105B300007F1600007F12006B44607F120061CEDCE
:105B4000023B96ED002B45EC114B43EC102BFDF77F
:105B50007FF997ED187B97ED166BB0EE461BB0EE14
:105B6000470BFDF721F9B0EE407BF7EEC77B564BB4
:105B7000C3ED1B7A54490A684B6853498C69CD6957
:105B800051498868B860C968F9604F49086A386047
:105B9000496A796007F1580107F1600097ED003B11
:105BA00097ED022B45EC114B43EC102BFDF750F910
:105BB00097ED187B97ED166BB0EE461BB0EE470BDA
:105BC000FDF7F2F8B0EE407BF7EEC77B3E4BC3ED3E
:105BD000197A97ED187B97ED166B3B4BD3ED195A5D
:105BE000B7EEE55A07F1480207F15003114618468F
:105BF000B0EE452BB0EE461BB0EE470BFDF708FAB2
:105C000097ED147BF7EEC77B2F4BC3ED267A2E4B17
:105C1000D3ED197A9FED327A77EE877AB7EEE77A8D
:105C2000B0EE470BFDF734F8B0EE407BF7EEC77BE4
:105C3000254BC3ED1C7A244BD3ED197A9FED287ABE
:105C400077EE877AB7EEE77AB0EE470BFDF720F8EC
:105C5000B0EE407BF7EEC77B1B4BC3ED1D7A07F51B
:105C6000A073A3F59873D3ED007AB7EEE78A164BCD
:105C7000D3ED1C7AB7EEE77A9FED115B87EE056BEB
:105C8000B0EE460B02F0C8FFB0EE407B28EE077B7B
:105C9000F7EEC77BC7ED4C7A07F5A073A3F59873B1
:105CA000D3ED007AB7EEE78A074BD3ED1C7AB7EE57
:105CB000E77A9FED035B87EE056BB0EE460B11E0D4
:105CC000B694631ADCA54C4004CA05244C534C001E
:105CD000A00B08081CCA052424CA05240CCA0524E4
:105CE0000000B44202F050FFB0EE407B28EE077B8C
:105CF000F7EEC77BC7ED4B7ACB490A684B68CA49B8
:105D00008C69CD69D7ED4C7AB7EEE77AD7ED4B6A5F
:105D1000B7EEE66AC549C648B0EE463BB0EE472B43
:105D200045EC114B43EC102BFDF722F907F5A0735E
:105D3000A3F59873D3ED007AB7EEE78ABA4BD3EDAB
:105D40001D7AB7EEE77A9FEDB45B87EE056BB0EE98
:105D5000460B02F061FFB0EE407B28EE077BF7EECA
:105D6000C77BC7ED4C7A07F5A073A3F59873D3ED05
:105D7000007AB7EEE78AAC4BD3ED1D7AB7EEE77A3F
:105D80009FEDA55B87EE056BB0EE460B02F0FCFEC7
:105D9000B0EE407B28EE077BF7EEC77BC7ED4B7A72
:105DA000A1498A68CB68A0490C6A4D6AD7ED4C7A44
:105DB000B7EEE77AD7ED4B6AB7EEE66A9D499E48A3
:105DC000B0EE463BB0EE472B45EC114B43EC102BAD
:105DD000FDF7CEF807F5A073A3F596739FED977ABC
:105DE000D3ED007A77EE677AF0EEE77AB7EEE77AEE
:105DF0009FED8B6BB4EEC67BF1EE10FA0FD507F575
:105E0000A073A3F5967307F5A072A2F596729FEDA5
:105E10008B7AD2ED007A77EE677AC3ED007A824B07
:105E200093ED197A07F5A073A3F59673DFED836AF6
:105E3000D3ED007A76EEE77AB4EEE77AF1EE10FA77
:105E400023D5794B93ED197A07F5A073A3F59673D3
:105E5000DFED7A6AD3ED007A76EEE77AF1EE046A46
:105E600077EEE67AB4EEE77AF1EE10FA0DDD6E4BDE
:105E700093ED1B7A6C4BD3ED1D7A77EE677AB6EE15
:105E8000007A77EE877AC7ED4D7A674B93ED1A7AF1
:105E9000654BD3ED1C7A77EE677AC7ED4F7AD7ED75
:105EA0004F7AF5EEC07AF1EE10FA07D5D7ED4F7ABA
:105EB0009FED627A77EE877AC7ED4F7AD7ED4F7A0A
:105EC000F1EE677AB6EE007A67EE877A564BC3ED4D
:105ED000207A554BD3ED1A7AB7EEE76AD7ED4F7AB1
:105EE000B7EEE77AB6EE005B27EE057B36EE477B32
:105EF000F7EEC77B4C4BC3ED237A4B4B93ED1D7AEA
:105F0000494BD3ED1B7A77EE677A97ED4D7A77EEB2
:105F1000277AC7ED4E7AD7ED4E7AF5EEC07AF1EEDC
:105F200010FA07D5D7ED4E7A9FED447A77EE877A4F
:105F3000C7ED4E7AD7ED4E7AF1EE677AB6EE007A7B
:105F400067EE877A384BC3ED217A374BD3ED1D7A54
:105F5000B7EEE76AD7ED4E7AB7EEE77AB6EE005BBA
:105F600027EE057B36EE477BF7EEC77B2E4BC3ED66
:105F7000247A07F5A073A3F5987393ED007AD7ED13
:105F80004F7A67EE277AB7EEE76A9FED235B86EEDE
:105F9000057BF7EEC77B244BC3ED277A224BD3F862
:105FA0009830214AC2F8A03007F5A073A3F5987382
:105FB00093ED007AD7ED4E7A67EE277AB7EEE76A6F
:105FC0009FED155B86EE057BF7EEC77B164BC3EDA9
:105FD000297A154B93ED277A134BD3ED287A37EEB8
:105FE000277A114BD3ED297A77EE277A0E4BC3ED42
:105FF0002A7A97ED447A0C4BD3ED2A7AB4EEE77AFD
:10600000F1EE10FA1CD507F168031946064801F0B5
:106010007BF821E0AFF30080B694631ADCA54C4016
:10602000F168E388B5F8E43E04CA052444CA0524AF
:1060300034CA05244CCA05243CCA05240000B443D4
:1060400007F144031946E64806F009FD07F1680325
:10605000E449184601F058F8E34B7B6407F1440328
:10606000E249184606F0F1FC0346002B40F0FC83A1
:1060700007F5A073A3F59873D3ED007AB7EEE78A1E
:1060800007F5A073A3F58473D3ED007AF1EE677A78
:10609000B7EEE77A9FEDD05B87EE056BB0EE460B6F
:1060A00002F072FDB0EE407B28EE077BF7EEC77B77
:1060B000C7ED4C7A07F5A073A3F59873D3ED007A7A
:1060C000F1EE677AB7EEE78A07F5A073A3F584735C
:1060D000D3ED007AF1EE677AB7EEE77A9FEDBE5B1B
:1060E00087EE056BB0EE460B02F096FDB0EE407BFE
:1060F00028EE077BF7EEC77BC7ED4B7AD7ED4C7ADE
:10610000B7EEE77AD7ED4B6AB7EEE66A07F13003F0
:106110001A4607F13003B649B248B0EE463BB0EE3E
:10612000472B12ED021B93ED000BFCF721FFAD494D
:106130000A684B68AB498C69CD6907F1580107F1D2
:10614000600007F13006B44607F130061CED023B53
:1061500096ED002B45EC114B43EC102BFCF778FE31
:1061600097ED187B97ED166BB0EE461BB0EE470B24
:10617000FCF71AFEB0EE407BF7EEC77B994BC3ED00
:106180001A7A07F5A073A3F59873D3ED007AB7EEEA
:10619000E78A07F5A073A3F59673D3ED007AF1EEC5
:1061A000677AB7EEE77A9FED8C5B87EE056BB0EE12
:1061B000460B02F0E9FCB0EE407B28EE077BF7EEE1
:1061C000C77BC7ED4C7A07F5A073A3F59873D3EDA1
:1061D000007AF1EE677AB7EEE78A07F5A073A3F5C8
:1061E0009673D3ED007AF1EE677AB7EEE77A9FED1A
:1061F0007A5B87EE056BB0EE460B02F00DFDB0EE5C
:10620000407B28EE077BF7EEC77BC7ED4B7AD7EDD7
:106210004C7AB7EEE77AD7ED4B6AB7EEE66A07F14C
:1062200020031A4607F1200372497348B0EE463B3B
:10623000B0EE472B12ED021B93ED000BFCF798FE1E
:1062400068498A68CB6867490C6A4D6A07F158014A
:1062500007F1600007F12006B44607F120061CEDA7
:10626000023B96ED002B45EC114B43EC102BFCF759
:10627000EFFD97ED187B97ED166BB0EE461BB0EE79
:10628000470BFCF791FDB0EE407BF7EEC77B554B1B
:10629000C3ED1B7A53490A684B6852498C69CD6932
:1062A00050498868B860C968F9604E49086A386022
:1062B000496A796007F1580107F1600097ED003BEA
:1062C00097ED022B45EC114B43EC102BFCF7C0FD76
:1062D00097ED187B97ED166BB0EE461BB0EE470BB3
:1062E000FCF762FDB0EE407BF7EEC77B3D4BC3EDA4
:1062F000197A97ED187B97ED166B3A4BD3ED195A37
:10630000B7EEE55A07F1480207F150031146184667
:10631000B0EE452BB0EE461BB0EE470BFCF778FE17
:1063200097ED147BF7EEC77B2E4BC3ED267A2D4BF2
:1063300093ED267A07F5A073A3F59873D3ED007A51
:10634000F1EE006A67EEA67AB4EEE77AF1EE10FAA3
:1063500040F18282234BD3ED266A07F5A073A3F5A3
:106360009873D3ED007AB1EE007A27EE877AC6EE05
:10637000877AB7EEE77AB0EE470B02F059FAB0EE43
:10638000407B9FED156B27EE067BF7EEC77BC7EDD5
:10639000487A144B93ED197AD7ED487A77EE277A3D
:1063A000B7EEE77AB0EE470BFCF772FCB0EE407B3D
:1063B000F7EEC77B0B4BC3ED1C7A0A4B93ED197AB2
:1063C000D7ED487A77EE677A9FED0C7A77EE877A89
:1063D00016E000BFAFF30080B694631ADCA54C4012
:1063E000B0CA052404CA0524524C52008C0B08087C
:1063F0001CCA052424CA05240CCA05240000344301
:10640000B7EEE77AB0EE470BFCF742FCB0EE407B0C
:10641000F7EEC77BE44BC3ED1D7A07F5A073A3F538
:106420009873D3ED007AB7EEE78ADF4BD3ED1C7A91
:10643000B7EEE77A9FEDDA5B87EE056BB0EE460BC1
:1064400002F0EAFBB0EE407B28EE077BF7EEC77B5D
:10645000C7ED4C7A07F5A073A3F59873D3ED007AD6
:10646000B7EEE78AD04BD3ED1C7AB7EEE77A9FED13
:10647000CC5B87EE056BB0EE460B02F085FBB0EE11
:10648000407B28EE077BF7EEC77BC7ED4B7AC6490A
:106490000A684B68C4498C69CD69D7ED4C7AB7EE70
:1064A000E77AD7ED4B6AB7EEE66AC049C048B0EE6E
:1064B000463BB0EE472B45EC114B43EC102BFCF761
:1064C00057FD07F5A073A3F59873D3ED007AB7EEE7
:1064D000E78AB54BD3ED1D7AB7EEE77A9FEDB05B57
:1064E00087EE056BB0EE460B02F096FBB0EE407BFC
:1064F00028EE077BF7EEC77BC7ED4C7A07F5A07354
:10650000A3F59873D3ED007AB7EEE78AA64BD3EDE7
:106510001D7AB7EEE77A9FEDA25B87EE056BB0EED2
:10652000460B02F031FBB0EE407B28EE077BF7EE26
:10653000C77BC7ED4B7A9C498A68CB689A490C6A3D
:106540004D6AD7ED4C7AB7EEE77AD7ED4B6AB7EEE6
:10655000E66A98499848B0EE463BB0EE472B45ECCA
:10656000114B43EC102BFCF703FD07F5A073A3F5CB
:106570009873D3ED007A77EEA77AB7EEE78A8A4B65
:10658000D3ED1C7AB7EEE77A9FED855B87EE056B5E
:10659000B0EE460B02F040FBB0EE407B28EE077BEE
:1065A000F7EEC77BC7ED4C7A07F5A073A3F5987398
:1065B000D3ED007A77EEA77AB7EEE78A7A4BD3ED80
:1065C0001C7AB7EEE77A9FED765B87EE056BB0EE4F
:1065D000460B02F0D9FAB0EE407B28EE077BF7EECF
:1065E000C77BC7ED4B7A70490A684B686E498C6966
:1065F000CD69D7ED4C7AB7EEE77AD7ED4B6AB7EEB7
:10660000E66A6E496E48B0EE463BB0EE472B45EC6D
:10661000114B43EC102BFCF7ABFC634B93ED1C7A56
:10662000614BD3ED1A7A77EE677AC7ED4F7AD7EDE3
:106630004F7AF5EEC07AF1EE10FA07D5D7ED4F7A22
:106640009FED607A77EE877AC7ED4F7AD7ED4F7A74
:10665000B6EE007A67EE877A534BC3ED207A524B41
:10666000D3ED1A7AB7EEE76AD7ED4F7AB7EEE77A4D
:10667000B6EE005B27EE057B36EE077BF7EEC77BB9
:10668000494BC3ED237A484B93ED1B7A464BD3ED30
:106690001D7A77EE677AC7ED4E7AD7ED4E7AF5EE32
:1066A000C07AF1EE10FA07D5D7ED4E7A9FED457A14
:1066B00077EE877AC7ED4E7AD7ED4E7AB6EE007A4E
:1066C00067EE877A384BC3ED217A374BD3ED1D7ACD
:1066D000B7EEE76AD7ED4E7AB7EEE77AB6EE005B33
:1066E00027EE057B36EE077BF7EEC77B2E4BC3ED1F
:1066F000247AD7ED487A77EEA77A9FED337A77EE52
:10670000877AC7ED477AD7ED477AF1EE677AB6EE2A
:10671000007A67EE877A244BC3ED227A224B93ED01
:106720001C7ADFED2A6AD7ED487A76EEE77A77EEC3
:10673000277A1D4BC3ED257A07F5A073A3F598734F
:1067400093ED007AD7ED4F7A67EE277AB7EEE76AD6
:106750009FED135B86EE057BF7EEC77B124BC3ED17
:10676000277A07F5A073A3F5987393ED007AD7ED18
:10677000477A67EE277AB7EEE76A9FED095B86EE08
:10678000057BF7EEC77B084BC3ED287A07F5A073AE
:10679000A3F5987393ED007AD7ED4E7A18E000BF19
:1067A000B694631ADCA54C4004CA052444CA0524E7
:1067B00034CA05244CCA05243CCA05242CCA052425
:1067C00014CA05240000B443000034430000B4425E
:1067D00067EE277AB7EEE76A9FED1B5B86EE057BD7
:1067E000F7EEC77B1A4BC3ED297A194B93ED277A45
:1067F000174BD3ED287A37EE277A154BD3ED297A4C
:1068000077EE277A124BC3ED2A7A97ED447A104B34
:10681000D3ED2A7AB4EEE77AF1EE10FA06D507F155
:10682000680319460A4800F06FFC1BE007F14403B7
:106830001946084806F013F907F168030449184699
:1068400000F062FC0EE000BFB694631ADCA54C4079
:1068500004CA0524B0CA052407F168031946E648AE
:1068600000F052FCE54B7B6407F14403E449184611
:1068700006F0EBF80346002B40F0F18307F5A07318
:10688000A3F59873D3ED007AF1EE677AB7EEE78A55
:1068900007F5A073A3F58473D3ED007AF1EE677A60
:1068A000B7EEE77A9FEDD25B87EE056BB0EE460B55
:1068B00002F06AF9B0EE407B28EE077BF7EEC77B6B
:1068C000C7ED4C7A07F5A073A3F59873D3ED007A62
:1068D000B7EEE78A07F5A073A3F58473D3ED007ACA
:1068E000F1EE677AB7EEE77A9FEDC15B87EE056B55
:1068F000B0EE460B02F090F9B0EE407B28EE077B3D
:10690000F7EEC77BC7ED4B7AD7ED4C7AB7EEE77A57
:10691000D7ED4B6AB7EEE66A07F130031A4607F186
:106920003003B849B448B0EE463BB0EE472B12ED09
:10693000021B93ED000BFCF71BFBAF490A684B6889
:10694000AD498C69CD6907F1580107F1600007F185
:106950003006B44607F130061CED023B96ED002BE5
:1069600045EC114B43EC102BFCF772FA97ED187BBA
:1069700097ED166BB0EE461BB0EE470BFCF714FA22
:10698000B0EE407BF7EEC77B9B4BC3ED1A7A07F561
:10699000A073A3F59873D3ED007AF1EE677AB7EEA2
:1069A000E78A07F5A073A3F59673D3ED007AF1EEAD
:1069B000677AB7EEE77A9FED8E5B87EE056BB0EEF8
:1069C000460B02F0E1F8B0EE407B28EE077BF7EED5
:1069D000C77BC7ED4C7A07F5A073A3F59873D3ED89
:1069E000007AB7EEE78A07F5A073A3F59673D3EDA7
:1069F000007AF1EE677AB7EEE77A9FED7D5B87EE7E
:106A0000056BB0EE460B02F007F9B0EE407B28EEC6
:106A1000077BF7EEC77BC7ED4B7AD7ED4C7AB7EE25
:106A2000E77AD7ED4B6AB7EEE66A07F120031A461C
:106A300007F1200374497548B0EE463BB0EE472B92
:106A400012ED021B93ED000BFCF792FA6A498A687B
:106A5000CB6869490C6A4D6A07F1580107F160007B
:106A600007F12006B44607F120061CED023B96ED27
:106A7000002B45EC114B43EC102BFCF7E9F997ED9B
:106A8000187B97ED166BB0EE461BB0EE470BFCF78C
:106A90008BF9B0EE407BF7EEC77B574BC3ED1B7A0B
:106AA00055490A684B6854498C69CD6952498868D0
:106AB000B860C968F9605049086A3860496A796005
:106AC00007F1580107F1600097ED003B97ED022BAD
:106AD00045EC114B43EC102BFCF7BAF997ED187B02
:106AE00097ED166BB0EE461BB0EE470BFCF75CF96A
:106AF000B0EE407BF7EEC77B3F4BC3ED197A97EDC5
:106B0000187B97ED166B3C4BD3ED195AB7EEE55A4F
:106B100007F1480207F1500311461846B0EE452B25
:106B2000B0EE461BB0EE470BFCF772FA97ED147B04
:106B3000F7EEC77B304BC3ED267A2F4B93ED267AC9
:106B400007F5A073A3F59873D3ED007AF1EE006A10
:106B500067EEA67AB4EEE77AF1EE10FA40F17982A8
:106B6000254BD3ED266A07F5A073A3F59873D3EDF3
:106B7000007AB1EE007A27EE877AC6EE877AB7EE12
:106B8000E77AB0EE470B01F053FEB0EE407B9FED8D
:106B9000186B27EE067BF7EEC77BC7ED467A164BE0
:106BA00093ED197AD7ED467A77EE677AB7EEE77A02
:106BB000B0EE470BFCF76CF8B0EE407BF7EEC77B0E
:106BC0000D4BC3ED1C7A0C4B93ED197AD7ED467A39
:106BD00077EE277A9FED0E7A77EEC77AB7EEE77AEF
:106BE000B0EE470BFCF754F814E000BFAFF30080A1
:106BF000B694631ADCA54C4004CA05244C524C00E0
:106C0000900B08081CCA052424CA05240CCA0524B4
:106C100000003443B0EE407BF7EEC77BE44BC3ED9E
:106C20001D7A07F5A073A3F59873D3ED007AB7EE3C
:106C3000E78ADF4BD3ED1C7AB7EEE77A9FEDDA5B9C
:106C400087EE056BB0EE460B01F0E6FFB0EE407B41
:106C500028EE077BF7EEC77BC7ED4C7A07F5A073EC
:106C6000A3F59873D3ED007AB7EEE78AD04BD3ED56
:106C70001C7AB7EEE77A9FEDCC5B87EE056BB0EE42
:106C8000460B01F081FFB0EE407B28EE077BF7EE6C
:106C9000C77BC7ED4B7AC6490A684B68C4498C6903
:106CA000CD69D7ED4C7AB7EEE77AD7ED4B6AB7EE00
:106CB000E66AC049C048B0EE463BB0EE472B45EC13
:106CC000114B43EC102BFCF753F907F5A073A3F518
:106CD0009873D3ED007AB7EEE78AB54BD3ED1D7A02
:106CE000B7EEE77A9FEDB05B87EE056BB0EE460B33
:106CF00001F092FFB0EE407B28EE077BF7EEC77BFA
:106D0000C7ED4C7A07F5A073A3F59873D3ED007A1D
:106D1000B7EEE78AA64BD3ED1D7AB7EEE77A9FED83
:106D2000A25B87EE056BB0EE460B01F02DFFB0EED7
:106D3000407B28EE077BF7EEC77BC7ED4B7A9C497B
:106D40008A68CB689A490C6A4D6AD7ED4C7AB7EEDF
:106D5000E77AD7ED4B6AB7EEE66A98499848B0EE05
:106D6000463BB0EE472B45EC114B43EC102BFCF7A8
:106D7000FFF807F5A073A3F59873D3ED007A77EECB
:106D8000A77AB7EEE78A8A4BD3ED1C7AB7EEE77A9B
:106D90009FED855B87EE056BB0EE460B01F03CFF87
:106DA000B0EE407B28EE077BF7EEC77BC7ED4C7A51
:106DB00007F5A073A3F59873D3ED007A77EEA77A61
:106DC000B7EEE78A7A4BD3ED1C7AB7EEE77A9FED00
:106DD000765B87EE056BB0EE460B01F0D5FEB0EEAC
:106DE000407B28EE077BF7EEC77BC7ED4B7A7049F7
:106DF0000A684B686E498C69CD69D7ED4C7AB7EE5D
:106E0000E77AD7ED4B6AB7EEE66A6E496E48B0EEA8
:106E1000463BB0EE472B45EC114B43EC102BFCF7F7
:106E2000A7F8634B93ED1A7A614BD3ED1C7A77EE9A
:106E3000677AC7ED4F7AD7ED4F7AF5EEC07AF1EE6B
:106E400010FA07D5D7ED4F7A9FED607A77EE877A03
:106E5000C7ED4F7AD7ED4F7AF1EE677AB6EE007A4A
:106E600067EE877A524BC3ED207A514BD3ED1A7AF5
:106E7000B7EEE76AD7ED4F7AB7EEE77AB6EE005B8A
:106E800027EE057B36EE477BF7EEC77B484BC3ED1D
:106E9000237A474B93ED1D7A454BD3ED1B7A77EE62
:106EA000677AC7ED4E7AD7ED4E7AF5EEC07AF1EEFD
:106EB00010FA07D5D7ED4E7A9FED447A77EE877AB0
:106EC000C7ED4E7AD7ED4E7AF1EE677AB6EE007ADC
:106ED00067EE877A364BC3ED217A354BD3ED1D7AB9
:106EE000B7EEE76AD7ED4E7AB7EEE77AB6EE005B1B
:106EF00027EE057B36EE477BF7EEC77B2C4BC3EDC9
:106F0000247AD7ED467A77EEA77A9FED317A77EE3D
:106F1000877AC7ED477AD7ED477AB6EE007A67EE03
:106F2000877A234BC3ED227A214B93ED1C7ADFED58
:106F3000296AD7ED467A76EEE77A77EE677A1C4BC8
:106F4000C3ED257A07F5A073A3F5987393ED007A46
:106F5000D7ED4F7A67EE277AB7EEE76A9FED125BBF
:106F600086EE057BF7EEC77B114BC3ED277A07F55D
:106F7000A073A3F5987393ED007AD7ED477A67EE87
:106F8000277AB7EEE76A9FED085B86EE057BF7EEA2
:106F9000C77B074BC3ED287A07F5A073A3F5987359
:106FA00093ED007A18E000BFB694631ADCA54C405C
:106FB00004CA052444CA052434CA05244CCA05243D
:106FC0003CCA05242CCA052414CA05240000B44375
:106FD000000034430000B442D7ED4E7A67EE277AC2
:106FE000B7EEE76A9FED445B86EE057BF7EEC77B65
:106FF000434BC3ED297A424B93ED277A404BD3EDB7
:10700000287A37EE277A3E4BD3ED297A77EE277A26
:107010003B4BC3ED2A7A97ED447A394BD3ED2A7A6C
:10702000B4EEE77AF1EE10FA06D507F168031946D7
:10703000334800F069F812E007F14403194631487B
:1070400005F00DFD07F168032D49184600F05CF8C6
:1070500005E007F168031946294800F055F828496A
:107060000A6B4B6B26490C6C4D6C2549886BB860DC
:10707000C96BF9602249886C3860C96C796007F186
:10708000580107F1600097ED003B97ED022B45ECAE
:10709000114B43EC102BFBF7DBFE97ED187B97EDC4
:1070A000166BB0EE461BB0EE470BFBF77DFEB0EE65
:1070B000407BF7EEC77B124BC3ED1E7A104A07F5F3
:1070C000A073A3F596731B68D36707F5A073A3F5A8
:1070D00082731B680A4A18461146B0231A4605F007
:1070E00017FD07F5A073A3F58273186807F5A2775B
:1070F000BD46BDEC028BF0BDB694631ADCA54C40D6
:1071000004CA0524B0CA052480B582B000AF7860F7
:107110003960B0223968786805F0FAFC00BF08379A
:10712000BD4680BD80B58AB000AF314B00221A60E9
:10713000304A5A602E4B00229A602F4ADA602C4B5C
:1071400000221A612D4A5A61294B00229A612C4A69
:10715000DA61274B00221A622A4A5A622A4B01221C
:107160001A70FF2387F827300023FB6100233B625E
:10717000264A07F11C0392E8030083E80300244B2E
:10718000186807F1270207F11C010123E7F7B6F899
:10719000FF23FB7600233B6100237B611D4A07F13F
:1071A000100392E8030083E80300194B186807F105
:1071B0001B0207F110010123E7F7A0F80123FB737D
:1071C00000237B600023BB603B1D07221249184649
:1071D00005F09EFC0E4B186807F10F02391D0123C4
:1071E000E7F78CF800F05EFC00BF2837BD4680BD95
:1071F000F4DF0524008046400080414000005940F3
:1072000000407F4000406F401CE00524A40B0808AC
:1072100010350224B00B0808BC0B0808B0B582B0CA
:1072200000AF7860134BD3F81B00D3F81F107B68B6
:10723000DA171C46154622462B4608F035FB134349
:1072400013D100F019F800F057F80A4B1B7803F03F
:107250001003DBB2002B09D000F09EF800F002F919
:1072600000F022F900F03EF900E000BF0837BD460B
:10727000B0BD00BFFC44012480B483B000AF0C2338
:107280003B6000237B6029E01A4A7B682B2101FBCD
:1072900003F3134401331B78002B13D0154A7B688A
:1072A0002B2101FB03F3134401331B78013BD8B2BC
:1072B000104A7B682B2101FB03F313440133024680
:1072C0001A7008E00B4A7B682B2101FB03F313447F
:1072D000013300221A707B6801337B607A683B6857
:1072E0009A42D1DB00BF00BF0C37BD465DF8047B7E
:1072F000704700BFE0CA052480B500AF174B1A786D
:10730000174B1A70174B1B68174A18491846E6F7AF
:107310005DFF144B1B68164A16491846E6F756FFE0
:10732000104B1B68144A15491846E6F74FFF0D4BE2
:107330001B68134A13491846E6F748FF094B1B68B8
:10734000114A12491846E6F741FF064B1B68104ADE
:1073500010491846E6F73AFF00BF80BD50190020DB
:10736000E4CC052414350224F5CC0524C40B08080C
:10737000F9CC0524CC0B0808FDCC0524D40B080857
:1073800007CD0524DC0B080809CD0524E80B080807
:107390000BCD0524F00B080880B586B000AF2B4953
:1073A000D1F82320D1F82730B3EE047B43EC162B21
:1073B000B4EEC76BF1EE10FA04D5254B1A78254BC5
:1073C0001A7029E00C233B6100237B6120E0224AF4
:1073D0007B692B2101FB03F3134401331B78002B42
:1073E00013D01D4A7B692B2101FB03F313440233A5
:1073F0001B78012B09D1184A7B692B2101FB03F370
:1074000013441A78134B1A7006E07B6901337B61D1
:107410007A693B699A42DADB0E4B1B78FB730023D7
:107420007B600023BB603B1D07220C49184605F01A
:107430006FFB0B4B186807F10F02391D0123E6F7AC
:107440005DFF00BF1837BD4680BD00BFFC4401246E
:10745000501900204C190020E0CA0524BC0B080874
:107460001035022480B500AF0B4B1A780B4B1B78FC
:107470009A420FD10A4B1B78002B01D100F09EFAE3
:10748000084B9B69002B02D100F09CF803E000F050
:107490007FF800E000BF80BD4C190020501900208B
:1074A000DCCA052408CF052480B483B000AF0B4BA1
:1074B0001A780B4B1B789A4209D100237B6002E0BB
:1074C0007B6801337B607B680B2BF9DD00E000BF3C
:1074D0000C37BD465DF8047B704700BF4C19002097
:1074E00050190020F0B482B000AF00237B602BE085
:1074F0001A4A7B682B2101FB03F313441A78184BBB
:107500001B789A421DD11748174A7B682A2101FB34
:1075100003F313441C46064604F1200C354623466B
:10752000186859689A68DB680FC5103410366445CE
:10753000F4D1334622461068516803C312891A8079
:1075400006E07B6801337B607B680B2BD0DD00BFDE
:1075500000BF0837BD46F0BC704700BFE0CA052435
:107560005019002034CF052410CD052480B483B0F9
:1075700000AF78607B685B799E2B01D09F2B00E089
:1075800000BF002318460C37BD465DF8047B7047EA
:1075900080B500AF0A4B9B69032B0CD0032B0CDC8E
:1075A000012B02D0022B03D007E000F013F805E016
:1075B00000F0B0F802E000BF00E000BF00BF80BDF7
:1075C00008CF052480B400AF00BFBD465DF8047B42
:1075D0007047000080B500AF0A4B1B78022B0CD01F
:1075E000022B0DDC002B02D0012B03D008E000F0B1
:1075F00083F805E000F008F802E000F084F800BF2E
:1076000000BF80BD1CE0052490B482B000AF002311
:107610007B6062E0354A7B682A2101FB03F3134457
:107620001833002242F001021A8000225A80304BA7
:10763000586A2E4A7B682A2101FB03F31344243342
:1076400002461A602A494A688B68284879682A24C1
:1076500004FB01F101444A608B602549CA680B694B
:10766000224879682A2404FB01F1014408314A6068
:107670008B601F4B5A691D497B682A2000FB03F36E
:107680000B4414331A601A4BDB6907EE903AB8EEDC
:10769000E76B7B6807EE903AB8EEE75B15490A693D
:1076A0004B691349D1ED087AB7EEE74A43EC172B43
:1076B00087EE047B25EE077B36EE077BFDEEC77B6E
:1076C00017EE900A094A7B682A2101FB03F3134451
:1076D0001C3318607B6801337B607B680B2B99DD62
:1076E00000BF00BF0837BD4690BC704710CD0524D1
:1076F00008CF0524F4DF052480B400AF00BFBD46E9
:107700005DF8047B704780B400AF00BFBD465DF8F4
:10771000047B704780B500AF0A4B1B78022B0CD05E
:10772000022B0DDC002B02D0012B03D008E000F06F
:107730000BF805E000F080F802E000F084F800BFEC
:1077400000BF80BD1CE0052490B482B000AF0023D0
:107750007B6062E0354A7B682A2101FB03F3134416
:107760001833002242F001021A8000225A80304B66
:10777000586A2E4A7B682A2101FB03F31344243301
:1077800002461A602A494A688B68284879682A2480
:1077900004FB01F101444A608B602549CA680B690A
:1077A000224879682A2404FB01F1014408314A6027
:1077B0008B601F4B5A691D497B682A2000FB03F32D
:1077C0000B4414331A601A4BDB6907EE903AB8EE9B
:1077D000E76B7B6807EE903AB8EEE75B15490A69FC
:1077E0004B691349D1ED087AB7EEE74A43EC172B02
:1077F00087EE047B25EE077B36EE077BFDEEC77B2D
:1078000017EE900A094A7B682A2101FB03F313440F
:107810001C3318607B6801337B607B680B2B99DD20
:1078200000BF00BF0837BD4690BC704710CD05248F
:1078300008CF0524F4DF052480B400AF00BFBD46A7
:107840005DF8047B704780B400AF00BFBD465DF8B3
:10785000047B704700000000F0B58DB000AF504BC6
:1078600001221A704F4A504B14461D460FCD0FC4CB
:107870000FCD0FC495E8070003C422804A4B5B6913
:1078800003F59673474A5361464B484A1A62454B83
:1078900005229A610023FB622AE0434AFB6A2A21FF
:1078A00001FB03F3134418331B68052B1DD13D481E
:1078B0003D4AFB6A2A2101FB03F313441C4606469A
:1078C00004F1200C35462346186859689A68DB682D
:1078D0000FC5103410366445F4D133462246106883
:1078E000516803C312891A8005E0FB6A0133FB6209
:1078F000FB6A632BD1DD2E4B1B6893F8482093F86D
:1079000049301B0213437B852A4BD3F8113007EE15
:10791000903AB8EEE77B9FED206B27EE067B87ED74
:10792000087B244BD3F8153007EE903AB8EEE77B8E
:107930009FED196B27EE067B87ED067B19494A6898
:107940008B68C7E904231749CA680B69C7E9022392
:1079500097ED043B97ED022B97ED081B97ED060B77
:1079600000F0D6FE87ED000B7B8D01330D4A1360CE
:1079700097ED007BF7EEC77B0A4BC3ED097A7B8D51
:107980005A1C0D4B1B6801210648F6F753F80023DB
:1079900018463437BD46F0BD48AFBC9AF2D77A3EA0
:1079A0001DE0052460CF05248CCF05240000C842CB
:1079B00048190020E4CC0524D8CA052480B586B037
:1079C00000AF3149D1F82320D1F82730B3EE047B42
:1079D00043EC162BB4EEC76BF1EE10FA4DD42B4BE3
:1079E0001B6807F117022A491846E6F7EFFBFB7DF3
:1079F000EE2B44D1274B1B6893F89E30012B1AD1F4
:107A0000244B1B6893F89E30BB750023FB6000235A
:107A10003B61214A07F10C0392E8030083E803006D
:107A20001E4B186807F1160207F10C010123E6F757
:107A300065FCF1F7C1F8174B1B6893F89D30012BDB
:107A40001ED10423FB7200233B6000237B60144A99
:107A50003B4692E8030083E803000C4B186807F1EB
:107A60000B0239460123E6F749FCE0F7E1FE094B3A
:107A70001B68002283F89D2002E000BF00E000BFE9
:107A80001837BD4680BD00BFFC44012408350224E0
:107A9000F80B080848190020040C080810350224C7
:107AA000100C080880B58CB000AF31493148EAF7B6
:107AB00049F9F862FB6ABB62BB6A1B78002B23D0D2
:107AC00007F124031946B86AEAF7AAFEB0EE407B34
:107AD000FCEEC77BC7ED017A3B79DAB2264B1A7010
:107AE0007B6ABB6207F124031946B86AEAF798FE7D
:107AF000B0EE407BFCEEC77BC7ED017A3B79DAB292
:107B00001E4B1A707B6ABB621B4B1B7887F82330B5
:107B10000023BB610023FB61194A07F1180392E8B7
:107B2000030083E80300174B186807F1230207F1ED
:107B300018010123E6F7E2FB104B1B78FB750023CD
:107B4000FB6000233B61104A07F10C0392E803003D
:107B500083E803000B4B186807F1170207F10C01CB
:107B60000123E6F7CBFB00BF3037BD4680BD00BF29
:107B70001C0C0808200C08084D1900204E19002084
:107B8000300C0808103502243C0C080880B582B07F
:107B900000AF78607868E0F7FBFA00BF0837BD46B1
:107BA00080BD00002DE9F04FADF5865D83B000AFDC
:107BB00007F1C80343F8AC0C07F1C80353F8AC3C19
:107BC0005B7941F2C3023A44137041F2C3033B4470
:107BD0001B78132B02D0212B07D09FE107F1C8039C
:107BE00053F8AC0C00F0ACF998E107F1C80353F876
:107BF000AC3C9B7941F2C2023A4413704FF41372C9
:107C00000021CA4804F04BF907F1C80353F8AC3C13
:107C10000633591C41F2C2033B441B781A46D2007A
:107C2000D21AD3009B1A1A46C04804F071FFC04B09
:107C30001B6893F8482093F849301B02134307F55B
:107C400086521380002341F2C4023A44136045E196
:107C500041F2C4033B441A681346DB009B1ADA0066
:107C6000D31A1A46B14B13441B7841F28F023A449F
:107C7000137041F2C4033B441A681346DB009B1A9D
:107C8000DA00D31A0133A94A1344D3F80080D3F899
:107C9000049042464B4641F2B8013944C1E9002301
:107CA00041F2C4033B441A681346DB009B1ADA0016
:107CB000D31A09339D4A1344D3F800A0D3F804B073
:107CC00052465B4641F2B0013944C1E9002341F21A
:107CD000C4033B441A681346DB009B1ADA00D31A2C
:107CE0001133924A13441D685E682A46334641F2B6
:107CF000A8013944C1E9002341F2C4033B441A6896
:107D00001346DB009B1ADA00D31A1933874A13444F
:107D10001A683A615B687B61D7E9042307F58551EE
:107D2000C1E9002341F2C4033B441A681346DB0057
:107D30009B1ADA00D31A21337C4A13441A68BA60BA
:107D40005B68FB60D7E9022341F298013944C1E93D
:107D5000002341F2C4033B441A681346DB009B1A1C
:107D6000DA00D31A2933714A13441A683A605B68FF
:107D70007B60D7E9002341F290013944C1E9002337
:107D800007F586531A8841F2C4033B441B68134429
:107D9000591C07F1C803184641F2C4033B441A6852
:107DA0002A2302FB03F30344A43B196041F2B80306
:107DB0003B44D3E9000107F1C8031C4641F2C40368
:107DC0003B441A682A2302FB03F32344A43B586074
:107DD000996041F2B0033B44D3E9000107F1C803C5
:107DE0001C4641F2C4033B441A682A2302FB03F3F6
:107DF00023449C3B5860996041F2A8033B4493EDB7
:107E0000007BFDEEC77B17EE900A07F1C803194609
:107E100041F2C4033B441A682A2302FB03F30B44D8
:107E2000903B186007F5855393ED007BF7EEC77B19
:107E300007F1C803194641F2C4033B441A682A23D8
:107E400002FB03F30B44803B17EE902A1A6041F2C9
:107E500090033B4493ED007BFDEEC77B17EE900A49
:107E600007F1C803194641F2C4033B441A682A23A8
:107E700002FB03F30B44883B186041F28F033B4441
:107E80001B78184607F1C803194641F2C4033B4466
:107E90001A682A2302FB03F30B448C3B186041F25F
:107EA00098033B4493ED007BF7EEC77B07F1C803D3
:107EB000194641F2C4033B441A682A2302FB03F328
:107EC0000B44843B17EE902A1A6041F2C4033B44F2
:107ED0001B68013341F2C4023A44136041F2C20309
:107EE0003B441B7841F2C4023A4412689A42FFF6BE
:107EF000AFAE41F2C2033B44197807F586531B88A5
:107F00005A1C0C4B1B680C4800F5855000F1100002
:107F100007F118042044F5F78DFD00BF0023184633
:107F200007F586570C37BD46BDE8F08F20E00524E5
:107F300048190020D8CA05245CEFFFFF00000000AC
:107F400090B5DBB000AF07F5B473A3F5B27318605A
:107F500007F5B473A3F5B2731B68991D07F5B473E5
:107F6000A3F5B2731B685B889BB21A4607F16803DE
:107F7000184604F0CDFD07F5B473A3F580731B78A4
:107F8000002B07D0002BC0F2BF82013B022B00F276
:107F9000BB821CE007F5B473A3F580735A78224BBB
:107FA0001A7007F5B473A3F580739A781F4B1A7093
:107FB00007F1680303331846FFF7E8FD07F5B473CC
:107FC000A3F580731B791A46194B1A609FE2184B70
:107FD0001B68002B00F09C8207F5B473A3F5807337
:107FE0001B78013BCC2202FB03F31A46114BD0183D
:107FF00007F168030133CC22194604F089FD07F527
:10800000B473A3F580731B781A4613465B001344C0
:108010009B001A46064B1B689A42C0F277820023E7
:10802000C7F8643117E100BF4F1900205019002034
:10803000D8CA05246CE20524D7F8642113461B0135
:1080400013441A46D44B13441B681A4607F5B473FD
:10805000A3F582731A60D7F8642113461B011344F9
:108060000433CD4A13441B681A4607F5B473A3F5CD
:1080700084731A60D7F8642113461B011344083334
:10808000C54A13441B889AB207F5B473A3F58573E8
:108090001A80D7F8642113461B0113440A33BE4AE1
:1080A00013441B889AB207F5B473A3F586731A803C
:1080B000D7F8642113461B0113440C33B64A13440A
:1080C0001B889AB207F5B473A3F588731A80D7F8A2
:1080D000642113461B0113440E33AF4A13441A782C
:1080E00007F5B473A3F211131A70D7F8642113467D
:1080F0001B0113440F33A84A13441B889AB207F597
:10810000B473A3F587731A80A44AD7F864312A217F
:1081100001FB03F31344D7F864211A6007F5B47325
:10812000A3F582731B6807EE903AB8EEE77B9FEDEC
:10813000966B27EE067B51EC170B984AD7F8643103
:108140002A2404FB03F313445860996007F5B473C1
:10815000A3F584731B6807EE903AB8EEE77B9FEDBA
:108160008A6B27EE067B51EC170B8C4AD7F86431EB
:108170002A2404FB03F3134408335860996007F57D
:10818000B473A3F58573B3F900301846834AD7F862
:1081900064312A2101FB03F313441433186007F5FB
:1081A000B473A3F58673B3F9003007EE903AB8EED6
:1081B000E77B9FED776B27EE067BF7EEC77B774A71
:1081C000D7F864312A2101FB03F31344243317EE5B
:1081D000902A1A6007F5B473A3F588731B881846B4
:1081E0006E4AD7F864312A2101FB03F313441C3390
:1081F000186007F5B473A3F211131B781846674A89
:10820000D7F864312A2101FB03F3134418331860B3
:1082100007F5B473A3F587731B8807EE903AF8EE61
:10822000677A5E4AD7F864312A2101FB03F31344CD
:10823000203317EE902A1A60584AD7F864312A2161
:1082400001FB03F31344283300221A70D7F864317A
:108250000133C7F86431524B1B68D7F864219A4246
:10826000FFF6EAAE4E4B1B6819464C48F5F7EAFAA2
:108270004A494A688B684B490A604B604749CA685B
:108280000B6948498A60CB60444B5B6907EE903AC2
:10829000B8EEE77B53EC172B42490A614B613F4B29
:1082A000D3ED097AB7EEE77A53EC172B3D498A6193
:1082B000CB613D4B19683948426883680A614B615C
:1082C000394B19683548C26803698A61CB61334B01
:1082D0005A69354B1B6807EE902AB8EEE77B51ECE4
:1082E000170B186059602D4BD3ED097A2E4B1B6884
:1082F000B7EEE77A51EC170B9860D9602A4B1968F2
:108300000A694B699FED206B43EC172B87EE067BC8
:10831000FDEEC77B17EE902A07F5B473A3F58C73B7
:108320001A6007F5B473A3F5907300221A60002257
:108330005A6007F1480307221C49184604F0E8FB7D
:108340001B4B186807F1500207F148010423E5F7B9
:10835000D5FF154B19688A69CB699FED0B6B43EC10
:10836000172B87EE067BFDEEC77B17EE902A07F5ED
:10837000B473A3F592731A6007F5B473A3F59673FB
:1083800000221A60002215E048AFBC9AF2D77A3E6C
:108390007B14AE47E17A843F6CE205248CCF052440
:1083A000D8CA0524F04B022444190020480C0808C0
:1083B000F83402245A6007F13C0307225A49184650
:1083C00004F0A6FB594B186807F1440207F13C0181
:1083D0000423E5F793FF564B19680A684B6843EC92
:1083E000172BFDEEC77B17EE903A1AB207F5B47360
:1083F000A3F597731A8007F5B473A3F59C73002255
:108400001A6000225A6007F5B473A3F59C73494AB9
:1084100092E8030083E80300444B186807F13A022E
:1084200007F130010223E5F769FF414B19688A68BB
:10843000CB689FED3B6B43EC172B87EE067BFCEE86
:10844000C77B17EE903A9AB207F5B473A3F59D7304
:108450001A8007F5B473A3F5A27300221A600022F4
:108460005A6007F1240307223349184604F050FBF1
:108470002E4B186807F12E0207F124010223E5F7BD
:108480003DFF2E4B1A7807F5B473A3F245131A700B
:1084900007F5B473A3F5A87300221A6000225A608E
:1084A00007F5B473A3F5A873254A92E8030083E89F
:1084B0000300244B186807F1230207F11801012378
:1084C000E5F71CFF204B1A7807F5B473A3F251139C
:1084D0001A7007F5B473A3F5AE7300221A60002278
:1084E0005A6007F5B473A3F5AE73184A92E8030017
:1084F00083E80300134B186807F1170207F10C011A
:108500000123E5F7FBFE01E000BF02E000BF00E051
:1085100000BF07F5B677BD4690BD00BFAFF3008042
:108520007B14AE47E17A843F500C0808F8340224EB
:1085300044190020580C0808640C08085019002041
:10854000A40B0808103502244F190020B00B0808AE
:1085500080B483B000AF87ED000B97ED007B9FEDFB
:10856000086B27EE067B9FED086B87EE065BB0EE8F
:10857000457BB0EE470B0C37BD465DF8047B70477A
:108580004AD8124DFB2109400000000000806640DF
:1085900080B52DED048B90B000AF87ED060B87ED15
:1085A000041B87ED022B87ED003B97ED026B97EDE7
:1085B000067B36EE477BB0EE470BFFF7C9FF87ED32
:1085C0000E0B97ED006B97ED047B36EE477BB0EE1C
:1085D000470BFFF7BDFF87ED0C0B97ED0E7BB0EE61
:1085E000005B87EE056BB0EE460B00F015FBB0EEBE
:1085F000408B97ED0E7BB0EE005B87EE056BB0EE27
:10860000460B00F009FBB0EE407B28EE078B97EDA0
:10861000060BFFF79DFFB0EE407BB0EE470B00F07E
:10862000B3FAB0EE409B97ED020BFFF791FFB0EE6F
:10863000407BB0EE470B00F0A7FAB0EE407B29EE8E
:10864000079B97ED0C7BB0EE005B87EE056BB0EE01
:10865000460B00F0E1FAB0EE407B29EE079B97ED68
:108660000C7BB0EE005B87EE056BB0EE460B00F0C6
:10867000D3FAB0EE407B29EE077B38EE077B87ED1F
:108680000A7B97ED0A0B00F057F9B0EE408BB7EE7E
:10869000006B97ED0A7B36EE477BB0EE470B00F0A0
:1086A0004BF9B0EE407BB0EE471BB0EE480B00F04C
:1086B00017F9B0EE407B37EE077B87ED087B97ED2F
:1086C000087B9FED056B27EE067BB0EE470B40372E
:1086D000BD46BDEC048B80BD00000000AE4D58418E
:1086E00080B483B000AF87ED000B97ED007B9FED6A
:1086F000066B87EE065BB0EE457BB0EE470B0C37A2
:10870000BD465DF8047B7047E7C2631ADCA54C40A8
:1087100080B52DED048B90B000AF87ED060B87ED93
:10872000041B87ED022B87ED003B97ED006B97ED67
:10873000047B36EE477BB0EE470BFFF7D1FF87EDAA
:108740000E0B97ED060BFFF7CBFF87ED060B97EDB2
:10875000020BFFF7C5FF87ED020B97ED0E0B00F044
:108760005BFAB0EE408B97ED020B00F00DFAB0EE25
:10877000407B28EE077B87ED0C7B97ED060B00F026
:1087800003FAB0EE408B97ED020B00F045FAB0EE25
:10879000407B28EE078B97ED060B00F03DFAB0EE1C
:1087A000409B97ED020B00F0EFF9B0EE407B29EE15
:1087B000079B97ED0E0B00F0E7F9B0EE407B29EE3A
:1087C000077B38EE477B87ED0A7B97ED0A1B97ED19
:1087D0000C0B00F085F887ED080B97ED087B9FEDFB
:1087E000106B27EE067B87ED087B97ED087B9FEDEE
:1087F0000E6B37EE067B9FED0C1BB0EE470B00F0C7
:1088000073F887ED080BD7E9082343EC172BB0EE7C
:10881000470B4037BD46BDEC048B80BDAFF30080F5
:10882000E7C2631ADCA54C400000000000807640DF
:1088300008B52DED048BB0EE408B01F0B9FAB4EE23
:10884000488BF1EE10FAB0EE409B0AD6B0EE480B22
:1088500000F0DAF9B7EE007BB4EEC70BF1EE10FAD8
:1088600004DCB0EE490BBDEC048B08BD04F0BEF88F
:10887000BDEC048B034621221A600248BDE8084083
:1088800000F03ABA2815080808B52DED048BB0EEB3
:10889000408B01F0EDFBB4EE488BF1EE10FAB0EE38
:1088A000409B0AD6B0EE480B00F0AEF9B7EE007B65
:1088B000B4EEC70BF1EE10FA04DCB0EE490BBDECE0
:1088C000048B08BD04F092F8BDEC048B0346212212
:1088D0001A600248BDE8084000F00EBA28150808E2
:1088E00001F0EEBC0000000008B52DED048BB0EEE9
:1088F000409BB0EE418B01F0B1FDB4EE489BF1EE30
:1089000010FA06D69FED0A9BB4EE498BF1EE10FAF1
:1089100002D0BDEC048B08BD04F068F889EE090BA9
:10892000BDEC048B2123036008BD00BFAFF30080C2
:10893000000000000000000008B52DED048BB0EE33
:10894000408B01F01BF8B4EE488BF1EE10FA06D61E
:108950009FED099BB4EEC98BF1EE10FA02D4BDEC89
:10896000048B08BD04F042F889EE090BBDEC048BC2
:108970002123036008BD00BF0000000000000000CC
:1089800038B5B0EE407B17EE905A774B25F0004497
:108990009C422DED0C8B16D9744B9C420ED809D0FD
:1089A0009FED557B9FED560B002D30FE070BBDEC68
:1089B0000C8B38BD10EE103A002BF1D037EE070BC0
:1089C000BDEC0C8B38BD6A4B9C425CD8A3F1DE73C6
:1089D0009C424CD94FF0FF339FED4BAB27EE075B2A
:1089E00025EE056B9FED4A8B9FED4B1BA6EE0A8B88
:1089F0009FED4B3BA8EE061B9FED4BBBA1EE063B4C
:108A00009FED4BDBA3EE06BB9FED4B9BABEE06DB76
:108A10009FED4B0B9FED4C2BA6EE090B9FED4C4BA6
:108A2000A0EE062B9FED4CCBA2EE064B5A1CA4EEFB
:108A300006CB2CEE06CBADEE05CB27EE0CCB37D01C
:108A40004C4A4D4902EBC30201EBC30393ED005BBB
:108A500092ED000B3CEE45CB3CEE47CB002D30EECB
:108A60004C0BA4DAB1EE400BBDEC0C8B38BD9FED86
:108A70003C6BB7EE005B30EE066BB4EEC56BF1EE0F
:108A800010FAA7DD93E700F0BFF83C4B9C4214D8E6
:108A9000A3F550239C4225D8B0EE007BBFEE006BBF
:108AA00030EE075BA0EE076B002386EE057B93E7B5
:108AB00037EE4C0BBDEC0C8B38BD314B9C420BD2CE
:108AC000B7EE087BB7EE006B30EE475BA0EE076BAE
:108AD000022385EE067B7FE7BFEE006B032386EE65
:108AE000007B79E7B7EE007B012330EE475B30EE89
:108AF000070B85EE007B6FE7182D4454FB21F9BF6F
:108B0000182D4454FB21F93F11DA22E33AAD903F8E
:108B1000EB0D76244B7BA93F513DD0A0660DB13FB4
:108B20006E204CC5CD45B73FFF8300922449C23F1C
:108B30000D5555555555D53F2F6C6A2C44B4A2BFE1
:108B40009AFDDE522DDEADBF6D9A74AFF2B0B3BFA9
:108B5000711623FEC671BCBFC4EB98999999C9BF21
:108B60009C7500883CE4377EFFFF0F440000F07FD7
:108B7000FFFFDB3F5015080830150808FFFFF23FE4
:108B80000080034000000000B0EE407B17EE903AFA
:108B90001B4A23F0004393421BD91A4A934202D93D
:108BA00030EE400B704700B585B0684601F0E4FD3B
:108BB00000F0030001289DED021B9DED000B0CD081
:108BC000022812D070B1012000F076FF05B05DF8E8
:108BD00004FB9FED091B00F0D7BE00F06DFFB1EE66
:108BE000400BF3E700F0D0FEF0E700F0CDFEB1EE71
:108BF000400BEBE7AFF30080000000000000000036
:108C0000FB21E93FFFFFEF7F51EC100B024621F003
:108C1000004343EC102B7047B0EE407B17EE903AC8
:108C20001B4A23F0004393421CD91A4A934202D9AB
:108C300030EE400B704700B585B0684601F09CFDF2
:108C400000F0030001289DED021B9DED000B0ED0EE
:108C5000022813D070B100F097FEB1EE400B05B0C2
:108C60005DF804FB9FED081B002000F025BF00F01D
:108C70008BFEF4E7012000F01FFFF0E7012000F079
:108C80001BFFB1EE400BEAE700000000000000000F
:108C9000FB21E93FFFFFEF7FB0EE407B17EE903AFC
:108CA000134A23F00043934218D9124A934202D93F
:108CB00030EE400B704700B585B0684601F05CFDB2
:108CC000400000F002009DED021B9DED000BC0F185
:108CD000010000F049FF05B05DF804FB9FED021BA9
:108CE000012000F041BF00BF0000000000000000B4
:108CF000FB21E93FFFFFEF7F9FED010B704700BFB6
:108D0000000000000000F87F70B410EE902A6FF4AD
:108D10007273C2F30A55EB183E2B85B044D8664BEC
:108D200093ED026B93ED007BB0EE461BA7EE001BAC
:108D300011EE100A31EE461B00F07F0293ED064B58
:108D4000921893ED043B02F10F0103EBC20292ED86
:108D50001C7BA3EE010BA4EE010B03EBC10293ED10
:108D60000A5B20EE001B30EE077B93ED082B93EDA2
:108D70000E6BA5EE002B21EE015B93ED0C4BA2EEEA
:108D8000017B53F831405668A6EE004B00210A19CA
:108D900006EB4033A5EE047BEDB143EC102BA7EEC0
:108DA000000B05B070BC7047002B56DBB5F5816F2A
:108DB0002DD910EE101A002012F5801F08BF814235
:108DC00068D040F2FF74A54247D082425EDB05B016
:108DD00070BC00F09DB8884244DAB7EE004B03F156
:108DE0007F5101F50011104641EC160B27EE067B72
:108DF00036EE070BB4EEC40BF1EE10FA09D49FED7A
:108E0000287B20EE070B05B070BC00F0B1B8002540
:108E100085E730EE043B36EE406B34EE435B36EED6
:108E2000076B35EE007B37EE067B37EE037B37EEC4
:108E3000447BB5EE407BF1EE10FA24D09FED180B89
:108E400027EE000B9FED166B8DED006B9DED007B0B
:108E500027EE067B8DED027BD5E7B7EE007B30EE8B
:108E6000070B9EE703F140419FED0F6B01F5700189
:108E7000104641EC100BA7EE000B20EE060B05B0E0
:108E800070BC00F081B89FED0A0BDBE705B070BC49
:108E900000F036B89FED060B83E700BFAFF300800C
:108EA0000000000000001000000000000000007F33
:108EB00000000000000000007015080810B52DED3E
:108EC000028BB0EE408B044603F090FDB0EE480BF1
:108ED000BDEC028B046010BD82B058B1B1EE407B96
:108EE0008DED007B9DED007B222020EE070B02B074
:108EF000FFF7E4BFB0EE407BF2E700BF00000000E8
:108F00009FED010BFFF7E8BF00000000000000101C
:108F10009FED010BFFF7E0BF0000000000000070B4
:108F200082B00028BFEE006BB7EE007B07FE067B29
:108F30008DED007B9DED000B9FED037B222080EEED
:108F4000070B02B0FFF7BABF0000000000000000EE
:108F5000B0EE407BB4EE477BF1EE10FA30EE406BA2
:108F600086EE060B02D62120FFF7A8BF704700BF90
:108F7000B5EE400BF1EE10FA00D070472220FFF75B
:108F80009DBF00BF000000009FED076BB0EEC07BEF
:108F9000B4EE467BF1EE10FA00DC70472220FFF7BA
:108FA0008DBF00BFAFF30080FFFFFFFFFFFFEF7F2C
:108FB0002DE9F04F55EC104B2DED0A8B2E0D11EED7
:108FC00090CA06F1FF3E40F2FD7089B086452A4600
:108FD00021468DED001A4FEA1C5700F2C780C7F3F7
:108FE0000A0EAEF2BE307F2898BF002000F220812A
:108FF000BFEE000BD84CD94B1444C4F3463503EBF9
:10900000451693ED006B93ED027B96ED128B96ED7A
:10901000189B96ED162B260D241505EE904A360565
:1090200093ED0C4BB8EEE55B951BA5EE062BA5EE7C
:10903000079B93ED04AB93ED105B93ED08BB93EDB1
:10904000067B93ED0A6B93ED0E3B0C1E45EC1C4B1F
:10905000ACEE080BA0EE053BA0EE046B20EE0A5B25
:1090600030EE024B20EE058BA0EE0B7BA8EE036BDF
:1090700032EE442BA8EE067B32EE002BB0EE483BDE
:1090800039EE022B90EE053B34EE085B20EE080B28
:1090900034EE454B32EE036B34EE084B36EE046B88
:1090A000A0EE076B35EE064B21EE048B18EE902AEE
:1090B000B0EE487BC2F30A556FF47273EB183E2B87
:1090C00091EE047B35EE445B35EE065BA1EE057B4D
:1090D00000F2E980A24B93ED024B93ED005BB0EE02
:1090E000441B93ED042BA8EE051B93ED066B11EECC
:1090F000101A31EE441B01F07F0293ED0E4BA1EEEE
:10910000028BA1EE068B93ED0C6B37EE087B27EEFE
:10911000072B921802F10F0403EBC202A7EE046BB7
:1091200092ED1C4B03EBC40293ED0A3B93ED085BFD
:1091300053F834605768A7EE035B4018002422EE12
:10914000023B37EE047BA219A2EE057B07EB40330E
:10915000A3EE067B002D00F0B58043EC102BA7EEAC
:10916000000B09B0BDEC0A8BBDE8F08F11EE103A90
:10917000D81883466FF001094CEB0C001BF1FF3A45
:1091800060F1000E6FF40018D14578EB0E0E0190DF
:10919000C0F0508114EB040E45EB050A1EF1FF3BB5
:1091A0006AF10000D94578EB0000C0F05581002D30
:1091B00080F21B81C7F30A0E40F2FE30864540F371
:1091C000018140F23340864500F39881A0EB0E0008
:1091D00003462038019001984FF0FF3909FA00FB4F
:1091E00009FA03F8C3F1200A48EA0B08184629FADD
:1091F0000AFB09FA03F9009B48EA0B0823EA09096C
:109200002CEA080859EA080840F0DC80C3400198BD
:109210000CFA0AFA43EA0A032CFA00FC43EA0C03AC
:1092200003F00103980422F00042C6F30A0616E098
:10923000009B13EB03094CEB0C0A6FF0010819F1CA
:10924000FF304AF1FF3380456FF4001070EB0308E4
:10925000CB46CDF804A028BF0020C0F03A81AEF282
:10926000BE337F2B40F2FF7C4ED93E4B00209A420A
:1092700008BF814200F0C78040F2BD34A64556D9F0
:10928000012972EB030334BF0123002367458CBF20
:1092900000270127BB420ED109B0BDEC0A8BBDE807
:1092A000F04FFFF72DBE002BC0F29580B5F5816F12
:1092B0003BD9002AF0DB09B0BDEC0A8BBDE8F04FCA
:1092C000FFF726BEA14280F2A180B7EE003B03F17A
:1092D0007F5101F50011104641EC150B27EE057B7F
:1092E00035EE076BB0EEC64BB4EEC34BF1EE10FAA1
:1092F0003AD49FED150B26EE000B09B0BDEC0A8B9E
:10930000BDE8F04FFFF734BE002E7FF471AE9FED45
:10931000107B45EC164B26EE077B55EC174B25F0E2
:1093200000422146A2F1507262E60025D2E6884250
:109330009341B7EE000B34BF31EE000B30EE410B22
:109340000FE700BFAFF30080000000000000100036
:109350000000000000003043AB6A19C0E01D08089F
:10936000701508080000F03FB5EEC06BF1EE10FA82
:1093700035EE465BBFEE004B35EE075B58BFB0EEF7
:10938000434B36EE043B34EE437B37EE067B37EE41
:10939000057B37EE037B37EE446BB5EE406BF1EEA9
:1093A00010FA04D12A4601F0004343EC162B9FED3E
:1093B000705B8DED045B9DED047B27EE057B8DEDF1
:1093C000067B96E745EC104B09B0BDEC0A8BBDE877
:1093D000F04FFFF7BDBDB7EE000B38EE000B0028D5
:1093E0003FF4BFAEB1EE400BBBE60020C7F30A0E60
:1093F00035E74918644B82F400224FF000005241D7
:109400008842934123D3B7EE000BAAE603F1404113
:109410009FED596B01F57001104641EC100BA7EE62
:10942000000B20EE060B09B0BDEC0A8BBDE8F04F37
:10943000FFF7AABD03465BEA0303DAD02119534BB9
:109440004FF0000645EB02028E4293415BD245ECA1
:10945000174B37EE010B84E6002D20EE000B6EDA81
:10946000C7F30A02A2F2FF31342968D8C2F5866236
:109470004FF0FF31A2F11D04033201FA04F601FAA4
:1094800002F0C2F120053043009B21FA05F630437B
:10949000914023EA01012CEA000001434FD1D3405F
:1094A0001A460CFA05F52A432CFA04F4224312F06A
:1094B000010253D110465EEA0A0A42D1BCF1000F04
:1094C000BFF64FAE09B0BDEC0A8BBDE8F04FFFF719
:1094D00027BD59EA0A068CD02D4F0026BD4208BF91
:1094E000B4420DD1009B8CF4002CDB18264B4CEBC6
:1094F0000C0C4E4573EB0C03A9D384E7002092E6D5
:10950000211945EB02020198002310F5001F08BF46
:109510009B459CD11F48824208BF99423FF473AFDC
:10952000824234BF002201229C45B4BF4FF0000CA0
:109530004FF0010C624515D09FED110B11E6002094
:10954000B9E7BCF1000FBFF60CAEB7EE006B86EECC
:10955000007B8DED027B9DED020B02E60120B1EE5A
:10956000400BA8E721EE010BFBE500BFAFF3008045
:109570000000000000001000000000000000007F5C
:1095800000000000000000000000F0FF0000E0FF0D
:109590000000F03F0000E07F30B510EE103A2DEDF6
:1095A000028B10EE90EAA3F500044FEA4E01B4F1ED
:1095B000FE4F83B09C4601F1FF306FF0807279D28C
:1095C000904238BF002080F0D780BFEE001B0CF126
:1095D000404303F54D03C3F3C342DB0DDB05ACEBA6
:1095E0000301DB1507EE903AB74B03EB021292ED45
:1095F000024B92ED002B05EE101A93ED403B93EDDC
:10960000426BB7EEC55AB8EEE77BA2EE051B37EE0C
:10961000047B93ED442B21EE018BA1EE036B93EDC4
:10962000465B28EE083B93ED484BA1EE025BB7EE9C
:10963000E00AA1EE047BA8EE057BA6EE037B20EEFC
:10964000077B17EE903A48F2BF01C3F3CF338B424A
:109650004CD2B7EE000B9D4B93ED402B37EE023B07
:1096600013EE102A33EE423B02F01F01801803EB89
:10967000C10293ED424B37EE437B53F831405568BE
:1096800093ED446B93ED465BA7EE046B27EE074B1F
:1096900000210A1905EBC033A7EE050B43EC172B8D
:1096A000A6EE040B20EE070BB7EEC00B03B0BDEC2B
:1096B000028B30BD904280F0C4805900481E904219
:1096C00080F09B80002B65DB0020BCF5000FBFF411
:1096D0007CAFDFED7F7A07EE103A67EE277A17EE60
:1096E000902A22F00042A2F1386C6EE79FED6E6B7B
:1096F000B4EEC67BF1EE10FA15DC9FED6D6BB4EEA7
:10970000C67BF1EE10FA21DD4FF04C5390B101937E
:10971000DDED016ABFEE006A76EE666AF4EE466A37
:10972000F1EE10FA12D003B0BDEC028BBDE8304070
:1097300000F0FCB80093DDED006AB7EE006A76EE4B
:10974000866AF4EE466AF1EE10FAECD19FED5A6BA0
:10975000B4EEC67BF1EE10FA61D99FED596BB4EE11
:10976000C67BF1EE10FA7FF574AF03B0BDEC028B4F
:10977000BDE8304000F0D4B8002957D0B3F17E5F87
:1097800029D18EF48002520012F5000F54D8B7EEA2
:10979000000A8BE7CEF3C7527E2A13D9962A5DD8EA
:1097A0000121C2F1960201FA02F2511E11EA0E0FD6
:1097B00008D112EA0E0F14BF0120002000042CF083
:1097C000004C82E700EE103A03B0BDEC028BBDE81E
:1097D000304000F0C3B8B1F17F4F2DD15A00B2F143
:1097E000FE4F6FEA0E0E34BF002201224FEADE7EEA
:1097F000724554D09FED370A58E7002B20EE000A3F
:109800002EDB0020002941D1BEF1000FBFF64EAF84
:1098100003B0BDEC028BBDE8304000F08DB803B062
:10982000BDEC028BBDE8304000F074B88CF48002CF
:10983000520012F5000FAAD907EE903A37EEA00AAF
:1098400034E70029F2D05A00B2F17F4FF4D8B1F1D9
:109850007F4FF1D1B2F1FE4F99D0C0E70020AEE7C3
:10986000CEF3C753A3F17F02172ACAD8C3F19600DB
:10987000012303FA00F0421E12EA0E0FC1D110EAD2
:109880000E00BFD0B1EE400A1846BBE7BEF1000F94
:10989000BFF60CAFF7EE007A87EE800A06E720EEFF
:1098A000A00A03E7AFF3008071D5D1FFFFFF5F404F
:1098B000E2AAA3FFFFFF5F400000000000C062C0FB
:1098C0000000000000A062C038310808F02F08082E
:1098D0000000004B0000000010B52DED028BB0EE33
:1098E000408A044603F082F8B0EE480ABDEC028BD1
:1098F000046010BD30B1F1EE407A27EE800A2220DC
:10990000FFF7EABFF0EE407A27EE800A2220FFF749
:10991000E3BF00BF9FED010AFFF7ECBF000000109E
:109920009FED010AFFF7E6BF0000201A9FED010A34
:10993000FFF7E0BF000000709FED070AF7EE007A26
:10994000BFEE007A00284FF0220047FE877A87EEAC
:10995000800AFFF7C1BF00BF00000000F0EE407AB0
:1099600030EE407AF4EE677AF1EE10FA87EE070AED
:1099700002D62120FFF7B0BF704700BFB1EEC00B89
:10998000704700BF0000000010EE903A23F0004343
:10999000B3F1795F2DED028B2ED2FDEEC07B17EE79
:1099A000903A002B65D020EE004B9FED358B9FED5C
:1099B000362B9FED373BA4EE082B9FED375BA2EED5
:1099C000043B9FED376BA4EE035B9FED377BA4EE6A
:1099D000056BA4EE067B24EE077B21EE401BB6EE62
:1099E000006BA4EE071BB7EE000B94EE061BBDEC5C
:1099F000028B30EE410B70479FED218B20EE004B28
:109A00009FED212B9FED223BA4EE082B9FED225BC7
:109A1000A2EE043B9FED226BA3EE045B9FED227B45
:109A2000A5EE046B224AA6EE047B934227EE047B4C
:109A3000D3D9204A934217D8B7EE006B0020A3F584
:109A4000001141EC150B36EE456B21EE401BB6EED6
:109A5000003BA4EE071B94EE035BBDEC028B35EEDE
:109A6000415B36EE450B7047B6EE076BB5EE025B19
:109A7000EBE7B7EE000BBDEC028B7047AFF3008055
:109A8000D43888BEE9FAA8BDC4B1B4BD9EEE213E6B
:109A9000AD529C804F7E92BE9015CB19A001FA3E2C
:109AA0007751C1166CC156BF4C5555555555A53FFC
:109AB0003233D33F0000E93F10EE903A23F00043E9
:109AC000B3F1795F04D2FDEEC07B17EE903A5BB341
:109AD00020EE007B9FED162B9FED173B9FED184B63
:109AE000A7EE023B9FED185BA3EE074B9FED186BB3
:109AF000A4EE075BA5EE076B20EE075B30B99FED88
:109B0000164BA7EE064BA4EE050B70479FED144BCA
:109B100026EE456BB6EE003BA1EE036B96EE071BFF
:109B2000A5EE041B30EE410B704700BFAFF3008081
:109B30007CD5CF5A3AD9E53DEB9C2B8AE6E55ABE57
:109B40007DFEB157E31DC73ED561C119A0012ABFF3
:109B5000A6F810111111813F495555555555C5BFEE
:109B6000495555555555C53F38B5B0EE407B17EEB4
:109B7000903A8D4923F000428A422DED108B2DD86A
:109B8000FDEEC06B16EE901AF1BB10EE104A431CAE
:109B90002343134300F0BC80012800F0968030EE90
:109BA000016BBFEE005BBDEC108B85EE064B55ECF8
:109BB000164BB7EE006B53EC142B0C460A4643ECE5
:109BC000102B45EC154BA5EE006B35EE477B31EEC7
:109BD000477BA7EE006BA6EE040B38BD73498A42A3
:109BE00012D99FED515B002B9FED516BB8BFB1EEC9
:109BF000411B35EE415B9FED501BB8BFB1EE407B82
:109C000036EE477B35EE077B9FED4DAB27EE075BCE
:109C100025EE056B9FED4C8B9FED4D2BA6EE0A8B31
:109C20009FED4D4BA8EE062B9FED4DCBA2EE064BC4
:109C30009FED4DEBA4EE06CBB0EE414B9FED4C9B60
:109C4000ACEE06EB9FED4C0B9FED4D3BA6EE090BEA
:109C50009FED4DBBA0EE063B9FED4DDBA3EE06BB9B
:109C60009FED4DFBABEE06DB5049ADEE06FB27EE5C
:109C7000056BAFEE05EBAEEE064BA4EE051B9FEDBC
:109C8000485B8A42A6EE051B37EE010B20D801285F
:109C90001BD0BFEE006B86EE004B51EC100BB7EE05
:109CA000005B53EC142B0020024643EC102B41ECDC
:109CB000160B36EE473BB0EE457B31EE431BA6EE6E
:109CC000007BA1EE007BA7EE040BBDEC108B38BD32
:109CD0009B17BDEC108B20EE004B06EE900A03F0B4
:109CE0000203C3F10103B8EEE63B06EE903A30EE14
:109CF000030BB8EEE66B84EE005BB0EE004B35EE86
:109D0000415B37EE457BA7EE443B26EE030B38BDA7
:109D1000FEF77AFFB7EE006BB0EE407B86EE070BE6
:109D2000D3E700BFAFF30080075C143326A6813C65
:109D3000182D4454FB21E93F000000000000000002
:109D4000735360DBCB75F3BEA69237A0887E143FB9
:109D50000165F2F2D844433F280356C9226D6D3F96
:109D600037D60684F464963F7AFE10111111C13F74
:109D7000D47ABF74702AFB3EE9A7F0320FB8123FC5
:109D800068108D1AF726303F1583E0FEC8DB573F79
:109D900093846EE9E326823FFE41B31BBAA1AB3F39
:109DA000635555555555D53FFFFF2F3E2794E53F49
:109DB00000B52DED0A8B83B08DED000B019AA849FB
:109DC00022F000438B4212D9009903F1404303F57E
:109DD00080130B436DD19FED847B9FED850B002A93
:109DE00037FE000B03B0BDEC0A8B5DF804FB9D4908
:109DF0008B4209D89C4A934266D89FED7F0B03B0F3
:109E0000BDEC0A8B5DF804FB002AC0F29E80B6EE22
:109E1000007BB7EE009B9DED006B39EE468B28EE84
:109E2000078BB0EE480BFFF7A9FDB0EE483B9FED66
:109E3000746BB0EE407B9FED742B9FED754BA8EEDD
:109E4000062B9FED756B9FED765BA2EE086BA6EE81
:109E5000084B9FED756BA4EE085B9FED754BA5EE6F
:109E6000086B26EE086B9FED745BA8EE045B9FED1C
:109E7000744B53EC102BA5EE084B00229FED725B48
:109E800043EC102BA4EE085BA0EE403B37EE004BFA
:109E9000A5EE089B86EE095B83EE046BA7EE056BCF
:109EA00030EE060B30EE000B03B0BDEC0A8B5DF814
:109EB00004FB9DED007B37EE477B87EE070B03B07D
:109EC000BDEC0A8B5DF804FB9FED4D8B9FED584B6D
:109ED0009DED007B9FED4C0B27EE077B9FED4E3BEE
:109EE000A7EE080B9FED4A1BA0EE073B9FED526BC0
:109EF000A3EE071BA7EE046B9FED492B9FED4A5B7A
:109F0000A1EE072B9FED4E4BA2EE075B25EE075B04
:109F10009FED4D3BA6EE074B9FED370BA4EE073BA5
:109F2000B7EE004B9FED4A6BA3EE074B85EE043B6B
:109F30009DED007BA7EE436B37EE467B30EE470B83
:109F400003B0BDEC0A8B5DF804FB9DED007BB7EE22
:109F5000006BB6EE00AB9FED2A9B37EE067B27EE3B
:109F60000A7B9FED290B9FED2C2BA7EE090B9FED94
:109F7000308BA0EE072BB0EE470B9FED253B9FEDFE
:109F8000285BA2EE073B9FED28CBA3EE075B9FED7E
:109F90002A1BA5EE07CB2CEE07CB9FED294BA7EE96
:109FA000081B9FED29BBA1EE074BA4EE07BBABEE50
:109FB000076BB0EE468BFFF7E1FC8CEE084BB0EE82
:109FC000005B9FED256B9FED0A7BA0EE046B36EEE8
:109FD000006BA6EE457BB0EE470B03B0BDEC0A8BE1
:109FE0005DF804FBAFF300800000000000000000FB
:109FF000182D4454FB210940182D4454FB21F93FEE
:10A0000009F7FD0DE13D023F88B20175E0EF493FE0
:10A010005544880E55C1C93F3B8F68B52882A4BFFF
:10A020007D6FEB0312D6D4BF555555555555C53FD9
:10A0300082922EB1C5B8B33F59018D1B6C06E6BFA5
:10A04000C88A599CE52A00404B2D8A1C273A03C038
:10A05000075C143326A6913C075C143326A691BCFA
:10A06000FFFFEF3FFFFFDF3F0000603C000000000C
:10A0700038B5B0EE407B17EE905A8D4B25F000447A
:10A080009C422DED0A8B19D910EE103A04F1404490
:10A0900004F580141C4306D030EE407B87EE070B9E
:10A0A000BDEC0A8B38BDBDEC0A8B9FED630B9FEDB9
:10A0B000646B27EE000BA7EE060B38BD7D4B9C4270
:10A0C0000ED8B4F1795F80F08280B7EE005B9FED2F
:10A0D0005E6B30EE066BB4EEC56BF1EE10FADFDCB2
:10A0E000B0EE470BB6EE008BFEF78EFDB7EE007BB1
:10A0F0009FED579B37EE400B20EE088B9FED56AB44
:10A10000B0EE480B9FED561B9FED573BA8EE0A1B88
:10A110009FED574BA1EE083B9FED576BA3EE084B0D
:10A120009FED57CBA4EE086B9FED572BA6EE08CB07
:10A130002CEE08CB9FED565BA8EE092B9FED56BB8E
:10A14000A2EE085BA5EE08BBABEE087BB0EE479B2A
:10A15000FFF714FC584B9C422AD830EE001BB0EE9F
:10A16000002B53EC102B8CEE094B9FED4D5B9FEDBC
:10A17000326B002243EC132B30EE037BA3EE438BB8
:10A1800088EE070BB0EE467BB0EE456BA0EE427B4F
:10A19000A3EE426B91EE047B37EE467B35EE470B28
:10A1A000002D3FF77DAFB1EE400BBDEC0A8B38BD03
:10A1B0009FED3D7B8CEE094BB0EE005B9FED206B7D
:10A1C000A0EE040BA0EE057B36EE470BE8E79FED13
:10A1D000228B27EE075B9FED224B9FED232BA5EEF5
:10A1E000084B9FED233BA4EE052B9FED231BA2EE16
:10A1F000053BBDEC0A8BA3EE051B9FED150B9FEDF8
:10A20000206B9FED214BA1EE056B26EE056B9FEDBC
:10A21000202BA5EE004B9FED203BA4EE052BB7EEC7
:10A22000004BA2EE053BA3EE054B86EE045BA7EECA
:10A23000057BB0EE470B38BD075C143326A6913C76
:10A24000182D4454FB21F93F9C7500883CE4377E6F
:10A2500082922EB1C5B8B33F09F7FD0DE13D023F33
:10A2600088B20175E0EF493F3B8F68B52882A4BFF3
:10A270005544880E55C1C93F7D6FEB0312D6D4BF3C
:10A28000555555555555C53F59018D1B6C06E6BFB3
:10A29000C88A599CE52A00404B2D8A1C273A03C0E6
:10A2A000182D4454FB21E93F075C143326A691BCCA
:10A2B000FFFFEF3FFFFFDF3F3233EF3F00000000C3
:10A2C0002DE9F04151EC110B4342614C21F0004665
:10A2D000034346EAD37382B0A3428DED000B3BD813
:10A2E000DDE900E7CEF1000343EA0E0327F0004862
:10A2F00048EAD373A3422FD801F1404303F58013FA
:10A30000034302463DD08D1705F0020558EA0E0EB4
:10A3100045EAD77529D0324338D0A64244D0A0456B
:10A3200034D0A8EB0608B8F1747F4FEA285338DA26
:10A33000002945DA3C3343DA9FED370B012D53D02A
:10A34000022D48D075B19FED366B9FED377B30EE17
:10A35000460B30EE470B05E09DED006B41EC170B13
:10A3600037EE060B02B0BDE8F081022D16D09DED50
:10A37000007B9FED2F0B032D00FE070B02B0BDE805
:10A38000F08102B0BDE8F041FEF7FABA9FED2A0B6A
:10A390009FED2B7B002F20FE070BE3E79FED220BA9
:10A3A000E0E79FED250BC9E7B04505F1FF3524D067
:10A3B000022D2AD8274B03EBC50393ED000BD1E701
:10A3C0009DED007B41EC160B87EE060BFEF71CFCA7
:10A3D000FEF7D6FAB2E79FED126B9FED137B30EEDE
:10A3E000460B37EE400BBDE710EE901A53EC102BE6
:10A3F00001F1004343EC102BB4E7022D08D8164BB3
:10A4000003EBC50393ED000BACE79FED030BA9E74E
:10A410009FED0D0BA6E700BF00000000000000004C
:10A42000075C143326A6A13C182D4454FB21094097
:10A43000182D4454FB2109C0182D4454FB21F93F29
:10A44000182D4454FB21F9BF182D4454FB21E93F3A
:10A450000000F07F282E0808402E0808F0B585B0CF
:10A460008DED001BDDE900C424F000415CEA01032E
:10A470008DED020B28D0039BB34A23F00045954293
:10A4800022D8CCF10002B14842EA0C0241EAD27271
:10A49000824219D88D42029A03F000461EDCC0F2B7
:10A4A000C780944500F2C48000F0F780034222D1B7
:10A4B000B5B9002A174640F31481A5487F00002F44
:10A4C00000F1FF30FADC19E09DED027B9DED006BA1
:10A4D00027EE067B87EE070B05B0F0BD03420AD1DD
:10A4E000EF02002F40F3DF809A487F00002F00F139
:10A4F000FF30FADC02E02815A0F2FF30934F27402E
:10A5000087B9002940F0A280BCF1000FE64640F375
:10A51000F2808F4F4FEA4E0EBEF1000F07F1FF376A
:10A52000F8DC02E00F15A7F2FF37DFF828E27045EC
:10A5300072DBC3F3130343F48013864DAF425ADB3F
:10A54000C4F3130444F48014A2EB0C01C01B0CD11F
:10A5500028E001391ED4A2EB0C0E4FEADE7301385D
:10A5600003EB41034FEA4E021AD06245A3EB04010C
:10A570004FEAD275EDD30029A2EB0C0E0ADB51EAAB
:10A580000E03EAD1744BF60F03EBC60393ED000BF9
:10A5900005B0F0BD013805EB43034FEA4202E4D1B8
:10A5A000A2EB0C011C1B624538BF04F1FF34002CE8
:10A5B000A4BF0A46234653EA020105D1E2E7D10FC0
:10A5C00001EB43035200013FB3F5801FF7DB614904
:10A5D0008F4257DAC91B142974DC07F21E40CA40A7
:10A5E00003FA00F043FA01F110430E4333460246EA
:10A5F00043EC102B70E7ED1B1F2D1CDD574CC01BCF
:10A60000A4EB07040CFA04F418BF4FF0000CACD113
:10A610001C1B1146CBE74E4F4E4BA3EB000EBEF179
:10A620001F0F25DD4D4B1B1A02FA03F3002284E7AE
:10A630009DED020B50E707F21E442CFA04F4A940EA
:10A640000CFA05FC0C43A2EB0C017FE74FEAC12E8C
:10A65000BEF1000F5BDD3F4F4FEA4E0EBEF1000F23
:10A6600007F1FF37F8DC60E7394F39484FF0150E36
:10A6700000F21E4322FA03F305FA0EF52B4302FA09
:10A680000EF25AE7A3F5801307F2FF37334343EA8C
:10A690000751104641EC100B1EE72F4B03EB1673CE
:10A6A00093ED000B18E729482040002840D10029ED
:10A6B00056D1BCF1000FE646D8BFA0F2FE301EDD39
:10A6C000244826E71F2907DC07F21E4022FA01F181
:10A6D00003FA00F0084389E72048C01B43FA00F062
:10A6E00084E71A482040D8B939BBBCF1000FE646D0
:10A6F000BADD17480DE7A7F2FE37B8428BDBC3F38C
:10A700001303134F43F480130B24152595E7114FC2
:10A71000B84281DBC3F313030E4F43F480130FE7FA
:10A720000F150B48A7F2FF370B234FF0150EA1E7CB
:10A730000F150848A7F2FF37FBE64FEAC12EBEF11E
:10A74000000F15DD024886E7FFFFEF7F0000F07F76
:10A75000EDFBFFFF02FCFFFF582E0808E2FBFFFFA6
:10A760004FEAC12EBEF1000F02483FF774AFD1E7A8
:10A77000004F7AE702FCFFFF70B553EC102B9E49A7
:10A7800023F000458D4288B0044669D99B498D422B
:10A790001E461BD8002B9FED887B40F3E98030EEEE
:10A7A000477BA1F51B21A1F5F0618D4267D09FED9C
:10A7B000845B37EE456B37EE467B37EE457B84EDA9
:10A7C000006B84ED027B012008B070BD8C498D4286
:10A7D00062D98C498D424BD810462A15A2F21642F6
:10A7E000A5EB025141EC170B9FED774BBDEEC75B1C
:10A7F00008A8B8EEC55B37EE457B27EE047BBDEEBF
:10A80000C76B8DED025BB8EEC66B37EE467B8DED08
:10A81000046B27EE047B8DED067B032130ED027B7C
:10A82000B5EE407BF1EE10FA0B4601F1FF31F5D0A9
:10A83000754901910221009102A8214600F0ECF82F
:10A84000002EC1DA94ED006B94ED027BB1EE466B05
:10A85000B1EE477B84ED006B84ED027B4042B3E7B1
:10A860000020002184ED000BC4E902010020ABE7C9
:10A8700030EE407B80ED027B80ED007BF6E79FEDC4
:10A88000545B9FED556B37EE467B37EE456B37EEED
:10A89000467B37EE457B92E7FEF7B6F9B6EE007BD6
:10A8A0009FED4F5BA0EE057BFDEEC77B9FED423B2E
:10A8B00017EE900A9FED426B1F28B8EEE75BB1EEF2
:10A8C000454BA5EE430B25EE067B1CDC4F4B421E91
:10A8D00053F82230AB4216D030EE476B30EE460BC9
:10A8E000002E30EE470B84ED006B84ED020BBFF6BB
:10A8F0006BAFB1EE466BB1EE400B84ED006B84EDB7
:10A90000020B404260E730EE476B16EE903AC3F31D
:10A910000A53C3EB1553102B4FEA2552DEDDB0EE80
:10A92000403B9FED2D6B9FED2A2BA4EE063B30EEB6
:10A93000437BA4EE067B95EE027B33EE476B16EE6F
:10A94000903AC3F30A53D21A312A0EDDB0EE430B0C
:10A950009FED256B9FED262BA4EE060B33EE407B7F
:10A96000A4EE067B95EE027BB6E7B0EE430BB5E7AF
:10A97000274930EE077B8D420ED09FED115B37EEFD
:10A98000056B37EE467B37EE057B84ED006B84ED7F
:10A99000027B4FF0FF3017E79FED0D5B9FED0E6BD5
:10A9A00037EE067B37EE056B37EE467B37EE057BE1
:10A9B000EBE700BFAFF3008000004054FB21F93FFC
:10A9C0003163621A61B4D03D0000000000007041A4
:10A9D0007370032E8A19A33B0000601A61B4D03D46
:10A9E00083C8C96D305FE43F0000002E8A19A33B85
:10A9F000C14920259A837B39FB21E93F7BD902405D
:10AA0000FB213941FFFFEF7FE82E0808682E080878
:10AA1000FB21F93F000000002DE9F04F2DED088BE0
:10AA2000ADF5137D1C4602938B469F4BA49912F102
:10AA3000140F53F82160824604F1FF38C0F2CA8235
:10AA40009A49D31E81FB0301DB17C3EBA1030193DA
:10AA50000133A3EB8303DB001A44019B16EB0800D0
:10AA6000A3EB08031AD401309FED896BA59C184411
:10AA70001AA90AE054F8235007EE905A0133B8EEB1
:10AA8000E77B8342A1EC027B08D0002BF2DAB0EE28
:10AA9000467B01338342A1EC027BF6D1002EC0F24B
:10AAA000E282029B1AA901EBC3056AAFD9004446B2
:10AAB00006EB030C0AEBC300B8F1000F9FED747BAB
:10AAC00009DBAE465346B3EC025B3EED026B8342BC
:10AAD000A5EE067BF7D101346445A7EC027B05F1B6
:10AAE0000805E9D106AB03EB8603043B9FED6A9BA7
:10AAF0009FED6B8B039306ABCDF814B00AEB01040A
:10AB000003EB860935466AAF0096934692AB03EB9A
:10AB1000C503002D13ED280B16DD07EBC50306AAB0
:10AB200020EE097B33ED025BB0EE406BBDEEC77BE0
:10AB3000BB42B8EEC77BA7EE486BBDEEC66B37EEE7
:10AB4000050BA2EC016AEBD1584600F0BDFAB4EE59
:10AB5000007BB0EE40AB20EE070B00F03DFBB2EE09
:10AB6000007BA0EE47ABBDEECABBBBF1000FB8EE59
:10AB7000CB7B3AEE47AB71DD6E1E06AACBF1180314
:10AB800052F8262042FA03F000FA03F3D21A06AB79
:10AB9000CBF1170143F826201BEE103A42FA01F1DF
:10ABA000034400290BEE103A00F36B81B5EE40AB85
:10ABB000F1EE10FA40F0C780009B9D420CDD06AB21
:10ABC00003EB8503002253F8040D4B4542EA0002D3
:10ABD000F9D1002A40F07381009B06AA013B52F88C
:10ABE0002330002B40F06381039B012153F8042D97
:10ABF0000131002AFAD005F1010E29447646029B64
:10AC00001D44019B03EB0E0C0CF1804CA59B0CF139
:10AC1000FF3C03EB8C0C1AAB07EBCE0E03EBC5002D
:10AC20009CED017AB8EEC77BB8F1000FA0EC027B77
:10AC30000CF1040C9FED167B09DB02465346B3EC86
:10AC4000025B32ED026BA342A5EE067BF7D1013623
:10AC5000B142AEEC027BE3DA0D4657E740F00781E4
:10AC60006B1E06AA52F82310C91500299EDD1BEEA3
:10AC7000103A002D03F101030BEE103A40F3EB8183
:10AC800000260DF1180C32466FF07F4E049121E042
:10AC90000000000000000000000000000000703E06
:10ACA0000000000000007041A0320808ABAAAA2AE8
:10ACB0000136B54241F8040C40F3FE800B680CF1FC
:10ACC000080C0136AEEB0303B5424FF001024CF81D
:10ACD000043C0DDD614651F8043B002A40F0C5807C
:10ACE000C3F18070002BE3D10136B5428C46F1DC14
:10ACF0000499BBF1000F0FDDBBF1010F00F0CD8017
:10AD0000BBF1020F08D1681E06AB06AE53F8203027
:10AD1000C3F3150346F8203002297FF447AFB7EE9E
:10AD2000000B30EE4AAB002A3FF440AF5846049186
:10AD300000F0CAF93AEE40ABB5EE40ABF1EE10FAD6
:10AD400004993FF439AF5A465042B0EE4A0B009E88
:10AD5000DDF814B00092894600F0B6F99FEDC45BAF
:10AD6000B0EE407BB4EEC50BF1EE10FA009AC0F2E3
:10AD700049819FEDC16B20EE066BBDEEC66B06A947
:10AD8000B8EEC64BA4EE457BBDEEC77B6C1C17EE40
:10AD9000103A41F8253016EE103A41F824301832B6
:10ADA0001046B7EE000B00F08FF9002CC0F2A8801F
:10ADB0009FEDB15B611C06AB6AA803EB8103CA007F
:10ADC00000EBC10133ED017A06A88342B8EEC77BE0
:10ADD00027EE007B20EE050B21ED027BF2D16AA865
:10ADE00042A9A2F10803C5188C46274600209046C8
:10ADF000002E9FEDA37B0EDBA34AAE46002301E0AD
:10AE0000984208DBB2EC025BBEEC026B01339E425F
:10AE1000A5EE067BF4DA013F7B1CACEC027B00F173
:10AE20000100A5F10805E3D1A49B022B424672DC88
:10AE3000002B00F3D4800ED19FED917B0A4432EDBC
:10AE4000026B914237EE067BF9D14B460BB1B1EE66
:10AE5000477B8BED007B1BEE103A03F007000DF5EE
:10AE6000137DBDEC088BBDE8F08F8C4629E7B6EE6C
:10AE7000007BB4EEC7ABF1EE10FA80F29A800021AD
:10AE800094E60133002D0BEE103AD8BF00223FF7B5
:10AE9000F7AEBBF1010F7FF433AF681E06AB06AE11
:10AEA00053F82030C3F3160346F8203034E705F199
:10AEB000010E76467146A2E60499012219E76C1E3E
:10AEC00006AB5A4653F82430009EDDF814B089468C
:10AED000183A002B7FF464AF05F18043013B06A9CB
:10AEE00001EB830353F8041D013C183A0029F9D003
:10AEF000B7EE000B104600F0E7F8002CBFF658AF95
:10AF0000A49B022B00F3C280002B00F3C780A2D1C8
:10AF10009FED5B7B99E7A49B032B9CD1002C00F059
:10AF2000BA8001EBC40595ED006B2B46E0002A4684
:10AF300032ED027BB0EE465B8A4236EE076B37EEAF
:10AF4000467B82ED006B37EE057B82ED027BEFD115
:10AF5000012C00F0A08095ED006B01F1080233EDAB
:10AF6000027BB0EE465B9A4236EE076B37EE467BCD
:10AF700083ED006B37EE057B83ED027BEFD19FED18
:10AF8000407B00F108030B4401F1100233ED026B2A
:10AF90009A4237EE067BF9D14B4691ED005B91ED7D
:10AFA000026BC3BB8BED005B8BED026B8BED047B07
:10AFB00051E71BEE103A002D03F101030BEE103A9E
:10AFC000C8BF02213FF75CAEB7EE007B37EE4AAB5D
:10AFD0000221EBE500216FF0170301913CE59FEDA5
:10AFE000286B0A4432ED027B914236EE076BF9D1B1
:10AFF00037EE467B4B46DBB1B1EE466B8BED006B1B
:10B00000CCB923E0BDEEC07B06A917EE103A2C4662
:10B0100041F82530C4E6B1EE455BB1EE466BB1EECA
:10B02000477B8BED005B8BED026B8BED047B12E7B6
:10B030008BED006B64B144AA0123B2EC026B0133C7
:10B040009C4237EE067BF8DA4B460BB1B1EE477BFC
:10B050008BED027BFFE602297FF4A8ADB7EE007B03
:10B0600037EE4AABA2E5029BD9003BE5AFF3008087
:10B070000000000000007041000000000000703E71
:10B08000000000000000000060320808A49B032BB1
:10B090007FF4E1AE42A99FED0A7B7DE74B469DED33
:10B0A000427B2BB100224FF00043CBE90023CDE7D8
:10B0B00000220023CBE90023CAE700BFAFF30080E2
:10B0C000000000000000000053EC102B10B4C3F38C
:10B0D0000A54194674BB23F00041114327D09FED59
:10B0E000307B3B4920EE077B884253EC172B43DB38
:10B0F000C3F30A541946363C4CF2503C604522DCFE
:10B10000204440F2FE74A0421DDC002829DC10F12E
:10B11000350F38DB21F0FF41363021F4E0019FED9F
:10B12000227B41EA005343EC102B20EE070B5DF825
:10B13000044B704740F2FF7C6445DDD130EE000BDC
:10B140005DF8044B70479FED1A7B9FED1B5BB0EEE3
:10B15000470B002B5DF8044B27FE057B27EE000B09
:10B16000704721F0FF4121F4E00141EA005343EC34
:10B17000102B5DF8044B70479FED110B5DF8044BED
:10B1800027EE000B70479FED0E7B9FED0F5BB0EE3F
:10B19000470B002B27FE057B27EE000BC7E700BF00
:10B1A0000000000000005043000000000000903C40
:10B1B0009C7500883CE4377E9C7500883CE437FE33
:10B1C00059F3F8C21F6EA50159F3F8C21F6EA5818D
:10B1D000B03CFFFF0000000000B583B08DED000B18
:10B1E00001990098C1F30A52A2F2FF33132B33DC0A
:10B1F000002B23DB3C4A1A4101EA020E5EEA000EF4
:10B200008C462ED09FED367B9DED006B36EE077B96
:10B21000B5EEC07BF1EE10FA09DD002904DA4FF437
:10B22000801141FA03F39C442CEA020100200B46F2
:10B23000024643EC102B03B05DF804FB9FED287B26
:10B2400030EE077BB5EEC07BF1EE10FAEFDD0029A2
:10B250002ADB00200146EAE7332B07DDB3F5806FD8
:10B260001DD09DED000B03B05DF804FBA2F213426C
:10B270004FF0FF3C2CFA02F20242F2D09FED187B15
:10B280009DED006B36EE077BB5EEC07BF1EE10FA5C
:10B29000CDDD002984460EDB2CEA0200C7E79DEDD8
:10B2A000007B37EE070BDEE721F0004108430FD1AA
:10B2B0004FF00041BBE7142B0DD04FF0010EC3F14E
:10B2C00034030EFA03F39C44844538BF7144E3E72A
:10B2D00006490020ABE70131DEE700BFAFF3008095
:10B2E0009C7500883CE4377EFFFF0F000000F0BF34
:10B2F0001FB514461A46094B1B680546D86854B951
:10B30000074B1C46CDE9013400912B46054900F05E
:10B3100007FD01F013FC044BF4E700BF681900209F
:10B32000EB320808BD320808B03208082DE9F041B8
:10B330002DED028BB0EE408B84B0DDE90C68154634
:10B3400018EE902A28F02007002AB6BF2D220022EE
:10B35000B1EE408B462F0C461A7004D0452F00D119
:10B360000134022100E0032103AB019302AB0093FF
:10B3700022463346B0EE480B01F07AFCB8F1670F75
:10B3800015D1EB070AD50219B5EE408BF1EE10FA94
:10B3900008BF03923021039B93421DD3039B0E9A57
:10B3A0001B1A136004B0BDEC028BBDE8F081B8F14C
:10B3B000470FE6D0462F00EB0402E5D10378302B8F
:10B3C00007D1B5EE408BF1EE10FA1CBFC4F10104B9
:10B3D000346033681A44D7E75C1C03941970DAE7C9
:10B3E000F7B50029BABF49422D232B230929027042
:10B3F000437029DD0DF107031D460A271A46B1FBEC
:10B40000F7F607FB1614303402F8014C0C46632C97
:10B4100003F1FF333146F1DC3031941E03F8011C97
:10B42000411C2346AB420AD30DF109039B1AAC42DF
:10B4300088BF002302330344181A03B0F0BD13F889
:10B44000016B01F8016FEDE7302330318370C1707B
:10B45000031DF1E7000000002DE9F04F8DB00C4610
:10B46000DDF8588016461F46054601F075FAD0F8FB
:10B4700000B0584601F05AFB00230A93D8F8003078
:10B4800094F8189022680590073323F0070303F11E
:10B490000801C8F8001093ED000B9FED9D6BB0EE16
:10B4A000C07BB4EE467BF1EE10FA84ED120B24DD86
:10B4B000B5EEC00BF1EE10FA02D52D2384F843301F
:10B4C0009549964BB9F1470F94BF8846984622F0AC
:10B4D00004020323236122604FF0000A00973346E1
:10B4E0000BAA2146284600F0DDF9013040F0938098
:10B4F0004FF0FF300DB0BDE8F08FB4EE400BF1EE31
:10B5000010FA09D710EE903A002BBCBF2D2384F817
:10B5100043308349834BD5E76368591C24D1062304
:10B52000636042F480620023226003930AABCDE99A
:10B53000019309AB009361680DF123032846FFF7DF
:10B54000F5FEB9F1670F0999804615D1CB1C3BDB9D
:10B550006368994238DC0A9B994255DB2368216174
:10B56000D80745D54B1C42E009F0DF014729D8D167
:10B57000002BD6D10123D3E7B9F1470F07D1C81C5F
:10B5800025DB63688B4222DB4FF06709E3E7B9F103
:10B59000650F1FD801394A4604F150000991FFF7A1
:10B5A0001FFF0A9A1318012A8246236102DC2268CF
:10B5B000D20701D5013323619DF82330002B8DD0B4
:10B5C0002D2384F8433089E74FF06509E2E74FF017
:10B5D0004509DFE7B9F1660FBDD1002963680BDDCE
:10B5E000216113B92268D00702D501330B442361CE
:10B5F000A1654FF0000ADFE713B92268D20701D531
:10B600000233F4E70123F2E70029D4BFC1F10202BB
:10B6100001221344EBE723685A0507D42369424605
:10B6200031462846B84701302AD161E7B9F1650FA4
:10B6300040F2E28094ED127BB5EE407BF1EE10FA21
:10B6400033D1394A012331462846B84701303FF407
:10B650004FAFDDE90938434502DB2368D8070FD532
:10B66000059B5A4631462846B84701303FF440AF63
:10B670004FF0000908F1FF3804F11A0AC84509DC47
:10B6800023689B0700F10981E0680B9B9842B8BFD3
:10B6900018462FE70123524631462846B847013065
:10B6A0003FF426AF09F10109E8E7099B002B3DDCD7
:10B6B0001D4A012331462846B84701303FF418AFF0
:10B6C000DDE9093959EA030302D12368D907D7D53F
:10B6D000059B5A4631462846B84701303FF408AF2B
:10B6E0004FF0000A04F11A0B099B5B42534501DC41
:10B6F0004B4694E701235A4631462846B847013065
:10B700003FF4F6AE0AF1010AEEE700BFAFF30080A6
:10B71000FFFFFFFFFFFFEF7FEC320808F032080861
:10B72000F4320808F83208084A370808A36DDDF833
:10B7300028A05345A8BF5346002B994637DC002369
:10B74000079329EAE97904F11A02A36D0799069390
:10B75000A3EB09038B4231DC099B9A453BDC236850
:10B76000DA0738D4099BAAEB0309069BAAEB03036B
:10B770009945A8BF9946B9F1000F34DC4FF0000895
:10B7800029EAE97904F11A0B099BAAEB0303A3EB5D
:10B79000090343457FF774AF01235A4631462846D3
:10B7A000B84701303FF4A4AE08F10108ECE7424687
:10B7B00031462846B8470130C1D199E601233146C8
:10B7C00028460692B84701303FF492AE079B069A8E
:10B7D00001330793B9E7059B5A4631462846B847D7
:10B7E0000130BFD184E6069A4B4642443146284692
:10B7F000B8470130C2D17BE6DDF82890B9F1010FDE
:10B8000001DCDB0736D50123424631462846B847DE
:10B8100001303FF46DAE059B5A4631462846B84785
:10B8200001303FF465AE94ED127BB5EE407BF1EE56
:10B8300010FA09F1FF3918D04B4608F101023146E0
:10B840002846B84701300CD152E601235A4631460A
:10B850002846B84701303FF44BAE08F10108C8450F
:10B86000F3DB534604F15002DAE64FF0000804F12E
:10B870001A0BF4E701234246E1E701234A46314629
:10B880002846B84701303FF433AE08F10108E368B9
:10B890000B995B1A4345F0DCF6E64FF0000804F123
:10B8A0001909F4E72DE9F047164698468A680B69AE
:10B8B000DDF820909342B8BF1346336091F84320DF
:10B8C00007460C460AB1013333602368990642BF2C
:10B8D000336802333360256815F0060506D104F19C
:10B8E000190AE36832689B1AAB4226DC94F84330AD
:10B8F0002268003B18BF012392062BD404F14302B7
:10B9000041463846C84701301ED02368226903F0FB
:10B910000603042B02BFE5683368ED1AA3680CBF69
:10B9200025EAE57500259342C4BF9B1AED18002651
:10B930001A34B5421AD1002008E00123524641468C
:10B940003846C847013003D14FF0FF30BDE8F087DB
:10B950000135C6E7E1185A1C302081F84300224423
:10B9600094F8451082F843100233C7E701232246BA
:10B9700041463846C8470130E6D00136D9E70000D5
:10B980002DE9FF470F7E0C9E782F914680460C468E
:10B990009A4601F1430207D8622F0AD8002F00F01F
:10B9A000DD80582F00F0C38004F1420684F8427015
:10B9B0003AE0A7F16303152BF6D801A151F823F063
:10B9C00019BA07082DBA0708A9B90708A9B90708BD
:10B9D000A9B90708A9B907082DBA0708A9B907081E
:10B9E000A9B90708A9B90708A9B9070843BB0708F7
:10B9F000BBBA0708FBBA0708A9B90708A9B907081D
:10BA000065BB0708A9B90708BBBA0708A9B90708A1
:10BA1000A9B9070803BB070833681A1D1B68326001
:10BA200004F1420684F842300123A8E0316823681B
:10BA3000081D30601E0601D50D6803E05D06FBD5CC
:10BA4000B1F900506168002D78DA2D20002984F8C2
:10BA50004300A1602DDA5E486D420A231646B5FB0D
:10BA6000F3F103FB1157C75D06F8017D2F46BB427A
:10BA70000D46F4D9082B0BD12368DF0708D52369BD
:10BA800061689942DEBF302306F8013C06F1FF36BB
:10BA9000921B2261CDF800A04B4603AA21464046E6
:10BAA000FFF700FF01306FD14FF0FF3004B0BDE869
:10BAB000F08723F004032360CDE72168336808068C
:10BAC00053F8045B02D4490648BFADB26F2F40481B
:10BAD000336014BF0A230823002184F843106668EA
:10BAE000A660002EBADB216821F004012160002D40
:10BAF000B4D1002EB2D11646BCE7236843F0200330
:10BB000023603448782784F84570236831681F061D
:10BB100051F8045B02D45F0648BFADB23160D9076B
:10BB200044BF43F0200323601DB11023D4E728480D
:10BB3000E9E7236823F020032360F6E724480A237B
:10BB4000CDE7336825686169181D30602E061B68D3
:10BB500001D5196002E06806FBD519800023236136
:10BB6000164697E733681A1D32601E686268002126
:10BB7000304600F07DFF08B1801B60606368236180
:10BB8000002384F8433085E723693246494640461E
:10BB9000D047013088D023689B0714D4E068039B0A
:10BBA0009842B8BF184681E70123324649464046CD
:10BBB000D04701303FF478AF0135E36803995B1A51
:10BBC000AB42F1DCEAE7002504F11906F5E700BF16
:10BBD000FC3208080D330808002310B50446C0E9FC
:10BBE0000033C0E90433836081814366C28183618D
:10BBF000194608225C3000F052F90D4B63620D4B80
:10BC0000A3620D4BE3620D4B23630D4B24629C42F8
:10BC100006D003F16802944202D0D0339C4205D191
:10BC200004F15800BDE8104000F00ABF10BD00BF8D
:10BC3000C1BD0708E7BD07081FBE070843BE0708C8
:10BC40008CE40524024A0349034800F07BB800BF96
:10BC50005419002065E807086C19002041680C4B56
:10BC6000994210B5044601D002F0FCFDA168094BD1
:10BC7000994202D0204602F0F5FDE168064B994258
:10BC800004D02046BDE8104002F0ECBD10BD00BF5E
:10BC90008CE40524F4E405245CE5052410B50B4B85
:10BCA0000B4C0C4A1A60204600220421FFF794FF37
:10BCB00004F1680001220921FFF78EFF04F1D00092
:10BCC0000222BDE810401221FFF786BFC4E505241B
:10BCD0008CE4052445BC0708014800F0B3BE00BF52
:10BCE000F3E50524014800F0AFBE00BFF3E50524ED
:10BCF00010B50446FFF7F0FF236A1BB1BDE8104002
:10BD0000FFF7F0BF044B2362044B1B68002BF5D1F7
:10BD1000FFF7C4FFF2E700BF5DBC0708C4E50524D8
:10BD20000EB403B5014603AB054853F8042B006875
:10BD3000019302F0FBFB02B05DF804EB03B0704727
:10BD4000681900202DE9F843074688461446002666
:10BD5000D4E90195B9F1010905D52468002CF7D182
:10BD60003046BDE8F883AB89012B07D9B5F90E3011
:10BD7000013303D029463846C04706436835E9E712
:10BD80000EB400B59CB01DAB029006906FF0004160
:10BD9000094807910491094953F8042B059100685B
:10BDA000019302A902F09CFA029B00221A701CB0B7
:10BDB0005DF804EB03B07047681900200802FFFF2C
:10BDC00010B50C46B1F90E1000F0ECFD0028ABBF29
:10BDD000636DA3891B1823F48053ACBF6365A381F3
:10BDE00010BD002070472DE9F0411F468B89DB050F
:10BDF00005460C46164605D5B1F90E100223002261
:10BE000000F0BEFDA389B4F90E1023F48053A38182
:10BE100032463B462846BDE8F04100F0D5BD10B59E
:10BE20000C46B1F90E1000F0ABFD431CA38915BF01
:10BE3000606523F4805343F48053A38118BFA3812A
:10BE400010BDB1F90E1000F08BBD10B501390244E0
:10BE5000904201D1002005E0037811F8014FA34280
:10BE600001D0181B10BD0130F2E7884210B501EB7C
:10BE7000020402D98442234607D8431EA14208D0B7
:10BE800011F8012B03F8012FF8E7024401468A421A
:10BE900000D110BD13F8014D02F8014DF7E702443F
:10BEA0000346934200D1704703F8011BF9E7C9B27A
:10BEB0000346184613F8012B12B18A42F9D1704794
:10BEC000002918BF00207047F7B501683B290446D8
:10BED00011D93C22684600F038FE019A6368009947
:10BEE000002A0B446360BBBF3C3203F1FF33226086
:10BEF0002260B8BF636061683B2911D93C22684663
:10BF000000F023FE019AA3680099002A0B44A36065
:10BF1000BBBF3C3203F1FF3362606260B8BFA36015
:10BF2000A168172911D91822684600F00EFE019A5F
:10BF3000E3680099002A0B44E360BBBF183203F1A9
:10BF4000FF33A260A260B8BFE36021690B2911D959
:10BF50000C22684600F0F9FD019A63690099002AF5
:10BF60000B446361BBBF0C3203F1FF3322612261DA
:10BF7000B8BF636163699A071CD1642193FBF1F236
:10BF800001FB1232C2B903F26C734FF4C87293FB17
:10BF9000F2F102FB1133002B14BF1C231D23E268B6
:10BFA000002A0BDC344D0B206421E668002E11DDE5
:10BFB00003B0F0BD1C23F2E71D23F0E72E48022555
:10BFC000D4E90321012932D19342F1DAD21AC4E92A
:10BFD0000325F5E72269013A2261013216D163692E
:10BFE0005A1E9707C4E9040219D192FBF1F701FB2D
:10BFF0001722B2B903F26B734FF4C87293FBF2F7D6
:10C0000002FB1733002B14BF1C231D232269012AB6
:10C0100014BF55F822201A463244E260C5E71C23BB
:10C02000F4E71D23F2E71C23CAE71D23C8E750F8F5
:10C030002160B242BCDD0131921B0C29E26021611A
:10C04000BED1636900215A1C216191076261EAD166
:10C05000642192FBF1F601FB1622002AE5D103F2DE
:10C060006D734FF4C87293FBF2F102FB1133002B96
:10C0700014BF1C231D23A3E7503308082DE9F74FF5
:10C08000074602F017FD82463846FFF71DFFD7E945
:10C0900000433C2202FB0344BB687D694FF46162AC
:10C0A00002FB0344D7E90363B94A52F82320013E57
:10C0B000012B164411DDA9070FD1642295FBF2F381
:10C0C00002FB135343B905F26C734FF4C87293FB30
:10C0D000F2F102FB113303B9013605F51C5310339D
:10C0E00044F620629342FE6100F24D81462D40F3FA
:10C0F0009980462340F26D1C64214FF4C8709A0762
:10C1000040F08A8093FBF1F201FB1232002A40F0EA
:10C11000868003F26C7292FBF0FE00FB1E22002A66
:10C1200014BF62464FF4B77201339D421644E6D104
:10C13000984B4FEAE478C6FB034800F0D9F900F0C9
:10C14000E3F9954B1B68002B00F013817869DAF84E
:10C150000430D7F8209000F26C70834240F0A48045
:10C16000DAE90823DAF85000DAF828C0DAE9121B15
:10C17000121A63EBE0730193B1EB0C036BEBEC7EF3
:10C180009C4278EB0E0E80F2B580DAF8001029B1EF
:10C19000019B944278EB0303C0F2BA80B9F1000F1F
:10C1A00040F08F80ACEB00004FF001093B68D7F8FE
:10C1B0000CB00419034448EBE0783B603846FFF7C5
:10C1C00083FEFA68B2EB0B0278D0012A00F3A88054
:10C1D000931CD8BF0122FB69D31840F1AA806B1EC3
:10C1E000980740F0A080642193FBF1F001FB10332D
:10C1F000002B40F09B804FF4C87305F26B7595FBE4
:10C20000F3F103FB1155002D40F26D1318BF4FF4ED
:10C21000B673FB61164451E040F26D1284E74FF4AF
:10C22000B77281E784D0452340F26D1C64214FF43E
:10C23000C87012E062BB93FBF1F201FB123252BBF9
:10C2400003F26C7292FBF0FE00FB1E22002A14BF68
:10C2500062464FF4B772B61A013B9D4203F00302E7
:10C26000E8DBDAB9642295FBF2F302FB1353C3B99E
:10C2700005F26C734FF4C87293FBF2F102FB1133B9
:10C28000002B40F26D1308BF4FF4B773F61A4FE757
:10C2900040F26D12DFE74FF4B772DCE740F26D1346
:10C2A000F4E74FF4B773F1E700F078F800287FF473
:10C2B00057AFB9F1010FA8BF4FF00109B9F1010F54
:10C2C00059D1DAF850301C1948EBE3784FF00109E6
:10C2D00000F014F90436072396FBF3F3C3EBC30312
:10C2E000F61A4ED4C7F82090BE612046414603B0EE
:10C2F000BDE8F08F091A4FEAE0736BEB030E8C4236
:10C3000078EB0E0ED5DBDAF8001000293FF440AFD1
:10C31000B9F1000F2DDDA0EB0C004FF0000945E74F
:10C320004FF0FF3257E74FF4B67372E740F26D13E8
:10C330006FE7A90717D1642095FBF0F100FB1151BD
:10C34000A1B94FF4C87105F26C7595FBF1F001FBD2
:10C350001055002D40F26D1108BF4FF4B7718B429C
:10C36000A8BF5B1A55E740F26D11F8E74FF4B771BB
:10C37000F5E74FF00009DAF828301C1948EBE378AC
:10C38000A6E70736AEE74FF0FF34A046ADE700BFA3
:10C390002033080880510100E8E505242DE9F04725
:10C3A000044602F087FB40F2B1739C4240F399804F
:10C3B0006FF4F667E519A4F2B27340F26D12AD1096
:10C3C00002FB03556FF4C86C6FF06302A4F26D7347
:10C3D000454F93FBF2F31D444FF4C87204EB0C037A
:10C3E0004460B3FBF2F301461D4400F1500C0B7A9C
:10C3F0004A694A2B33D1A60705EB020306D14FF059
:10C40000640E94FBFEF60EFB164636B94FF4C87E5A
:10C4100094FBFEF60EFB1646FEB93B2AD4BF002263
:10C4200001221344013B8A69D617C3FB07268B6A96
:10C43000D21846EBE373C1E9082328318C45D6D1E5
:10C44000D0E90843D0E912128C429341B4BF0123D2
:10C45000002303600120BDE8F0870022E1E7442BC0
:10C4600001D1AB18DFE7A30705D1642694FBF6F3EF
:10C4700006FB13437BBB4FF4C87394FBF3F603FB3B
:10C480001646B6FA86F67609DFF860E0D1F80C9029
:10C490004FF0300A2B464FF000080AFB06E608F181
:10C4A0000108C14556F828E017DC03F10408072607
:10C4B00098FBF6F6C6EBC606A8EB0606921B0E69BD
:10C4C00006F1FF3648BF0732C6EBC6063244724556
:10C4D00005DA1344A7E70126D6E77344DFE7073AF6
:10C4E000F5E70020B7E700BF805101007C33080862
:10C4F000014800F0A6BA00BFF0E50524014800F0AD
:10C50000A2BA00BFF0E50524014B186800F002B89C
:10C51000681900202DE9F04F8DB0074602F0CAFAE5
:10C52000BC49BD4D0446384601F0B4F9064610BB7F
:10C53000BA4BBB4A1860BB4BA0621860BA4B20656F
:10C54000C3E900224A2100220023C4E90300C4E910
:10C550000500C4E90D00C4E90F00C4E90823C4E9DB
:10C5600012232868217284F8301001F0A3F92E609C
:10C570000DB0BDE8F08F2968002940F08E80286852
:10C5800001F098F9304600F0D1FA411C384601F02C
:10C59000BBF92860002840F08680A24ADFF8888234
:10C5A000DFF878A200231360A04ACAF80030002008
:10C5B0000021C8E90022C4E90333C4E90533C4E912
:10C5C0000801C4E90D33C4E90F33C4E912014A225A
:10C5D0002272A36284F83020236533783A2B08BF97
:10C5E000013633783C2B62D1751C914A91490AABD4
:10C5F000284602F05FF90028BADD0A9BDA1E072AF6
:10C60000B6D8EB5C3E2BB3D102360A9BF518F35C2F
:10C610002D2B5AD101354FF0FF390023ADF81E30D4
:10C62000ADF8203008AF0AABCDE9013703930DF127
:10C630001E03009380490AAB07AA284602F03AF984
:10C64000002895DDBDF81E30BDF820603C2202FBBD
:10C650000366BDF81C304FF4616202FB03660A9B5F
:10C6600009FB06F605EB0309EB5C3C2B40F0EE8082
:10C6700009F10105714A6F490AAB284602F01AF91F
:10C68000002828DC99F801303E2B24D1684BA662A3
:10C69000C8E90033CAF800606AE700F0D6F900285C
:10C6A0007FF46DAF64E7314600F0D9F975E7604A71
:10C6B00063490AAB304602F0FDF800287FF758AF17
:10C6C0000A9B033B072BA0D952E72B2B08BF013550
:10C6D0004FF00109A1E70A9BDA1E072A3FF648AF8F
:10C6E000EB5C3E2B7FF444AF09F102090A9B09EB96
:10C6F000030519F803302D2B40F0B78001354FF0BA
:10C70000FF390023ADF81C30ADF81E30ADF82030F5
:10C710000A930AABCDE9027301930DF11E03009356
:10C7200045490AAB07AA284602F0C4F8002800F3DE
:10C73000A280A6F5616304930A9B27461D444FF02F
:10C74000000B2B782C2B08BF013595F80090B9F120
:10C750004D0F40F0A3800AAB0DF12602CDE9013266
:10C7600009AA0092374903930DF12202284602F0EC
:10C77000A1F803287FF4FCAEBDF822104B1E0B2B52
:10C780003FF6F6AEBDF82420531E042B3FF6F0AE64
:10C79000BDF82630062B3FF6EBAEC7E9031287F84B
:10C7A00008907B610A9B05EB030900254FF002030B
:10C7B000ADF81C30ADF81E50ADF820500A9599F830
:10C7C00000302F2B40F096800AAB08AACDE9013249
:10C7D0000DF11E0200921C49039307AA484602F07D
:10C7E00069F8A84200F386804A2100220023C4E9A8
:10C7F0000355C4E90555C4E90823C4E90D55C4E946
:10C800000F55C4E912232172A56284F83010256502
:10C81000AEE600BFE0330808C8E50524E4E50524DA
:10C82000E3330808E8E5052460190020EB32080826
:10C83000D8E50524E73308081C340808CCE50524AE
:10C84000FA330808083408081B3408083E4A3F49F0
:10C850000AAB484602F02EF800287FF717AF0A9B74
:10C86000033B072B7FF642AF82E62B2B08BF013537
:10C870004FF0010945E7BDF81E20BDF820303C21EE
:10C8800001FB0233BDF81C204FF4616101FB023350
:10C8900009FB03F34FE74FF0010B52E7B9F14A0FE1
:10C8A00006BF01354B4644230A220BA928460593AF
:10C8B00001F0B0FCDDF82C90059BADF82600A945F1
:10C8C00014D14D23BBF1000F07D1237203210223A2
:10C8D000C4E90313C4F814B067E784F830300B22BE
:10C8E0000123C4E90D230023E3635EE780B23B72BA
:10C8F00078615AE7BDF81E20BDF820303C2101FBCD
:10C900000233BDF81C204FF4616101FB0233BB61AF
:10C910000A9D28374D44BBF1000FBCD0049B236512
:10C920000B4BC8F800306068074BA662C8F80430AB
:10C93000FFF734FDA26A236DCAF800209B1A054A4E
:10C9400018BF0123136013E6CCE50524FA33080869
:10C95000D8E50524E8E5052400487047001B0020C1
:10C9600038B5064D0023044608462B60C9F703FD81
:10C97000431C02D12B6803B1236038BDECE50524CC
:10C9800038B5074D04460846114600222A601A466B
:10C99000C9F718FD431C02D12B6803B1236038BDD1
:10C9A000ECE5052438B5074D04460846114600223B
:10C9B0002A601A46C9F7CFFC431C02D12B6803B189
:10C9C000236038BDECE5052438B5074D044608461C
:10C9D000114600222A601A46C9F7C5FC431C02D141
:10C9E0002B6803B1236038BDECE50524014B1868C2
:10C9F000704700BF6819002070B50D4D0D4C641BC9
:10CA0000A4100026A64209D10B4D0C4C03F0C4F82B
:10CA1000641BA4100026A64205D170BD55F8043B46
:10CA200098470136EEE755F8043B98470136F2E7A0
:10CA30005837080858370808583708085C37080876
:10CA40007047704770477047704710F8012B11F816
:10CA5000013B012A28BF9A42F7D0D01A70470346FB
:10CA600011F8012B03F8012B002AF9D170470000BF
:10CA700001F0FF01102A2BDB10F0070F08D010F88F
:10CA8000013B013A8B422DD010F0070F42B3F6D193
:10CA9000F0B441EA012141EA014122F007047FF0AC
:10CAA00000070023F0E80256083C85EA010586EA03
:10CAB000010685FA47F5A3FA87F586FA47F6A5FA3F
:10CAC00087F68EB9EED1F0BC01F0FF0102F007024B
:10CAD00032B110F8013B013A83EA010313B1F8D1F6
:10CAE0000020704701387047002D06BF35460338D7
:10CAF000073815F0010F07D1013015F4807F02BF10
:10CB0000013015F4C03F0130F0BC0138704700BF60
:10CB10000A44914200F1FF3300D1704710B511F87B
:10CB2000014B03F8014F9142F9D110BD034613F8B0
:10CB3000012B002AFBD1181A0138704708B50620CE
:10CB400001F0B0FF0120C9F7FBFB10B591FBF2F437
:10CB500002FB14110460416010BD2DE9F74F036919
:10CB60000C69A34207467EDB013C01F11408A300D7
:10CB700000F11405009305EB8403019358F8243069
:10CB800055F8242001339A4208EB8409B2FBF3F6EE
:10CB90002ED34FF0000AC446AE46D3465CF8043BA1
:10CBA00098B206FB00A0020C1B0C06FB0323DEF868
:10CBB000002080B292B2121A5A44DEF800004FEA06
:10CBC000134A9BB2C3EB224303EB104392B242EAF7
:10CBD0000342E1454EF8042B4FEA234BDED2009B83
:10CBE000EB582BB9019B043B9D421A462FD33C6165
:10CBF000384601F093F9002825DB2946002058F833
:10CC0000042BD1F800C01FFA82FE1FFA8CF3A3EBAD
:10CC10000E030344120CC2EB234202EB1C429BB2F4
:10CC200043EA0243C14541F8043B4FEA2240E6D2C1
:10CC300055F8242005EB840322B9043B9D421A4693
:10CC40000BD33C610136304603B0BDE8F08F12686B
:10CC5000043B002ACBD1013CC6E71268043B002A02
:10CC6000EFD1013CEAE70020EEE700000000000001
:10CC70002DE9F04F2DED028BC76991B0CDE9071278
:10CC80008DED020B55EC104B1C9E0C9382467FB928
:10CC9000102000F007FE0246CAF81C0020B9A24B83
:10CCA000EF21A248FEF724FBC0E901770760C760C7
:10CCB000DAF81C30196859B15A684A600123934068
:10CCC0008B60504600F0ECFEDAF81C3000221A604F
:10CCD0002B1EBBBF23F00043039300230122ACBFF4
:10CCE00033603260924B039EB34310D10C9A42F2F0
:10CCF0000F731360C6F31303234300F035851D9BA8
:10CD00008C4E002B00F03785F31C00F032BD9DEDFA
:10CD1000028BB5EE408BF1EE10FA0AD10C9A01238A
:10CD200013601D9B13B11D9A834B1360834E00F05B
:10CD300022BD0EAA0FA95046B0EE480B01F09EF995
:10CD4000C6F30A530E9A0190002B46D0B0EE487BF2
:10CD500018EE901AC1F3130141F07F5141F44011D4
:10CD6000A3F2FF33002007EE901AB7EE086B9FED99
:10CD7000685B37EE467B9FED686BA7EE056B9FED1A
:10CD8000685B07EE903AB8EEE74BB0EE467BA4EE58
:10CD9000057BFDEEC76BB5EEC07BF1EE10FA16EE2B
:10CDA000909A049008D5B8EEE66BB4EE476BF1EEBE
:10CDB00010FA18BF09F1FF39B9F1160F2BD86049E5
:10CDC00001EBC90191ED007BB4EEC78BF1EE10FAD7
:10CDD00001D509F1FF3900211EE00F9B134403F236
:10CDE00032412029C1BFC1F140018E4003F21241FE
:10CDF00024FA01F1D6BFC1F12001314304FA01F157
:10CE000007EE901AB8EE677B013B17EE901A0120EF
:10CE1000A1F1F871A7E70121D21A531E069345BF6D
:10CE2000C2F101030593002300234CBF0693059331
:10CE3000B9F1000F0B9118DB069BCDF828904B44FD
:10CE400006930023079A092A49D8052AC4BF043A41
:10CE50000792079AA2F10202CCBF00240124032A00
:10CE600048D8DFE802F00B2E2C3A059B0022A3EBFA
:10CE7000090305930A92C9F10003E3E7002209922E
:10CE8000089A002A39DC4FF00108C3464246CDF823
:10CE90002080DAF81C500021042000F1140696428C
:10CEA00030D9696050460D9300F0BAFD0D9B0646DF
:10CEB000002849D1234B024640F2AF11F1E601228E
:10CEC000DDE700220992089A09EB020808F1010B3C
:10CED0005A46012AB8BF0122DBE70122F2E701240A
:10CEE0000022079209944FF0FF380021C346122216
:10CEF0000891CEE701220992F5E7DDF82080C346CC
:10CF00004246C6E701314000C7E700BFAFF30080EB
:10CF100061436F63A787D23FB3C8608B288AC63F3F
:10CF2000FB799F501344D33F3B3408085234080820
:10CF30000000F07F373408084B3708084A370808E4
:10CF400050350808AB340808DAF81C20BBF10E0F86
:10CF500010603ED8002C3CD0B9F1000F40F30B819B
:10CF6000BE4A09F00F0102EBC10219F4807F92ED75
:10CF7000007B4FEA291100F0F280B94A92ED086B6C
:10CF800088EE066B8DED026B01F00F010322B448B1
:10CF9000002940F0E6809DED026B86EE077B8DED6B
:10CFA000027B0B999DED027B002900F05D81B7EEBD
:10CFB000006BB4EEC67BF1EE10FA40F15581BBF187
:10CFC000000F00F05181B8F1000F00F3FA808DEDF1
:10CFD000028B0F9A002A03DBB9F10E0F40F3F581A3
:10CFE0000999002940F016820022059D04921C46F2
:10CFF00065B1069A002A09DDAA420599A8BF2A460A
:10D00000891A05910699AD1A8A1A06920BB3099AE4
:10D01000002A00F04F82002C00F04A8204990D9300
:10D020002246504600F0B4FE019A04900146504654
:10D0300000F004FE01990746504600F031FD0D9BBB
:10D040001B1B00F03A821A463946504600F0A0FEFB
:10D0500001900121504600F0DBFD0A9B0446002BA5
:10D0600000F02D821A460146504600F091FE079BC3
:10D07000012B044603DC029B002B00F025820027D5
:10D08000236904EB8303186900F072FD0A97C0F16D
:10D090002000069B184410F01F0000F03A82C0F1F7
:10D0A0002003042B40F32A82059BC0F11C0003449B
:10D0B0000593069B034405440693059B002B05DD61
:10D0C00001991A46504600F0BDFE0190069B002BC8
:10D0D00005DD21461A46504600F0B4FE04460B9B7F
:10D0E000002B00F021820198214600F017FF002854
:10D0F00080F21A82002301990A22504600F0F2FCC5
:10D10000099B019009F1FF37002B00F0048204997C
:10D1100000230A22504600F0E5FCB8F1000F04900D
:10D1200003DC079B022B00F30782002D05DD049929
:10D130002A46504600F086FE04900A9B002B00F021
:10D140007682049B5046596800F06AFC0546002828
:10D1500040F02582434B024640F2EF21A1E5022236
:10D1600015E7CF0704D590ED006B013227EE067B63
:10D17000491008300CE722D0C9F10001374A01F00C
:10D180000F0002EBC00292ED007B28EE077B8DEDD5
:10D19000027B334809110024022229B9002C3FF4F4
:10D1A00000AF8DED027BFCE6CD0705D590ED006B61
:10D1B0000132012427EE067B49100830EDE70222F8
:10D1C000EFE6B2EE046B27EE067B8DED027B09F1F4
:10D1D000FF37013244469DED026BB1EE0C5B07EE6A
:10D1E000902AB8EEE77BA7EE065B15EE902A51EC8D
:10D1F000150BA2F15071002C39D1B1EE047B36EE43
:10D20000476B41EC170BB4EEC76BF1EE10FA00F36D
:10D21000F780B1EE477BB4EEC76BF1EE10FA7FF505
:10D22000D6AE00240494089B3546DF434FF0000837
:10D230002146504600F034FC049B002B76D0B8F118
:10D24000000F05D0984503D04146504600F028FC19
:10D250000499504600F024FC68E000BF50350808EF
:10D2600028350808AB3408084F465C46B3E7AD4A9A
:10D2700002EBC40212ED024B099A41EC170B344445
:10D2800052B3B6EE003BB7EE002B354683EE045B9F
:10D29000B2EE043B35EE477BFDEEC64B14EE902A12
:10D2A000B8EEE45B303236EE456BB4EEC67BF1EEA1
:10D2B00010FA05F8012B39DC32EE465BB4EEC57B83
:10D2C000F1EE10FA00F3BE80A54200F09B8027EE3D
:10D2D000037B26EE036BDFE72146354624EE075B32
:10D2E000B2EE043BFDEEC64B14EE902A303205F848
:10D2F000012BA542B8EEE47B36EE477B18D1B6EEA3
:10D30000006B35EE064BB4EEC47BF1EE10FA00F381
:10D31000998036EE456BB4EEC67BF1EE10FA0AD575
:10D320000D46013915F8013C302BF9D0B9463CE0E7
:10D3300027EE036BD6E70F9A002A8DED028BFFF6DE
:10D3400053AEB9F10E0F3FF74FAE764B03EBC90367
:10D3500093ED006B089B002B02DABBF1000F41D06C
:10D360009DED027BB2EE044B354687EE065BBDEECB
:10D37000C55B15EE103A303305F8013BAB1B9B45FE
:10D38000B8EEC53BA3EE467B6BD137EE077BB4EE20
:10D39000C67BF1EE10FA54DCB4EE467BF1EE10FAE7
:10D3A00003D115EE103ADB074BD40199504600F03B
:10D3B00077FB00230C9A2B7009F1010313601D9B6E
:10D3C000002B00F0D8811D60D5E1564B03EBC9035B
:10D3D00093ED006B089B002BC2DABBF1000FBFDCA2
:10D3E0007FF41FAFB1EE047B26EE076B9DED027B51
:10D3F000B4EEC76BF1EE10FABFF613AF4F46002440
:10D400000494ABE00F9A002A8DED028B02DBB9F198
:10D410000E0FDADD0799012930DC049951B302F2CD
:10D420003342059D1C460D93059B13440593069BB3
:10D43000012113445046069300F0EAFB0D9B049033
:10D44000D6E54F462B461D4613F8012D392A04D147
:10D450009E42F8D13022013732701A7801321A70A8
:10D4600064E727EE047BB5EE407BF1EE10FA7FF423
:10D470007CAF9AE70E9AC2F13602D2E70BF1FF3485
:10D48000A34207DBBBF1000FA3EB04040BDB059DFC
:10D490005A46C8E70A9A059DE31A1A440A92234697
:10D4A0005A460024BFE7059AA2EB0B050022BAE713
:10D4B000019FC8E501991A46C7E50197C9E5079B91
:10D4C000012B17DC029BABB9039BC3F313039BB97E
:10D4D000039B23F000473F0D3F0537B1059B013308
:10D4E0000593069B0133069301270A9B002B7FF4CB
:10D4F000C7AD0A970120CCE50027F6E73FF4DDAD84
:10D50000059A1C331A440592069A1A441D44069241
:10D51000D3E50346F4E7B8F1000F2BDC079B022BA1
:10D520000ADC27E050350808BBF1000F1CDC079B24
:10D53000022B19DDD8464F46B8F1000F7FF473AEC9
:10D54000214643460522504600F0CCFA01460446E7
:10D55000019800F0E3FC00287FF765AE35463123E3
:10D5600005F8013B013761E6099B4F46D846002B81
:10D570007FF4DBAD354601982146FFF7EEFA00F166
:10D58000300905F8019BAB1B984540F3C980019910
:10D5900000230A22504600F0A5FA0190EBE7049B15
:10D5A0001A690232920003F10C010C30FFF7B0FA55
:10D5B00001222946504600F045FC06EB080308937B
:10D5C000029BDDF81080049003F00103751C0993A1
:10D5D0006B1E214601980593FFF7BFFA414606905E
:10D5E00000F13009019800F099FC049A2146834625
:10D5F000504600F0AFFCC2680146D2B1504600F080
:10D600004FFABBF1000F34DA01990122504600F0C5
:10D6100019FC2146019000F081FC002803DC24D194
:10D6200019F0010F21D0B9F1390F17D12DE004986D
:10D63000C3E70B90019800F071FC0B990A905046DB
:10D6400000F02EFA0A9A82BB079B5BB9099B4BB983
:10D65000B9F1390F19D0BBF1000F06DD069B03F1BC
:10D66000310902E0BBF1000F2FDA059D05F8019B9F
:10D67000DEE5079B53EA0B0304D1029B03F0010391
:10D68000002BC1D0B9F1390F3BD1DDF814B03923EB
:10D690000BF8013B5D460BF1FF3B15F8013C392BC4
:10D6A0005CD001338BF80030C2E5BBF1000F07DB23
:10D6B000079B53EA0B0306D1029B03F0010313B946
:10D6C000002AA1DCD1E7002ADCDC089B05F8019CDC
:10D6D000AB42AB462DD0019900230A22504600F000
:10D6E00001FA049B019098454FF00A024FF00003A5
:10D6F0004146504609D100F0F5F9804604900135C5
:10D7000066E7059D09F10109B0E700F0EBF904991E
:10D71000804600230A22504600F0E4F90490EEE728
:10D72000B8F1000FD8BF4FF0010806EB080B4FF01F
:10D73000000801990122504600F084FB2146019027
:10D7400000F0ECFB0028A5DC02D119F0010FA1D1FB
:10D750005D461BF8013D302BFAD069E55E4599D155
:10D7600031230137337063E51D9B064E1BB106F173
:10D7700008031D9A1360304611B0BDEC028BBDE862
:10D78000F08F00BF2E34080838B50546002941D077
:10D7900051F8043C0C1F002BB8BFE41800F034F91A
:10D7A0001D4A136833B9636014602846BDE83840E9
:10D7B00000F030B9A34208D9206821188B4201BF7C
:10D7C00019685B6809182160EDE71A465B680BB1C0
:10D7D000A342FAD911685018A0420BD12068014425
:10D7E000501883421160E0D118685B6853600844A8
:10D7F0001060DAE702D90C232B60D6E720682118E5
:10D800008B4204BF19685B68636004BF091821601C
:10D810005460CAE738BD00BFF8E505242DE9F84F8C
:10D82000DFF86CA006468946174601F07FF9DAF862
:10D83000004034B14B46984613F8012B3AB13D2ACB
:10D84000F9D1304601F078F90020BDE8F88FA8EB57
:10D850000908A34654F8040B0028F2D04246494672
:10D8600001F0E6F80028F4D154F8043C03EB080575
:10D8700013F808303D2BECD1DAF80030ABEB0303A2
:10D880009B1030463B6001F057F9681CDDE700BF94
:10D890000404002007B501AAFFF7C0FF03B05DF83C
:10D8A00004FB0000024B0146186800F02DB800BFD1
:10D8B00068190020024B01461868FFF765BF00BFDA
:10D8C0006819002070B50F4E0C463168054611B935
:10D8D00001F008F930602146284601F003F9431CA5
:10D8E00003D14FF0FF34204670BDC41C24F0030464
:10D8F000A042F8D0211A284601F0F4F80130F2D104
:10D90000EFE700BFF4E505242DE9F843CD1C25F031
:10D91000030508350C2D38BF0C25002D064601DB0C
:10D92000A94204D90C2333600020BDE8F883DFF856
:10D93000D48000F069F8D8F800301C4644BB294672
:10D940003046FFF7BFFF431C044658D1D8F80040CB
:10D950002746002F43D1002C4BD023683946304650
:10D9600004EB030901F0BEF8814542D121686D1A2C
:10D9700029463046FFF7A6FF01303AD023682B44F2
:10D980002360D8F800305A6862BBC8F800700FE016
:10D990002268521B20D40B2A17D96119A342256093
:10D9A00018BF5960636808BFC8F8001062514B6027
:10D9B000304600F02FF804F10B00231D20F0070083
:10D9C000C21A1CBF1B1AA350AFE76268A3420CBF68
:10D9D000C8F800205A60EBE723466468AEE73C468F
:10D9E0007F68B6E71A465B68A342FBD10023536009
:10D9F000DEE70C233360304600F00CF894E7056056
:10DA0000D6E700BFF8E505240148FFF71BB800BFC3
:10DA1000F2E505240148FFF717B800BFF2E5052439
:10DA200070B5C66904460D4676B91020FFF73AFF77
:10DA30000246E06120B9184B18486B21FDF758FCED
:10DA4000C0E901660660C660E669F36883B1E36910
:10DA5000DB6853F82500B8B9012101FA05F6721DFB
:10DA60009200204601F04EF860B1C0E901560EE088
:10DA700021220421204601F045F8E369F060DB68CB
:10DA8000002BE4D1002070BD026843F8252000235C
:10DA9000C0E90333F7E700BF3B340808BC3408088B
:10DAA00070B5C66905460C4676B91020FFF7FAFE38
:10DAB0000246E86120B9094B09488F21FDF718FC9F
:10DAC000C0E901660660C6603CB1EB696268DB686C
:10DAD00053F82210216043F8224070BD3B340808FF
:10DAE000BC3408082DE9F0410D6907460C461E4676
:10DAF00001F1140C0020DCF8003099B202FB016146
:10DB00001E0C0B0C02FB063389B2013001EB034102
:10DB100085424CF8041B4FEA1346ECDC0EB3A368B5
:10DB2000AB4219DC616838460131FFF779FF804666
:10DB300028B902460C4B0D48BA21FDF7D9FB2269E2
:10DB4000023204F10C0192000C30FEF7E1FF214695
:10DB50003846FFF7A5FF444604EB850301355E61B7
:10DB600025612046BDE8F081AB340808BC340808C4
:10DB7000B0F5803F034636BF030400201020B3F108
:10DB8000807F3CBF1B020830B3F1805F3CBF1B01AC
:10DB90000430B3F1804F03D3002B0ADB0130704710
:10DBA0009B0001D5023070475B0001D50330704700
:10DBB000202070470368024613F007000BD0D907F6
:10DBC00021D4980749BF5B089B08012013605CBF04
:10DBD00013600220704799B209B91B0C1020D9B20A
:10DBE00009B908301B0A190704BF1B09043099073B
:10DBF00004BF9B080230D90703D45B0800F1010081
:10DC000003D0136070470020704720207047000049
:10DC100010B50C460121FFF703FF024628B9054B5A
:10DC2000054840F24511FDF763FB012344610361A0
:10DC300010BD00BFAB340808BC3408082DE9F04F14
:10DC400014460A6923699A42A8BF23460F46A4BF17
:10DC50000C461F46D4F810A0D7F81090A36861684E
:10DC60000AEB0906B34285B0B8BF0131FFF7D8FE11
:10DC700030B90246444B45484FF4B171FDF738FBCB
:10DC800000F1140505EB86082B460022434521D3FD
:10DC900007F1140104F1140202EB8A0201EB89037B
:10DCA0000293131B153B23F00303043304F1150700
:10DCB000BA4238BF04230193029B03918B420CD8D4
:10DCC000002E03DD58F8043D002B5BD0066105B043
:10DCD000BDE8F08F43F8042BD8E7B1F800A0BAF103
:10DCE000000F24D004F1140EA9464FF0000C5EF88A
:10DCF000047BD9F800301FFA87FB9BB20AFB0B3379
:10DD00004FEA174BD9F8007063444FEA174C0AFBEF
:10DD10000BC707EB13479BB243EA0743724549F829
:10DD2000043B4FEA174CE2D8019B45F803C0039B24
:10DD3000B3F802900431B9F1000F21D02B6804F13F
:10DD4000140CAE464FF0000ABCF800B0BEF80270EA
:10DD500009FB0B7757449BB243EA07434EF8043B59
:10DD60005CF8043B4FEA134ABEF8003009FB0A3363
:10DD700003EB174362454FEA134AE5D8019FEB5185
:10DD8000043599E7013E9BE7AB340808BC3408082A
:10DD90002DE9F843154612F0030207460E4607D058
:10DDA000254C013A002354F82220FFF79BFE06463B
:10DDB000AD103DD0FC697CB91020FFF773FD024621
:10DDC000F86128B91D4B1E4840F2B311FDF790FAD7
:10DDD000C0E901440460C460D7F81C80D8F808404A
:10DDE0004CB940F271213846FFF712FF0023C8F802
:10DDF0000800044603604FF00009EB070AD53146DE
:10DE000022463846FFF71AFF314680463846FFF76C
:10DE100047FE46466D100BD0206838B92246214691
:10DE20003846FFF70BFF2060C0F800900446E4E797
:10DE30003046BDE8F88300BF183508083B340808B1
:10DE4000BC3408082DE9F0470C464968236903EB08
:10DE50006218A368074691464FEA621A08F1010664
:10DE6000B3420BDB3846FFF7DBFD054648B90246F7
:10DE7000284B29484FF4EF71FDF73AFA01315B0066
:10DE8000EEE7002300F1140100F11002184653459B
:10DE900033DB20692AEAEA7A04F1140319F01F0936
:10DEA00001EB8A0103EB800C2BD0C9F1200E8A46CE
:10DEB0000022186800FA09F010434AF8040B53F8DE
:10DEC000042B9C4522FA0EF2F3D8ACEB0403153B6D
:10DED00023F00303043304F11500844538BF042301
:10DEE000CA500AB108F10206013E38462E612146A9
:10DEF000FFF7D6FD2846BDE8F08742F8040F01334E
:10DF0000C5E7043953F8042B41F8042F9C45F9D890
:10DF1000EAE700BFAB340808BC3408080A690346C6
:10DF20000069801A30B50ED11433143103EB82042A
:10DF300001EB820154F8045D51F8042D954203D0A1
:10DF400005D24FF0FF3030BDA342F3D3FBE70120F1
:10DF5000F9E700002DE9F74F894606461146484685
:10DF60001446FFF7DBFF051E12D129463046FFF7A6
:10DF700057FD024628B93F4B40F237213E48FDF796
:10DF8000B7F90123C0E90435104603B0BDE8F08FAE
:10DF9000BCBF4B46A1463046D9F80410BABF1C4658
:10DFA00001250025FFF73CFD024618B9314B40F230
:10DFB0004521E3E7D9F810702669C56009F110031F
:10DFC00009F1140504F1140E00F1140B05EB870898
:10DFD0000EEB86060193D9464FF0000C019B5EF8CC
:10DFE000040B53F804AF01931FFA8AF3194683B266
:10DFF000CB1A000C6344C0EB1A4000EB23409BB2E9
:10E0000043EA0043764549F8043B4FEA204CE5D803
:10E01000331B153B23F0030315340433A64238BFEA
:10E0200004231D445B441E462C4644450ED308F190
:10E030000301491B21F00301033DA84538BF00211E
:10E040000B4453F8041D91B117619DE754F8041B6C
:10E05000E646080C1CFA81FC714400EB2C4089B2A6
:10E0600041EA004146F8041B4FEA204CDDE7013F3E
:10E07000E7E700BFAB340808BC3408082DE9F743D4
:10E080000F46012159EC108B1646FFF7C9FC0446D8
:10E0900030B90246234B244840F20F31FDF728F9EE
:10E0A000C9F30A55C9F313030DB143F48013019367
:10E0B000B8F1000323D068460093FFF77BFDDDE94C
:10E0C0000012D0B1C0F1200302FA03F30B43C240A7
:10E0D00063610192019BA361002B0CBF012202220C
:10E0E0002261A5B1A5F2334505443D60C0F135007C
:10E0F0003060204603B0BDE8F0836161EAE701A823
:10E10000FFF758FD019B636120300122E8E704EB33
:10E110008203A0F2324038601869FFF729FDC0EB96
:10E120004210E5E7AB340808BC3408082DE9F04399
:10E13000364E86460D46284615F8014B375D17F0DA
:10E140000807F8D12D2C26D12C780127851C3BBB44
:10E15000302C32D00A234FF0FF380026B8FBF3F8FA
:10E1600003FB08F96FEA09093046A4F1300CBCF151
:10E17000090F29D86446A34237DDB6F1FF3F07D027
:10E1800080452FD301D1A1452CDB00FB03400126A4
:10E1900015F8014BE9E72B2C04BF2C78851CD6E73A
:10E1A000102BD8D1302CD6D1287800F0DF00582899
:10E1B000D1D16C7810230235CDE72B7803F0DF0343
:10E1C000582BF6D00823C6E7A4F1410CBCF1190F77
:10E1D00001D8373CCFE7A4F1610CBCF1190F04D88A
:10E1E000573CC8E74FF0FF36D2E7731C06D1222315
:10E1F000CEF80030304632B9BDE8F08307B1404276
:10E20000002AF9D006B1691E1160F5E71936080831
:10E21000FFF78CBF13460A46014602480068FFF725
:10E2200085BF00BF681900202DE9F0478E681F46A2
:10E23000BE420B6882460C4690462DD8B1F90C20A0
:10E2400012F4906F26D06569096905EB4505A3EBCB
:10E25000010905EBD5757B1C4B446D109D4238BF01
:10E260001D46530527D52946FFF74EFB064660B3EA
:10E2700021694A46FEF74CFCA38923F4906343F0DE
:10E280008003A381266165614E44A5EB09052660E4
:10E29000A5603E46BE4200D93E4620683246414611
:10E2A000FDF7E3FDA3689B1BA36023683344236051
:10E2B0000020BDE8F0872A4600F056FC06460028FC
:10E2C000E0D121695046FFF75FFA0C23CAF800300D
:10E2D000A38943F04003A3814FF0FF30E9E700003A
:10E2E0002DE9F04F98468B891B069DB007460D46D9
:10E2F000144610D50B6973B94021FFF705FB286060
:10E30000286130B90C233B604FF0FF301DB0BDE8F1
:10E31000F08F40236B610023099320238DF829306F
:10E32000CDF80C803023DFF89C818DF82A304FF037
:10E33000010923469A4613F8012B0AB1252AF9D17F
:10E34000BAEB040B0BD05B46224629463846FFF752
:10E350006BFF013000F0A780099A5A4409929AF89D
:10E360000030002B00F09F8000234FF0FF32CDE9FA
:10E3700005230AF1010A049307938DF853301A9389
:10E380005446052214F8011B4E48FEF771FB049A0F
:10E39000D8B9D00644BF20238DF85330110744BFAD
:10E3A0002B238DF853309AF800302A2B15D0079A7A
:10E3B000544600204FF00A0C214611F8013B303B37
:10E3C000092B4BD9B0B1079214E0A0EB080309FA6E
:10E3D00003F313430493A246D2E7039B191D1B6862
:10E3E0000391002BBBBF5B4242F0020207930793ED
:10E3F000B8BF049223782E2B0AD163782A2B32D10E
:10E40000039B1A1D1B68039243EAE37302340593CE
:10E41000DFF8C0A0217803225046FEF729FB38B16F
:10E42000049BA0EB0A004022824013430134049372
:10E4300014F8011B24488DF828100622FEF718FB5B
:10E44000002836D0214B1BBB039B073323F0070367
:10E4500008330393099B334409936AE70CFB0232A8
:10E460000C460120A8E700230134059319464FF01C
:10E470000A0C204610F8012B303A092A03D9002B48
:10E48000C6D00591C4E70CFB012104460123F0E747
:10E4900003AB00932A460E4B04A93846FCF7DCFF79
:10E4A000421C0646D6D1AB895B063FF52DAF0998D5
:10E4B0002CE703AB00932A46054B04A93846FDF729
:10E4C0005FFAEDE7193708082337080859B4070839
:10E4D00029E207081F3708089368013B002B10B496
:10E4E000936008DA9469A34201DB0A2903D15DF83D
:10E4F000044B00F009BA1368581C106019700846E4
:10E500005DF8044B7047F8B506460F461446D5181B
:10E51000AC4201D1002007E014F8011B3A46304616
:10E52000FFF7DAFF431CF3D1F8BD00002DE9F04FEF
:10E530000D469DB014469846064618B1036A0BB9BD
:10E54000FDF7D6FB6B6ED90705D4AB899A0502D4CB
:10E55000A86DFEF777FAAB891B0701D52B699BB92C
:10E560002946304600F00EFA70B16B6EDC0704D518
:10E570004FF0FF301DB0BDE8F08FAB899805F7D4A0
:10E58000A86DFEF761FAF3E70023099320238DF8C5
:10E590002930CDF80C803023DFF8AC818DF82A309B
:10E5A0004FF0010923469A4613F8012B0AB1252A98
:10E5B000F9D1BAEB040B0BD05B4622462946304614
:10E5C000FFF7A1FF013000F0A780099A5A44099291
:10E5D0009AF80030002B00F09F8000234FF0FF32AC
:10E5E000CDE905230AF1010A049307938DF853300E
:10E5F0001A935446052214F8011B5348FEF738FAC3
:10E60000049AD8B9D10644BF20238DF8533013079C
:10E6100044BF2B238DF853309AF800302A2B15D0A5
:10E62000079A544600204FF00A0C214611F8013B8E
:10E63000303B092B4BD9B0B1079214E0A0EB080393
:10E6400009FA03F313430493A246D2E7039B191D6F
:10E650001B680391002BBBBF5B4242F00202079391
:10E660000793B8BF049223782E2B0AD163782A2B04
:10E6700032D1039B1A1D1B68039243EAE3730234F1
:10E680000593DFF8D4A0217803225046FEF7F0F975
:10E6900038B1049BA0EB0A004022824013430134AE
:10E6A000049314F8011B29488DF828100622FEF760
:10E6B000DFF900283FD0264B1BBB039B073323F019
:10E6C000070308330393099B3B4409936AE70CFB58
:10E6D00002320C460120A8E70023013405931946B5
:10E6E0004FF00A0C204610F8012B303A092A03D9C2
:10E6F000002BC6D00591C4E70CFB01210446012381
:10E70000F0E703AB00932A46124B04A93046FCF70E
:10E71000A3FE0746781CD6D16B6ED90705D4AB890A
:10E720009A0502D4A86DFEF78FF9AB895B063FF519
:10E730001FAF09981EE703AB00932A46054B04A9B7
:10E740003046FDF71DF9E4E71937080823370808B4
:10E7500059B4070807E507081F370808B1F90C2066
:10E760002DE9F041170705460C4656D44B68002B9F
:10E7700002DC0B6C002B3DDDE66A002E3AD0002354
:10E7800012F480522F68216A2B6025D0626DA38914
:10E79000580705D56368D21A636B0BB1236CD21A84
:10E7A000216AE66A00232846B047411C24D0002392
:10E7B000636023692360A389DA0400D56065616B17
:10E7C0002F60B9B104F14403994202D02846FEF704
:10E7D000DBFF002363630DE001232846B047461C9E
:10E7E0000246D4D12B68002BD1D01D2B01D0162B83
:10E7F0002BD12F6000202FE02A68B4F90C3042B1F1
:10E800001D2A01D0162A22D10023636023692360C8
:10E81000D5E7626022692260CEE70F69002FE9D058
:10E8200093070E6808BF4B690F6018BF0023A6EB63
:10E8300007088B60B8F1000FDCDD216AA66A434649
:10E840003A462846B047002808DCB4F90C3043F0BB
:10E850004003A3814FF0FF30BDE8F0810744A8EBEF
:10E860000008E7E738B50B6905460C4613B90025E3
:10E87000284638BD18B1036A0BB9FDF739FAB4F967
:10E880000C30002BF3D0626ED00704D4990502D46B
:10E89000A06DFEF7D7F828462146FFF75FFF636EAD
:10E8A000DA070546E4D4A3899B05E1D4A06DFEF701
:10E8B000CBF8DDE70EB430B59CB01FAC4FF401725D
:10E8C00054F8045BADF8142002900690FEF72EF980
:10E8D0000B4B039007900B930A48019400230F936E
:10E8E00014934FF6FF73ADF816302A46234602A95B
:10E8F000006800F0CDF91CB0BDE8304003B07047AF
:10E90000E3BD070868190020F8B50E461446054611
:10E9100018B1036A0BB9FDF7EBF9A369A360A389EA
:10E920001A0701D5236943B92146284600F02AF881
:10E9300018B14FF0FF373846F8BD23682269981A9E
:10E940006369F6B28342374605DC21462846FFF765
:10E9500089FF0028EDD1A368013BA36023685A1CFE
:10E9600022601E706269431C9A4204D0A389DB07AF
:10E97000E1D50A2EDFD121462846FFF773FF002894
:10E98000D9D0D6E738B5294B054618680C4618B1DA
:10E99000036A0BB9FDF7ACF9B4F90C30190722D4AE
:10E9A000DA0607D409222A6043F04003A3814FF01E
:10E9B000FF3033E0580712D5616B41B104F14403D5
:10E9C000994202D02846FEF7DFFE00236363A38945
:10E9D00023F02403A3810023636023692360A389B8
:10E9E00043F00803A38123694BB9A38903F420737F
:10E9F000B3F5007F03D02146284600F03FFCB4F970
:10EA00000C3013F001020AD00022A2606269524267
:10EA1000A261226942B913F08000C5D138BD9907BF
:10EA200058BF6269A260F4E70020F7E76819002088
:10EA300010B56AB10139841810F8012B11F8013FA3
:10EA40009A4203D1A04201D0002AF5D1D01A10BDBC
:10EA50001046FCE71F2938B505460C4604D9162395
:10EA600003604FF0FF3038BDC26B12B152F8213055
:10EA70004BB9284600F034F8224601462846BDE846
:10EA8000384000F01BB8012B0AD0591C03D11623C3
:10EA900003600120E7E7002142F824102046984750
:10EAA0000020E0E7024B01461868FFF7D3BF00BF24
:10EAB0006819002000487047B819002038B5074D84
:10EAC00000230446084611462B60C7F729FC431C67
:10EAD00002D12B6803B1236038BD00BFECE50524EB
:10EAE000C7F716BC38B5064D0023044608462B6010
:10EAF000C7F708FC431C02D12B6803B1236038BD63
:10EB0000ECE5052470B5A1FB02543CB92946FEF79B
:10EB1000FBFE064628B90026304670BD0C22026076
:10EB2000F9E72A462146FDF7BAF9F5E70148FDF76E
:10EB300089BF00BFF1E505240148FDF785BF00BF8F
:10EB4000F1E5052482B001B901A942B14BB11378B6
:10EB50000B601278101E18BF012002B070471046DB
:10EB6000FBE76FF00100F8E72DE9F041804615461C
:10EB70000C4621B9BDE8F0411146FEF7C5BE2AB9E1
:10EB8000FEF702FE00242046BDE8F08100F048FCBC
:10EB90008542064602D8B5EB500FF4D829464046C8
:10EBA000FEF7B2FE07460028ECD0B5422A462146C1
:10EBB00028BF3246FDF7ACFF21464046FEF7E4FD94
:10EBC0003C46E0E70346084641B1FF2A04D98A22C1
:10EBD0001A604FF0FF3070470A700120704738B557
:10EBE0004B1C144603D14FF0FF35284638BD93899E
:10EBF00023F0200393815368526BCDB28AB1A26B8C
:10EC00009A4208DD23685A1E226003F8015C63689B
:10EC100001336360E9E7214600F0A5FB0028F1D04D
:10EC2000E1E72169226841B1914206D212F8011C44
:10EC3000A94202D1013A2260EAE7C4E90F2304F1B4
:10EC4000440363630323A363234603F8465F2360FF
:10EC50000123DEE710B50C46496B69B104F14403AA
:10EC6000994201D0FEF790FD236C63600020606341
:10EC700013B1E36B236010BD23692360002363603D
:10EC8000A38943F02003A3814FF0FF30F3E7000096
:10EC90002DE9F0470C46ADF5227D0021CDE9441168
:10ECA000A649A0910DF10408A549A64FCDF81881F9
:10ECB0000646A19100931378002B00F05A81F95C6D
:10ECC00011F0080102F1010519D06368002B0FDD76
:10ECD00023681A78BA5C120701D42A46EBE7459AF2
:10ECE0000132459262680133013A62602360ECE7C9
:10ECF000A19B2146304698470028E9D0EDE7252B17
:10ED000012D099466368002B40F3938022681378F1
:10ED10004B4540F02E816368013B6360459B0132A7
:10ED2000013322604593D8E74191439153782A2BD0
:10ED300002BF1023951C41930A22A94619F8011B12
:10ED4000A1F13003092B1ED9DFF8FCA103225046A4
:10ED5000FDF78EFE38B1419AA0EB0A0001238340F3
:10ED6000134341934D4615F8013B782B06D8572B9A
:10ED700010D8252BC5D057D8002B65D00323479337
:10ED80000A2342936BE0439B02FB0311303943910A
:10ED90004D46D2E7A3F15802202AEFD801A151F83D
:10EDA00022F000BF93EE07087DED07087DED070810
:10EDB000B5EE07087DED07087DED07087DED070836
:10EDC0007DED07087DED07087DED07087DED07085F
:10EDD000CBEE0708B1EE07082FEE07082FEE070865
:10EDE0002FEE07087DED0708A5EE07087DED070863
:10EDF0007DED07087DED07087DED0708DBEE0708D0
:10EE0000ADEE07084FEE07087DED07087DED07081A
:10EE1000D7EE07087DED0708B1EE07087DED07087E
:10EE20007DED070893EE0708453B022BA6D8052386
:10EE300014E0A19B21463046984700283FF466AF76
:10EE40004498002840F08D804FF0FF308DE0419BCA
:10EE500043F4087341931023429304234793636858
:10EE6000002B48DD419B590604D423681A78BA5C0C
:10EE7000120747D4479B022B56DC6B46224641A91A
:10EE8000304600F07BF8012873D002287FF425AFCC
:10EE9000D6E7419A42F40072419210226E2B4292C0
:10EEA00002D9DAE7002342930323D7E70823D3E705
:10EEB0000A22F3E72946404600F01CFA419B43F042
:10EEC0004003419305460123C8E7419B43F04003BB
:10EED00041930023C2E70223C0E74198C3063FF5F0
:10EEE000FCAE009B459A191D00911B68C0074CBFE2
:10EEF0001A801A60F1E6A19B214630469847002807
:10EF0000B0D09DE7459A013245926268013A002AE5
:10EF1000626002DD01332360A7E7A19B21463046F2
:10EF200098470028A1D08BE7042B0FDC6B462246C4
:10EF300041A9304600F07CF8A5E700BFDFEB0708E9
:10EF400055EC0708193608081F3708080A4B002B2C
:10EF50003FF4C3AE6B46224641A93046AFF3008072
:10EF600091E7A3895B063FF56FAF0DF5227DBDE804
:10EF7000F0874498F9E700BF000000002DE9F8434E
:10EF800015468A6880460C4632B98A69002A14BF41
:10EF90004FF0FF3201228A602268DFF89090D1069C
:10EFA0005FBF1A68111D196016680027A06988B133
:10EFB000012807D12B681A7863699B5C53B9002F2D
:10EFC00031D022E0022820D12B681B7819F80330B9
:10EFD0001B071AD42368DA065EBF2B681B7806F875
:10EFE000013B2A686B6801322A60A268013B013A42
:10EFF0006B600137A26042B1002BD7DCD4F88031BE
:10F000002946404698470028D0D0236813F01003C3
:10F0100005D1E2680132E260A26902B1337023696E
:10F020003B4423610020BDE8F88300BF193608087F
:10F030002DE9F04F98467A4B0C468246164693E8E7
:10F04000070087B003AB83E80700764BA169764AD7
:10F05000032908BF1A46A36801925A1EB2F5AE7F73
:10F0600088BF6FF4AE75274682BF03EB050940F2F7
:10F070005D13A36057F81C3B43F4506398BF4FF0F7
:10F08000000923603D464FF0000B316803AB09785F
:10F0900053F82B000222FDF7EBFC002840D0BBF117
:10F0A000010F12D162682AB92268082142F4007265
:10F0B00061602260226822F4A0622260A268511E70
:10F0C000A160DAB94FF0020BDFE7BBF1020F06D007
:10F0D000A268511EA1608AB94FF0010BD5E72268E2
:10F0E00002F4C061B1F5007F1FD142F4807222604A
:10F0F000A26810216160511EA160B2B13268511C3A
:10F100003160127805F8012B7268013A002A7260AA
:10F1100006DCD4F88021314650469047002874D14F
:10F120000BF1010BBBF1030FAFD163680BB90A23DD
:10F13000636063683D496069C91A00F0DBF84FF00D
:10F14000000BA368226873B33168606991F800C04E
:10F1500010F80C0038B3BCF1300F16D1100514D5DF
:10F160000BF1010BB9F1000F03D0013309F1FF39A5
:10F17000A3607368013B002B73600DDD33680133BE
:10F180003360A368013BA360DBE722F410622260D6
:10F190000B7805F8013BECE7D4F880313146504656
:10F1A00098470028EDD02368D9050DD5BD4209D96F
:10F1B00015F8011CD4F87C3132465046984705F1C9
:10F1C000FF394D46BD4228D0226812F0100213D1FB
:10F1D0002A706368019E39465046B047D8F800301F
:10F1E00021681A1DC8F8002011F0200F1B680FD0ED
:10F1F0001860E3680133E3602369ED1B5D442B4431
:10F200002361002007B0BDE8F08F4FF0000BCAE784
:10F21000CA074CBF18801860EBE70120F2E700BF77
:10F220005C1008082DF5070811E2070844370808A4
:10F2300070B50C46B1F90E10002996B015461E4661
:10F240000DDAA38913F0800F4FF0000114BF4023A3
:10F250004FF48063002031602B6016B070BD6A46A9
:10F2600000F0BCF80028ECDB019901F47041A1F535
:10F270000053594259414FF48063EBE78B89F7B54E
:10F280009D0706460C4607D504F14703236023611A
:10F290000123636103B0F0BD01AB6A46FFF7C8FF0D
:10F2A000009F054639463046FEF72EFB48B9B4F9B3
:10F2B0000C309A05EED423F0030343F00203A3813C
:10F2C000E2E7A389206043F08003A381019BC4E9A6
:10F2D00004075BB1B4F90E10304600F091F828B184
:10F2E000A38923F0030343F00103A381A3891D43F2
:10F2F000A581CFE770B50B7804465E2B0BBF4B782A
:10F300004A1C8A1C002108BF0121013804F1FF05B5
:10F3100000F8011FA842FBD10BB9501E70BD81F04F
:10F320000101E1541046024612F8015B2D2D05D073
:10F330005D2D16D0002DF1D02B46F2E746785D2EDC
:10F34000FAD0B342F8DC02301A4601329642A15498
:10F35000FBDCF21A013A5D1CB342A8BF0022AB18D5
:10F36000E1E71046DAE72DE9F0410C46496B04F17C
:10F37000440399421DD14FF48061FEF7C5FA18B9D4
:10F380004FF0FF30BDE8F0814FF48063A36394F841
:10F390004630606380F8FF3394F8453080F8FE33E0
:10F3A00094F8443080F8FD3300F2FD3020600020F6
:10F3B000E8E7A66B77003A46FFF7D6FB054600283C
:10F3C000DED000EB0608014632464046FDF7A0FBC2
:10F3D000C4E90D57C4F80080E9E7000038B5074DCF
:10F3E00000230446084611462B60C6F7D0FF431C95
:10F3F00002D12B6803B1236038BD00BFECE50524C2
:10F4000038B5064D0023044608462B60C6F7CFFFEB
:10F41000431C02D12B6803B1236038BDECE5052401
:10F4200051F8043C181F002BBCBF0B58C018704784
:10F43000242B2DE9F0478646904601D8012B06D1B2
:10F44000FDF7D4FA162303600020BDE8F0873648A4
:10F450000D462A4615F8014B065D16F00806F8D150
:10F460002D2C24D12C780126951C2BBB302C30D090
:10F470000A2306F1004C0CF1FF3C0022BCFBF3F91F
:10F48000104603FB19CAA4F13007092F28D83C46BF
:10F49000A34234DD571C07D081452DD301D1A245AD
:10F4A0002ADB00FB0340012215F8014BEBE72B2C74
:10F4B00004BF2C78951CD8E7102BDAD1302CD8D18A
:10F4C0002A7802F0DF02582AD3D16C781023023553
:10F4D000CFE72B7803F0DF03582BF6D00823C8E7DB
:10F4E000A4F14107192F01D8373CD1E7A4F16107F6
:10F4F000192F04D8573CCBE74FF0FF32D4E7531C09
:10F5000008D12223CEF800306046B8F1000F9CD01D
:10F51000691E06E006B14042B8F1000F95D0002AFE
:10F52000F6D1C8F8001090E719360808FFF780BF39
:10F5300081F0004102E000BF83F0004330B54FEAA4
:10F5400041044FEA430594EA050F08BF90EA020F11
:10F550001FBF54EA000C55EA020C7FEA645C7FEAA4
:10F56000655C00F0E2804FEA5454D4EB5555B8BFC7
:10F570006D420CDD2C4480EA020281EA030382EA38
:10F58000000083EA010180EA020281EA0303362DCA
:10F5900088BF30BD11F0004F4FEA01314FF4801C9D
:10F5A0004CEA113102D0404261EB410113F0004FAF
:10F5B0004FEA03334CEA133302D0524263EB430366
:10F5C00094EA050F00F0A780A4F10104D5F1200E04
:10F5D0000DDB02FA0EFC22FA05F2801841F100015F
:10F5E00003FA0EF2801843FA05F359410EE0A5F133
:10F5F00020050EF1200E012A03FA0EFC28BF4CF064
:10F60000020C43FA05F3C01851EBE37101F0004519
:10F6100007D54FF0000EDCF1000C7EEB00006EEB26
:10F620000101B1F5801F1BD3B1F5001F0CD34908B0
:10F630005FEA30004FEA3C0C04F101044FEA445207
:10F6400012F5800F80F09A80BCF1004F08BF5FEA8E
:10F65000500C50F1000041EB045141EA050130BD6E
:10F660005FEA4C0C404141EB0101013C28BFB1F580
:10F67000801FE9D291F0000F04BF01460020B1FACB
:10F6800081F308BF2033A3F10B03B3F120020CDA9E
:10F690000C3208DD02F1140CC2F10C0201FA0CF07C
:10F6A00021FA02F10CE002F11402D8BFC2F1200CE1
:10F6B00001FA02F120FA0CFCDCBF41EA0C01904097
:10F6C000E41AA2BF01EB0451294330BD6FEA0404E0
:10F6D0001F3C1CDA0C340EDC04F11404C4F12002CB
:10F6E00020FA04F001FA02F340EA030021FA04F3DD
:10F6F00045EA030130BDC4F10C04C4F1200220FA34
:10F7000002F001FA04F340EA0300294630BD21FA71
:10F7100004F0294630BD94F0000F83F4801306BF37
:10F7200081F480110134013D4EE77FEA645C18BF2B
:10F730007FEA655C29D094EA050F08BF90EA020FC2
:10F7400005D054EA000C04BF1946104630BD91EABA
:10F75000030F1EBF0021002030BD5FEA545C05D1BD
:10F760004000494128BF41F0004130BD14F58004FC
:10F770003CBF01F5801130BD01F0004545F0FE4170
:10F7800041F470014FF0000030BD7FEA645C1ABFA5
:10F79000194610467FEA655C1CBF0B46024650EADC
:10F7A000013406BF52EA033591EA030F41F4002108
:10F7B00030BD00BF90F0000F04BF0021704730B58E
:10F7C0004FF4806404F132044FF000054FF0000163
:10F7D00050E700BF90F0000F04BF0021704730B524
:10F7E0004FF4806404F1320410F0004548BF4042F9
:10F7F0004FF000013EE700BF42004FEAE2014FEA4E
:10F8000031014FEA02701FBF12F07F4393F07F4F28
:10F8100081F06051704732F07F4208BF704793F02B
:10F820007F4F04BF41F40021704730B54FF460743E
:10F8300001F0004521F000411CE700BF50EA010241
:10F8400008BF704730B54FF000050AE050EA0102EA
:10F8500008BF704730B511F0004502D5404261EB5A
:10F8600041014FF4806404F132045FEA915C3FF49B
:10F87000D8AE4FF003025FEADC0C18BF03325FEA38
:10F88000DC0C18BF033202EBDC02C2F1200300FAE9
:10F8900003FC20FA02F001FA03FE40EA0E0021FA0E
:10F8A00002F11444BDE600BF53B94AB9002908BFAC
:10F8B00000281CBF4FF0FF314FF0FF3000F06AB955
:10F8C000ADF1080C6DE904CE00F006F8DDF804E0B7
:10F8D000DDE9022304B070472DE9F047089D0C468E
:10F8E000002B4ED194468C458646B2FA82F262D9FC
:10F8F0004AB1C2F12003914020FA03F30CFA02FC52
:10F90000194300FA02FE4FEA1C471FFA8CF6B1FBBE
:10F91000F7F44FEA1E4307FB141143EA014304FBCB
:10F9200006F199420AD91CEB030304F1FF3080F081
:10F930001281994240F20F81023C6344591A1FFA26
:10F940008EF3B1FBF7F007FB101143EA014300FB14
:10F9500006F69E420AD91CEB030300F1FF3180F04A
:10F96000FC809E4240F2F980634402389B1B40EACF
:10F97000044000211DB1D3400022C5E90032BDE89A
:10F98000F0878B4205D90DB1C5E900010021084679
:10F99000F5E7B3FA83F1002946D1A34202D390429E
:10F9A000C0F0F080861A64EB03030120002DE6D03E
:10F9B000C5E90063E3E7002A40F09080A1EB0C0466
:10F9C0004FEA1C481FFA8CF70121B4FBF8F64FEA06
:10F9D0001E4308FB164443EA044307FB06F0984223
:10F9E00008D91CEB030306F1FF3402D2984200F25F
:10F9F000CD8026461C1A1FFA8EF3B4FBF8F008FBE4
:10FA0000104443EA044300FB07F79F4208D91CEB6C
:10FA1000030300F1FF3402D29F4200F2B08020467F
:10FA2000DB1B40EA0640A5E7C1F120068B4022FA25
:10FA300006F71F4320FA06FC04FA01F343EA0C031D
:10FA4000F44000FA01F8380C4FEA1349B4FBF0FE19
:10FA50001FFA87FC00FB1E4449EA04440EFB0CF924
:10FA6000A14502FA01F20AD93C190EF1FF3A80F0E1
:10FA70008480A14540F28180AEF1020E3C44A4EBAB
:10FA800009041FFA83F9B4FBF0F300FB134449EABD
:10FA9000044403FB0CFCA44507D93C1903F1FF30D7
:10FAA00067D2A44565D9023B3C4443EA0E40A0FB23
:10FAB0000293A4EB0C049C42CE469C4651D34ED0FC
:10FAC00055B1B8EB0E0364EB0C0404FA06F6CB4018
:10FAD0001E43CC40C5E90064002150E7C2F1200379
:10FAE00020FA03F10CFA02FC24FA03F394400C43CD
:10FAF0004FEA1C4800FA02FE1FFA8CF7B3FBF8F03D
:10FB000008FB1031230C43EA014300FB07F1994243
:10FB100008D91CEB030300F1FF362CD299422AD9F5
:10FB2000023863445B1AA4B2B3FBF8F108FB11334B
:10FB300044EA034401FB07F3A34208D91CEB040485
:10FB400001F1FF3613D2A34211D902396444E41AF9
:10FB500041EA004139E70446F0E6084606E7C845B1
:10FB6000AED2B9EB020E63EB070C0138A8E73146C1
:10FB7000EDE7034699E73046D4E7D6467FE763448E
:10FB800002384DE70646234608460FE7023E634427
:10FB900030E700BF704700BFF8B500BFF8BC08BC35
:10FBA0009E467047F8B500BFF8BC08BC9E4670473B
:10FBB0005FF800F0093900005FF800F0392F00000D
:10FBC0005FF800F0713C00005FF800F02D3A000093
:10FBD0005FF800F0F93E00005FF800F0253D0000FE
:10FBE0005FF800F0993D00005FF800F07D4B0000E9
:10FBF0005FF800F0C94C00005FF800F0D942000047
:10FC00005FF800F0A91300005FF800F0D93A000097
:10FC10005FF800F0F54A00005FF800F0F5400000E2
:10FC20005FF800F0194A00005FF800F07140000032
:10FC30005FF800F0612700005FF800F0353B00003E
:10FC40005FF800F0453F00005FF800F0513700001A
:10FC50006279746520706F6F6C20300069646C6528
:10FC6000000000006C6564007370695F6163636528
:10FC700073730000756172745F6576656E747300EE
:10FC8000756172740000000041524D5F4452495644
:10FC900045525F4F4B203D3D20706472762D3E4DA6
:10FCA00061737465725265636569766528736C76F5
:10FCB0005F616464722C2070646174612C206C65D7
:10FCC0006E2C2066616C7365290000002E2E2F2E8D
:10FCD0002E2F7372632F6170702F7072657373753E
:10FCE00072655F73656E736F722E630041524D5F74
:10FCF0004452495645525F4F4B203D3D207064723F
:10FD0000762D3E4D61737465725472616E736D69C8
:10FD10007428736C765F616464722C207064617403
:10FD2000612C206C656E2C2066616C736529000067
:10FD300073656E736F725F6576656E7400000000A8
:10FD400073656E736F7200006374726C5F746173BD
:10FD50006B0000006374726C5F6576656E74000002
:10FD60006374726C5F746D72000000006461746192
:10FD70005F7461736B00000073645F777269746510
:10FD80005F6D75746578000063616E206D626F78D9
:10FD90000000000063616E5F6576656E74000000B0
:10FDA00063616E0053797374656D2054696D65727B
:10FDB00020546872656164000000000000000000CB
:10FDC0000000000000000000000000000100000032
:10FDD000020000000300000004000000000000001A
:10FDE000050000000000000000000000000000000E
:10FDF00006000000000000000000000000000000FD
:10FE00000700000028286275665F73697A652026FE
:10FE100020286275665F73697A65202D2031292953
:10FE2000203D3D203029203D3D2031002E2E2F2E1B
:10FE30002E2F7372632F6C6962732F72696E676203
:10FE400075666665722F72696E6762756666657241
:10FE50002E630000656375537461746500000000D3
:10FE60006E617656730000004169724869676800E8
:10FE700065637554656D70007069746368436D6483
:10FE800000000000726F6C6C436D64007961774311
:10FE90006D64000064526E00645275006452650027
:10FEA00050697463685072650000000059617750B2
:10FEB000726500006650697463685370000000004A
:10FEC000665961775370000057505F637572000088
:10FED0007461724C6F6E00007461724C617400004A
:10FEE000746172416C740000616472635F4D7800EC
:10FEF00067616D61436D64007468657461436D642E
:10FF0000000000006E7963436D64000068696768F3
:10FF1000436D640061635F644C00000061635F6473
:10FF20005A000000746F6B656E6C6F6E000000000D
:10FF3000746F6B656E6C61740000000061635F64D8
:10FF40005073690061635F645200000074686574F7
:10FF50006176000056636D64000000006E79436DA9
:10FF6000640000006E7A436D640000004462734CCC
:10FF7000656E000041445243000000006E617657F8
:10FF8000783200006E617657793200006E617657E4
:10FF90007A3200006E6176417832000052656376F5
:10FFA0004C756E6300000000537231436D640000B5
:10FFB000537232436D640000537233436D6400002A
:10FFC000537234436D640000537235436D64000016
:10FFD000537236436D640000456E67696E655270FA
:10FFE00000000000696D755778000000696D755755
:10FFF00079000000696D75577A000000696D7541E0
:020000040808EA
:1000000078000000696D754179000000696D7541E7
:100010007A0000006E61764C6F6E00006E61764C67
:10002000617400006E617648696768006E6176569B
:100030006E0000006E617656650000006E617650BD
:1000400069746368000000006E61764469720000A4
:100050006E6176526F6C6C0047726453706400007E
:1000600053723152656164005372325265616400AB
:100070007363744C6F636B0076506974636853707C
:100080000000000076596177537000006675656C5A
:100090005261746500000000666C794572726F727F
:1000A0000000000073645F6D7574657800000000E7
:1000B00073645F6576656E7400000000303A2F004F
:1000C0006D736E50616F4944000000006D736E47A0
:1000D0007561494400000000257300002A2B2C3A6A
:1000E0003B3C3D3E5B5D7C223F7F000046415433FC
:1000F00032202020000000004B6579205B25735DD5
:10010000206469646E277420666F756E64210D0A21
:1001100000000000676D7367496400006E756C6CC9
:100120004274796500000000507772436D640000EE
:1001300046697265436D640073657144726F700047
:10014000736571556D6200007365715361633100B1
:1001500073657153616332004169725072657373E4
:100160000000000041697248696768004169725384
:10017000706400006D736E446576494400000000B1
:100180006E61765374617465000000006563755399
:100190007461746500000000656375476574527092
:1001A00000000000526563764C756E63000000002D
:1001B0007374617274466C79000000006175746F2D
:1001C00053746570000000007061796C6F64747026
:1001D00000000000636F6D6D48696C00636F6D6DAA
:1001E0004261747400000000636F6D6D507772009F
:1001F000636F6D6D45637500636F6D6D4E61760065
:10020000636F6D6D53727600636F6D6D496D750030
:10021000636F6D6D4675736500000000636F6D6DF3
:1002200053636F740000000063707554656D700057
:1002300073656C664D6F64650000000073645374F1
:1002400061746500696D75466F6375730000000029
:100250007463436D64000000666C794572726F725E
:10026000000000006C75616E4D6F64650000000059
:100270006C756E6354696D6500000000696D7541B1
:10028000780000006E617656650000006E6176565B
:100290006E0000007363744C6F636B007363745083
:1002A000697463680000000073637459617700002B
:1002B0007669657750697463000000007669657738
:1002C00059617700765069746368537000000000CC
:1002D000765961775370000073637443686B45729D
:1002E00000000000736374436865636B00000000E6
:1002F00061635F644C0000004772645370640000E7
:100300006E61765069746368000000006E61764427
:10031000697200006E6176526F6C6C00696D755782
:100320007A000000696D755779000000696D755796
:10033000780000006E61764C6F6E00006E61764C46
:10034000617400006E617648696768007461724C80
:100350006F6E00007461724C6174000074617241D0
:100360006C74000073637443686B45720000000096
:10037000667573654D6F6465000000006675736592
:100380003234560066757365416374760000000070
:10039000667573654249540066757365355600008D
:1003A0006675736575660000667573656178000033
:1003B000667573656179000066757365617A000022
:1003C00066757365670000006675736554656D70CA
:1003D00000000000203A2C0A090D0000392E45705B
:1003E00068656D65726973302E6461740000000089
:1003F00072000000312E4C61756E6368416C696754
:100400006E6D656E742E64617400000044617461E9
:100410004C6F6E00446174614C617400446174619E
:1004200048696768000000004461746144697200B3
:1004300053723152656164005372325265616400D7
:100440007363744C6F636B00736374506974636897
:100450000000000073637459617700007669657766
:100460005069746300000000766965775961770010
:1004700076506974636853700000000076596177A4
:10048000537000006175746F537465700000000054
:10049000696D754178000000696D75417900000053
:1004A000696D75417A000000696D7557780000002C
:1004B000696D755779000000696D75577A00000005
:1004C0006E61765069746368000000006E61764466
:1004D000697200006E6176526F6C6C0047726453F3
:1004E000706400006E61764C6F6E00006E61764C39
:1004F000617400006E617648696768006E617656C7
:100500006E0000006E617656730000006E617656D4
:10051000650000006E617653746174650000000030
:100520004169725370640000476C6F62616C000037
:100530005369676D613000006E6176577800000086
:100540006E617657790000006E6176577A00000080
:100550006E617641780000006E617641790000009E
:100560006E6176417A000000696D75466F63757340
:10057000000000006770734D6F6400006770734C7B
:100580006F436E74000000006770734C6F4D6173B1
:10059000000000006770734C6F536C610000000036
:1005A0006770734C6F6E00006770734C617400006D
:1005B0006770734869676800677073566E00000063
:1005C0006770735673000000677073566500000013
:1005D00067707350646F700067707347646F70006A
:1005E00067707344656C6179000000006770735533
:1005F0006C6F616400000000677073596561720080
:100600006770734D6F6E746800000000677073440C
:1006100061790000677073486F7572006770734D81
:10062000696E6974000000006770735365630000B1
:100630006770734D73000000677073547261636B71
:1006400000000000677073446972000067707344B3
:1006500069724F4B000000006E61764C6F6E0000B7
:100660006E61764C617400006E617648696768005F
:100670006E6176566E0000006E6176567300000063
:100680006E617656650000006E617650697463682D
:10069000000000006E6176526F6C6C006E617644F3
:1006A000697200006E617641793200006E617641B8
:1006B0007A3200006E617657783300006E617657AB
:1006C000793300006E6176577A3300006E617641AF
:1006D000783300006E617641793300006E617641B7
:1006E0007A3300006E617653746174650000000017
:1006F0006E617655730000006E617655734B610034
:1007000063707554656D703200000000446174615F
:100710004C6F6E00446174614C617400446174619B
:1007200048696768000000004461746144697200B0
:100730006E617658000000006E617659000000007E
:100740006E61765A000000006E61765678000000F7
:100750006E617656790000006E6176567A00000070
:100760004261747432385600426174743238410008
:10077000456E673234560000456E673234410000E2
:100780004261747454656D70000000006D637554AF
:10079000656D7000626174745600000067726F7559
:1007A0006E645600656E67696E65560056436F6DE0
:1007B00062696E0056466972650000006261747479
:1007C0004100000067726F756E644100656E676975
:1007D0006E65410041436F6D62696E0041666972EA
:1007E0006500000070777254656D700074696D6506
:1007F0002C426174562C426174412C436F6D6269C6
:100800006E562C436F6D62696E412C537276562C76
:10081000537276410A00000074696D652C6C6F6E2E
:100820002C6C61742C686967682C677073766E2C09
:1008300067707376732C67707376652C7361636F62
:10084000756E742C6C6F636153746174652C706485
:100850006F702C6469722C6469726D61726B2C7597
:1008600070646174656D61726B2C64697245666653
:100870006563742C677073547261630A0000000032
:1008800074696D652C61782C61792C617A2C77788C
:100890002C77792C777A0A0074696D652C782C791D
:1008A0002C7A2C76782C76792C767A2C20706974B8
:1008B00063682C7961772C726F6C6C2C6C6F6E2C6A
:1008C0006C61742C686967682C6D6F64652C6E614F
:1008D00076766E2C6E617676732C6E617676650A0E
:1008E0000000000073645F77726974655F6D7574F2
:1008F0006578000073645F7461736B0053723143F9
:100900006D640000537232436D64000053723343D0
:100910006D640000537234436D64000053723543BC
:100920006D640000537236436D640000537231529F
:1009300065616400537232526561640053723352D0
:1009400065616400537234526561640053723552BC
:1009500065616400537236526561640053723141BF
:100960000000000053723241000000005372334116
:100970000000000053723441000000005372354102
:100980000000000053723641000000006B6657788B
:10099000000000006B665779000000006B66577A14
:1009A000000000006B664178000000006B66417932
:1009B000000000006B66417A00000000696D75431D
:1009C000686B457200000000446174614C6F6E00FA
:1009D000446174614C617400446174614869676882
:1009E0000000000044617461446972006770734CD8
:1009F0006F6E00006770734C617400006770734124
:100A00006C740000677073566E0000006770735658
:100A100073000000677073566500000064697245DA
:100A20006666656300000000677073596561720057
:100A30006770734D6F6E74680000000067707344D8
:100A400061790000677073486F7572006770734D4D
:100A5000696E69740000000067707353656300007D
:100A60006770734D5365630067707344697200006B
:100A70006770735363436E7400000000696D7557AF
:100A800078000000696D755779000000696D755731
:100A90007A000000696D754178000000696D75414C
:100AA00079000000696D75417A0000006E61764C36
:100AB0006F6E00006E61764C617400006E61764866
:100AC000696768006E6176566E0000006E6176564A
:100AD000730000006E617656650000006E6176500E
:100AE00069746368000000006E6176526F6C6C0080
:100AF0006E61765374617465000000006E61764427
:100B0000697200006D736E44657649440000000010
:100B1000656E67536574527000000000480600005F
:100B20000000002F456E67696E6550770000000079
:100B30006563755365745270000000006563754706
:100B4000657452700000000065637554656D700037
:100B500065637553746174650000000065637545D5
:100B600072726F72000000006675656C5261746588
:100B7000000000006563753234560000656375320D
:100B800034410000524C52004C524C00524C520026
:100B90004C524C005253520052534C004C53520092
:100BA0004C534C006D736E44657649440000000060
:100BB0006D736E4772704944000000006D736E4C97
:100BC000656164006E61764C6F6E00006E61764CFC
:100BD000617400006E617648696768006E617650E6
:100BE00069746368000000006E61764469720000F9
:100BF0006E6176526F6C6C00526563764C756E63F5
:100C0000000000006D736E436F6D6D3200000000D8
:100C1000666C794572726F7200000000720000000D
:100C2000352E50616F4775616E49442E64617400C2
:100C30006D736E50616F4944000000006D736E4724
:100C40007561494400000000446174614C6F6E009E
:100C5000446174614C6174004461746148696768FF
:100C600000000000446174614469720001013613A0
:100C70001D13F34E5B404EBF9F75E842434000009A
:100C800000000038984000000000000044400000D0
:100C90000000000000000000000000008061400033
:100CA00000000000000000000000000101E292E3EB
:100CB0004E694D5B408F28A380A341434000000054
:100CC0000000C899400000000000004440000000FF
:100CD0000000000000000000000000007440000060
:100CE0000000000000000000000001016830FC96D8
:100CF000EF4B5B4065FB90B75C4443400000000055
:100D000000C8994000000000008041400000000041
:100D1000000000000000000000000074400000001F
:100D2000000000000000000000010128D8DA568E03
:100D30004D5B40418B5BBBA345434000000000007E
:100D4000589B4000000000000044400000000000EC
:100D50000000000000000000008061400000000072
:100D60000000000000000000010136131D13F34EC7
:100D70005B404EBF9F75E8424340000000000058B2
:100D80009B400000000000004940000000000000FF
:100D90000000000000000000806140000000000032
:100DA000000000000000000101E292E34E694D5B8B
:100DB000408F28A380A34143400000000000589BBF
:100DC000400000000000004440000000000000005F
:100DD000000000000000000074400000000000005F
:100DE0000000000000000101349A01D38E4C5B40EA
:100DF0008A3842AB384343400000000000589B4013
:100E000000000000008042400000000000000000E0
:100E1000000000000000007440000000000000001E
:100E200000000000000200FE11E1BABD4C5B409FD3
:100E3000E6E445264543400000000000589B400082
:100E400000000000804240000000000000C082C09E
:100E500000000000000000000000000000005940F9
:100E600000000000010036131D13F34E5B404EBF1F
:100E70009F75E84243400000000000589B4000007E
:100E800000000000444000000000000000000000DE
:100E90000000000080614000000000000000000031
:100EA0000000000100E292E34E694D5B408F28A3F1
:100EB00080A34143400000000000589B4000000018
:100EC000000000444000000000000000000000009E
:100ED000000000007440000000000000000000005E
:100EE00000000100464A0E330F4D5B40C8467B1799
:100EF0004A4243400000000000589B4000000000B0
:100F0000000044400000000000000000000000005D
:100F1000000000744000000000000000000000001D
:100F2000000200378B170B434D5B40500CDAF51C69
:100F30004443400000000000909A40000000000080
:100F4000004440000000000000E085400000000078
:100F500000000000000000000040604000000000B1
:100F60000200378B170B434D5B40500CDAF51C44E5
:100F700043400000000000509940000000000000C5
:100F80004440000000000000E08540000000000038
:100F900000000000000000000054C000000000023B
:100FA00000378B170B434D5B40500CDAF51C444364
:100FB000400000000000389840000000000080421F
:100FC00040000000000000308140000000000000F0
:100FD000000000000000000054C0000000000100FC
:100FE000587ECFFEF64B5B405B6A73524E444340E3
:100FF0000000000000F8964000000000000044409F
:10100000000000000000000000000000000000746C
:10101000400000000000000000000000000100A1EE
:10102000B4DC3ED04C5B40564046E5CB46434000E6
:1010300000000000F89640000000000080414000E1
:101040000000000000000000000000000000494017
:101050000000000000000000000000004637080803
:10106000493708084C37080811460000314600008F
:10107000514600007146000091460000B146000054
:10108000D1460000F1460000114700007072765F03
:101090006932635F72656164000000007072765FA0
:1010A0006932635F777269746500000000000000B8
:1010B00001020304010203040607080900010203F8
:1010C00004050607080C1014182030400100020027
:1010D0000400060008000A000C0010002000400078
:1010E00080000001020000000000000061400508CF
:1010F000814005086D4305088D4005081543050826
:10110000A9400508E9400508DD4305088D420508AA
:101110004D4205083142050819410508ED4405080E
:101120001F4105086D410508454105082541050891
:10113000FFE7000002020601C0110808A01108081C
:1011400080110808A0860100801A060040420F00A6
:10115000CD450508ED45050841490508F145050857
:10116000854805089D4705082D4E0508F1460508E8
:10117000894D0508114605088549050805460508F5
:1011800040420F00640000007800000000000000F2
:10119000C201000032000000F40100000401000060
:1011A000801A06002C0100002C0100000000000045
:1011B00084030000640000001405000058020000D1
:1011C000A08601002C010000E803000000000000E0
:1011D0007A0D0000FA0000005C120000A00F000071
:1011E000040206015D5205087D5205085D5305089D
:1011F000B5580508D9580508B5520508D15905084C
:101200006959050881520508B15305085953050865
:101210009C2901240030014028120808A032012432
:101220008C32012400000000001802580004000065
:101230000500000003020601000101010100010197
:10124000195D05080D5E05087D640508195E050831
:10125000D5630508E562050891670508536605082A
:101260005D6505084166050889610508F55E0508A4
:10127000395D05083F5D0508195D0508F55D050840
:1012800071640508015E0508C9630508D96205088F
:10129000856705084D66050851650508356605082A
:1012A0007D610508E95E0508395D05083F5D0508B3
:1012B000195D0508DD5D050865640508E95D05083B
:1012C000BD630508CD6205087967050877660508DE
:1012D000456505082966050871610508DD5E050894
:1012E000395D05083F5D0508195D0508C55D050800
:1012F00059640508D15D0508B1630508C162050898
:101300006D67050871660508396505081D660508DD
:1013100065610508D15E0508395D05083F5D050872
:10132000195D0508AD5D05084D640508B95D050842
:10133000A5630508B5620508616705086B660508C1
:101340002D6505081166050859610508C55E050883
:10135000395D05083F5D0508195D0508955D0508BF
:1013600041640508A15D050899630508A96205089F
:1013700055670508656605082165050805660508C1
:101380004D610508B95E0508395D05083F5D050832
:10139000195D05087D5D050835640508895D05084A
:1013A0008D6305089D620508496705085F660508A5
:1013B00015650508F965050841610508AD5E050874
:1013C000395D05083F5D0508195D0508655D05087F
:1013D00029640508715D05088163050891620508A7
:1013E0003D6705085966050809650508ED650508A6
:1013F00035610508A15E0508395D05083F5D0508F2
:10140000195D0508455D05081D640508515D050861
:101410007563050885620508316705085D5D050887
:10142000FD640508E165050829610508955E050864
:10143000395D05083F5D050801020000F81B012425
:10144000000C0058BC320124AC3201240000000022
:1014500001020000481E0124007C0040DC3201240F
:10146000CC3201240102000001020000B41D01245D
:1014700000780040FC320124EC320124010200001B
:101480000102000098200124001401401C330124B3
:101490000C3301240102000001020000201D012480
:1014A000005000403C3301242C3301240102000091
:1014B000010200008C1C0124004C00405C3301241C
:1014C0004C33012401020000010200000420012429
:1014D000004800407C3301246C33012401020000E9
:1014E00001020000701F0124004400409C330124CD
:1014F0008C3301240102000001020000DC1E0124E3
:1015000000100140BC330124AC330124010200006F
:101510000402030272696E675F6275666665725FD8
:10152000696E697400000000000000000000000007
:10153000E2652F227F2B7A3C075C143326A6813C80
:10154000BDCBF07A8807703C075C143326A6913C2B
:101550004FBB610567ACDD3F182D4454FB21E93FCB
:101560009BF681D20B73EF3F182D4454FB21F93FBA
:10157000FE822B65471567400000000000003843DD
:101580000000FAFE422E76BF3A3B9EBC9AF70CBD95
:10159000BDFDFFFFFFFFDF3F3C5455555555C53F8F
:1015A000912B17CF5555A53F17D0A4671111813F37
:1015B000000000000000C842EF39FAFE422EE63F6C
:1015C00024C482FFBDBFCE3FB5F40CD7086BAC3F3F
:1015D000CC5046D2ABB2833F843A4E9BE0D7553FC6
:1015E0000000000000000000000000000000F03FCC
:1015F0006EBF881A4F3B9B3C3533FBA93DF6EF3F4E
:101600005DDCD89C136071BC6180773E9AECEF3F43
:10161000D16687107A5E90BC857F6EE815E3EF3F58
:1016200013F6673552D28C3C748515D3B0D9EF3F91
:10163000FA8EF92380CE8BBCDEF6DD296BD0EF3F2E
:1016400061C8E6614EF7603CC89B751845C7EF3F1F
:1016500099D3335BE4A3903C83F3C6CA3EBEEF3F0D
:101660006D7B835DA69A973C0F89F96C58B5EF3F67
:10167000FCEFFD921AB58E3CF747722B92ACEF3F10
:10168000D19C2F703DBE3E3CA2D1D332ECA3EF3FA4
:101690000B6E908934036ABC1BD3FEAF669BEF3F91
:1016A0000EBD2F2A525695BC515B12D00193EF3FCD
:1016B00055EA4E8CEF8050BCCC316CC0BD8AEF3FF8
:1016C00016F4D5B923C991BCE02DA9AE9A82EF3F9B
:1016D000AF555CE9E3D3803C518EA5C8987AEF3FC3
:1016E0004893A5EA151B80BC7B517D3CB872EF3F47
:1016F0003D32DE55F01F8FBCEA8D8C38F96AEF3F22
:10170000BF53133F8C898B3C75CB6FEB5B63EF3F13
:1017100026EB11769CD996BCD45C0484E05BEF3F49
:10172000602F3A3EF7EC9A3CAAB968318754EF3FF4
:101730009D3886CB82E78FBC1DD9FC22504DEF3FF0
:101740008DC3A644416F8A3CD68C62883B46EF3FEE
:101750007D04E4B0057A803C96DC7D91493FEF3F03
:1017600094A8A8E3FD8E963C3862756E7A38EF3FF8
:101770007D4874F2185E873C3FA6B24FCE31EF3FF2
:10178000F2E71F982B47803CDD7CE265452BEF3F5D
:101790005E08713F7BB896BC8163F5E1DF24EF3FC3
:1017A00031AB096DE1F7823CE1DE1FF59D1EEF3F95
:1017B000FABF6F1A9B213DBC90D9DAD07F18EF3F5A
:1017C000B40A0C7282378B3C0B03E4A68512EF3F00
:1017D0008FCBCE8992146E3C562F3EA9AF0CEF3FB3
:1017E000B6ABB04D754D833C15B7310AFE06EF3FE1
:1017F0004C74ACE20142863C31D84CFC7001EF3FA6
:101800004AF8D35D39DD8F3CFF1664B208FCEE3F29
:10181000045B8E3B80A386BCF19F925FC5F6EE3FD2
:1018200068504BCCED4A92BCCBA93A37A7F1EE3FBA
:101830008E2D511BF80799BC66D8056DAEECEE3FB6
:10184000D236943EE8D171BCF79FE534DBE7EE3F3A
:10185000151BCEB3191999BCE5A813C32DE3EE3FB0
:101860006D4C2AA7489F853C2234124CA6DEEE3FE1
:101870008A69287A601293BC1C80AC0445DAEE3F7A
:101880005B8917488FA758BC2A2EF7210AD6EE3F4E
:101890001B9A49679B2C7CBC97A850D9F5D1EE3F89
:1018A00011ACC260ED63433C2D89616008CEEE3F10
:1018B000EF64063B0966963C57001DED41CAEE3FBA
:1018C0007903A1DAE1CC6E3CD03CC1B5A2C6EE3FB3
:1018D00030120F3F8EFF933CDED3D7F02AC3EE3F8A
:1018E000B0AF7ABBCE90763C272A36D5DABFEE3F32
:1018F00077E054EBBD1D933C0DDDFD99B2BCEE3F8E
:101900008EA3710034948FBCA72C9D76B2B9EE3FA4
:1019100049A393DCCCDE87BC4266CFA2DAB6EE3FA9
:101920005F380FBDC6DE78BC824F9D562BB4EE3FAC
:10193000F65C7BEC461286BC0F925DCAA4B1EE3F0A
:101940008ED7FD180535933CDA27B53647AFEE3F05
:10195000059B8A2FB7987B3CFDC797D412ADEE3F0D
:1019600009541CE2E163903C295448DD07ABEE3F8B
:10197000EAC6195085C7343CB746598A26A9EE3FB6
:1019800035C0642BE632943C4821AD156FA7EE3F7D
:101990009F7699614AE48CBC09DC76B9E1A5EE3FFB
:1019A000A84DEF3BC5338CBC85553AB07EA4EE3FC5
:1019B000AEE92B89785384BC20C3CC3446A3EE3FD8
:1019C00058585678DDCE93BC2522558238A2EE3F7A
:1019D00064197E80AA10573C73A94CD455A1EE3FE0
:1019E00028225EBFEFB393BCCD3B7F669EA0EE3F47
:1019F00082B93487AD126ABCBFDA0B7512A0EE3F14
:101A0000EEA96DB8EF6763BC2F1A653CB29FEE3F3D
:101A10005188E0543DDC80BC849451F97D9FEE3FB9
:101A2000CF3E5A7E641F78BC745FECE8759FEE3F32
:101A3000B07D8BC04AEE86BC7481A5489A9FEE3F6C
:101A40008AE6551E321986BCC9674256EB9FEE3FA7
:101A5000D3D4095ECB9C903C3F5DDE4F69A0EE3F46
:101A60001DA54DB9DC327BBC8701EB7314A1EE3FA1
:101A70006BC06754FDEC943C32C13001EDA1EE3FE8
:101A8000556CD6ABE1EB653C624ECF36F3A2EE3F30
:101A900042CFB32FC5A188BC121A3E5427A4EE3FF3
:101AA00034373BF1B66993BC13CE4C9989A5EE3F10
:101AB0001EFF193A845E80BCADC723461AA7EE3FCD
:101AC0006E5772D850D494BCED92449BD9A8EE3F87
:101AD000008A0E5B67AD903C99668AD9C7AAEE3F33
:101AE000B4EAF0C12FB78D3CDBA02A42E5ACEE3F53
:101AF000FFE7C59C60B665BC8C44B51632AFEE3FBF
:101B0000445FF35983F67B3C36771599AEB1EE3FCF
:101B1000833D1EA71F0993BCC6FF910B5BB4EE3F2C
:101B2000291E6C8BB8A95DBCE5C5CDB037B7EE3FBB
:101B300059B9907CF9236CBC0F52C8CB44BAEE3F24
:101B4000AAF9F422434392BC504EDE9F82BDEE3F81
:101B50004B8E66D76CCA85BCBA07CA70F1C0EE3F1F
:101B600027CE912BFCAF713C90F0A38291C4EE3F45
:101B7000BB730AE135D26D3C2323E31963C8EE3F02
:101B80006322622204C587BC65E55D7B66CCEE3FBF
:101B9000D531E2E3861C8B3C332D4AEC9BD0EE3FE3
:101BA00015BBBCD3D1BB91BC5D253EB203D5EE3F86
:101BB000D231EE9C31CC903C58B330139ED9EE3FDD
:101BC000B35A736E8469843CBFFD79556BDEEE3F7A
:101BD000B49D8E97CDDF82BC7AF3D3BF6BE3EE3F2B
:101BE0008733CB92771A8C3CADD35A999FE8EE3F5E
:101BF000FAD9D14A8F7B90BC66B68D2907EEEE3FAD
:101C0000BAAEDC56D9C355BCFB154FB8A2F3EE3FB4
:101C100040F6A63D0EA490BC3A59E58D72F9EE3F10
:101C20003493AD38F4D668BC475EFBF276FFEE3FE6
:101C3000358A586BE2EE91BC4A06A130B005EF3F01
:101C4000CDDD5F0AD7FF743CD2C14B901E0CEF3F35
:101C5000AC9892FAFBBD91BC091ED75BC212EF3F54
:101C6000B30CAF30AE6E733C9C5285DD9B19EF3FD9
:101C700094FD9F5C32E38E3C7AD0FF5FAB20EF3F58
:101C8000AC5909D18FE0843C4BD1572EF127EF3F5F
:101C9000671A4E38AFCD633CB5E706946D2FEF3F22
:101CA0006819926C2C6B673C6990EFDC2037EF3F32
:101CB000D2B5CC83188A80BCFAC35D550B3FEF3F89
:101CC0006FFAFF3F5DAD8FBC7C89074A2D47EF3F20
:101CD00049A97538AE0D90BCF2890D08874FEF3FCA
:101CE000A7073DA685A3743C87A4FBDC1858EF3FEB
:101CF0000F2240209E9182BC9883C916E360EF3F7B
:101D0000AC92C1D5505A8E3C8532DB03E669EF3F79
:101D10004B6B01AC593A843C60B401F32173EF3F43
:101D20001F3EB40721D582BC5F9B7B33977CEF3F7E
:101D3000C90D473BB92A89BC29A1F5144686EF3F56
:101D4000D3883A6004B6743CF63F8BE72E90EF3FA1
:101D500071729D51ECC5833C834CC7FB519AEF3F98
:101D6000F091D38F12F78FBCDA90A4A2AFA4EF3F0B
:101D70007D7423E298AE8DBCF1678E2D48AFEF3FA6
:101D80000820AA41BCC38E3C275A61EE1BBAEF3F24
:101D900032EBA9C3942B843C97BA6B372BC5EF3F2A
:101DA000EE85D131A9648A3C40456E5B76D0EF3F29
:101DB000EDE33BE4BA378EBC14BE9CADFDDBEF3FD8
:101DC0009DCD914D3B89773CD8909E81C1E7EF3FF7
:101DD00089CC6041C105533CF1718F2BC2F3EF3FB9
:101DE0000038FAFE422EE63F3067C79357F32E3D88
:101DF000000000000000E0BF605555555555E5BF97
:101E0000060000000000E03F4E5559999999E93FBE
:101E10007AA429555555E5BFE945489B5B49F2BF72
:101E2000C33F268B2B00F03F0000000000A0F63FD0
:101E3000000000000000000000C8B9F2822CD6BFEC
:101E40008056372824B4FA3C000000000080F63F9A
:101E50000000000000000000000858BFBDD1D5BF41
:101E600020F7E0D808A51CBD000000000060F63F88
:101E70000000000000000000005845177776D5BF2D
:101E80006D50B6D5A46223BD000000000040F63FAF
:101E9000000000000000000000F82D87AD1AD5BF3B
:101EA000D567B09EE484E6BC000000000020F63F49
:101EB0000000000000000000007877955FBED4BFEE
:101EC000E03E2993691B04BD000000000000F63FBE
:101ED000000000000000000000601CC28B61D4BF45
:101EE000CC844C482FD8133D0000000000E0F53FA3
:101EF000000000000000000000A886863004D4BF67
:101F00003A0B82EDF342DC3C0000000000C0F53FDC
:101F10000000000000000000004869554CA6D3BF37
:101F200060945186C6B1203D0000000000A0F53F3E
:101F300000000000000000000080989ADD47D3BF39
:101F40009280C5D44D59253D000000000080F53F2A
:101F500000000000000000000020E1BAE2E8D2BF6B
:101F6000D82BB7991E7B263D000000000060F53F8E
:101F700000000000000000000088DE135A89D2BF74
:101F80003FB0CFB614CA153D000000000060F53F19
:101F900000000000000000000088DE135A89D2BF54
:101FA0003FB0CFB614CA153D000000000040F53F19
:101FB00000000000000000000078CFFB4129D2BFE4
:101FC00076DA5328245A16BD000000000020F53FA1
:101FD0000000000000000000009869C198C8D1BF4F
:101FE0000454E768BCAF1FBD000000000000F53FCF
:101FF000000000000000000000A8ABAB5C67D1BF90
:10200000F0A88233C61F1F3D0000000000E0F43F2F
:1020100000000000000000000048AEF98B05D1BFB1
:10202000665A05FDC4A826BD0000000000C0F43FAC
:102030000000000000000000009073E224A3D0BF65
:102040000E03F47EEE6B0CBD0000000000A0F43F18
:10205000000000000000000000D0B4942540D0BF74
:102060007F2DF49EB836F0BC0000000000A0F43FC5
:10207000000000000000000000D0B4942540D0BF54
:102080007F2DF49EB836F0BC000000000080F43FC5
:10209000000000000000000000405E6D18B9CFBFD6
:1020A000873C99AB2A570D3D000000000060F43FCB
:1020B00000000000000000000060DCCBADF0CEBFEF
:1020C00024AF869CB7262B3D000000000040F43F63
:1020D000000000000000000000F02A6E0727CEBFBD
:1020E00010FF3F544F2F17BD000000000020F43FA9
:1020F000000000000000000000C04F6B215CCDBF5D
:102100001B68CABB91BA213D000000000000F43FEB
:10211000000000000000000000A09AC7F78FCCBFAD
:1021200034849F684F79273D000000000000F43F91
:10213000000000000000000000A09AC7F78FCCBF8D
:1021400034849F684F79273D0000000000E0F33F92
:10215000000000000000000000902D7486C2CBBF7C
:102160008FB78B31B04E193D0000000000C0F33F27
:10217000000000000000000000C0804EC9F3CABF8C
:102180006690CD3F634EBA3C0000000000A0F33FD4
:10219000000000000000000000B0E21FBC23CABF26
:1021A000EAC146DC648C25BD0000000000A0F33FBE
:1021B000000000000000000000B0E21FBC23CABF06
:1021C000EAC146DC648C25BD000000000080F33FBE
:1021D00000000000000000000050F49C5A52C9BFEB
:1021E000E3D4C104D9D12ABD000000000060F33F50
:1021F000000000000000000000D02065A07FC8BFE4
:1022000009FADB7FBFBD2B3D000000000040F33F1B
:10221000000000000000000000E0100289ABC7BF12
:10222000584A537290DB2B3D000000000040F33F02
:10223000000000000000000000E0100289ABC7BFF2
:10224000584A537290DB2B3D000000000020F33F02
:10225000000000000000000000D019E70FD6C6BF44
:1022600066E2B2A36AE410BD000000000000F33F84
:1022700000000000000000000090A77030FFC5BF04
:102280003950109F439E1EBD000000000000F33F28
:1022900000000000000000000090A77030FFC5BFE4
:1022A0003950109F439E1EBD0000000000E0F23F29
:1022B000000000000000000000B0A1E3E526C5BF5B
:1022C0008F5B07908BDE20BD0000000000C0F23F56
:1022D00000000000000000000080CB6C2B4DC4BF4C
:1022E0003C783561C10C173D0000000000C0F23F92
:1022F00000000000000000000080CB6C2B4DC4BF2C
:102300003C783561C10C173D0000000000A0F23F91
:10231000000000000000000000901E20FC71C3BF00
:102320003A54274D8678F13C000000000080F23FCF
:10233000000000000000000000F01FF85295C2BF2E
:1023400008C47117308D24BD000000000060F23F0A
:10235000000000000000000000602FD52AB7C1BFB8
:1023600096A31118A4802EBD000000000060F23F6B
:10237000000000000000000000602FD52AB7C1BF98
:1023800096A31118A4802EBD000000000040F23F6B
:1023900000000000000000000090D07C7ED7C0BF8D
:1023A000F45BE88896690A3D000000000040F23FB7
:1023B00000000000000000000090D07C7ED7C0BF6D
:1023C000F45BE88896690A3D000000000020F23FB7
:1023D000000000000000000000E0DB3191ECBFBF16
:1023E000F233A35C547525BD000000000000F23FED
:1023F000000000000000000000002B6E0727BEBF99
:102400003C00F02A2C342A3D000000000000F23F7E
:10241000000000000000000000002B6E0727BEBF78
:102420003C00F02A2C342A3D0000000000E0F13F7F
:10243000000000000000000000C05B8F545EBCBFC5
:1024400006BE5F58570C1DBD0000000000C0F13FE4
:10245000000000000000000000E04A3A6D92BABFA0
:10246000C8AA5BE83539253D0000000000C0F13FF7
:10247000000000000000000000E04A3A6D92BABF80
:10248000C8AA5BE83539253D0000000000A0F13FF7
:10249000000000000000000000A031D645C3B8BF16
:1024A00068562F4D297C133D0000000000A0F13F2D
:1024B000000000000000000000A031D645C3B8BFF6
:1024C00068562F4D297C133D000000000080F13F2D
:1024D00000000000000000000060E58AD2F0B6BFF6
:1024E000DA7333C9379726BD000000000060F13F62
:1024F00000000000000000000020063F071BB5BFE1
:10250000575EC6615B021F3D000000000060F13FA6
:1025100000000000000000000020063F071BB5BFC0
:10252000575EC6615B021F3D000000000040F13FA6
:10253000000000000000000000E01B96D741B3BF80
:10254000DF13F9CCDA5E2C3D000000000040F13FC3
:10255000000000000000000000E01B96D741B3BF60
:10256000DF13F9CCDA5E2C3D000000000020F13FC3
:1025700000000000000000000080A3EE3665B1BF3F
:1025800009A38F765E7C143D000000000000F13F3F
:102590000000000000000000008011C0300AAFBF42
:1025A000918E36839E592D3D000000000000F13FC2
:1025B0000000000000000000008011C0300AAFBF22
:1025C000918E36839E592D3D0000000000E0F03FC3
:1025D000000000000000000000801971DD42ABBF68
:1025E0004C70D6E57A821C3D0000000000E0F03F10
:1025F000000000000000000000801971DD42ABBF48
:102600004C70D6E57A821C3D0000000000C0F03F0F
:10261000000000000000000000C032F65874A7BFA0
:10262000EEA1F23446FC2CBD0000000000C0F03FDB
:10263000000000000000000000C032F65874A7BF80
:10264000EEA1F23446FC2CBD0000000000A0F03FDB
:10265000000000000000000000C0FEB9879EA3BF7C
:10266000AAFE26F5B702F53C0000000000A0F03FEE
:10267000000000000000000000C0FEB9879EA3BF5C
:10268000AAFE26F5B702F53C000000000080F03FEE
:1026900000000000000000000000780E9B829FBF39
:1026A000E4097E7C268029BD000000000080F03F08
:1026B00000000000000000000000780E9B829FBF19
:1026C000E4097E7C268029BD000000000060F03F08
:1026D00000000000000000000080D5071BB997BF74
:1026E00039A6FA93548D28BD000000000040F03F49
:1026F00000000000000000000000FCB0A8C08FBF78
:102700009CA6D3F67C1EDFBC000000000040F03F1A
:1027100000000000000000000000FCB0A8C08FBF57
:102720009CA6D3F67C1EDFBC000000000020F03F1A
:1027300000000000000000000000106B2AE07FBFD6
:10274000E440DA0D3FE219BD000000000020F03F38
:1027500000000000000000000000106B2AE07FBFB6
:10276000E440DA0D3FE219BD000000000000F03F38
:102770000000000000000000000000000000000059
:102780000000000000000000000000000000F03F1A
:102790000000000000000000000000000000000039
:1027A00000000000000000000000000000C0EF3F3B
:1027B0000000000000000000000089751510803F37
:1027C000E82B9D996BC710BD000000000080EF3F13
:1027D0000000000000000000008093585620903F49
:1027E000D2F7E2065BDC23BD000000000040EF3FB3
:1027F00000000000000000000000C9282549983FA3
:10280000340C5A32BAA02ABD000000000000EF3F8D
:1028100000000000000000000040E7895D41A03F8B
:1028200053D7F15CC011013D0000000000C0EE3F35
:10283000000000000000000000002ED4AE66A43F9F
:1028400028FDBD7573162CBD000000000080EE3F12
:10285000000000000000000000C09F14AA94A83FE0
:102860007D265AD0957919BD000000000040EE3F4A
:10287000000000000000000000C0DDCD73CBAC3FC5
:102880000728D847F2681ABD000000000020EE3F7C
:10289000000000000000000000C006C031EAAE3FAA
:1028A0007B3BC94F3E110EBD0000000000E0ED3F34
:1028B0000000000000000000006046D13B97B13FDF
:1028C0009B9E0D565D3225BD0000000000A0ED3F2F
:1028D000000000000000000000E0D1A7F5BDB33FFC
:1028E000D74EDBA55EC82C3D000000000060ED3F28
:1028F000000000000000000000A0974D5AE9B53F1D
:102900001E1D5D3C06692CBD000000000040ED3F2F
:10291000000000000000000000C0EA0AD300B73F3A
:1029200032ED9DA98D1EEC3C000000000000ED3F43
:1029300000000000000000000040595D5E33B93F18
:10294000DA47BD3A5C11233D0000000000C0EC3FB7
:1029500000000000000000000060AD8DC86ABB3FB1
:10296000E568F72B809013BD0000000000A0EC3F4D
:1029700000000000000000000040BC015888BC3F7F
:10298000D3AC5AC6D146263D000000000060EC3FA3
:10299000000000000000000000200A8339C7BE3F8D
:1029A000E045E6AF68C02DBD000000000040EC3FF0
:1029B000000000000000000000E0DB3991E8BF3FAC
:1029C000FD0AA14FD63425BD000000000000EC3FF9
:1029D000000000000000000000E027828E17C13FC9
:1029E000F2072DCE78EF213D0000000000E0EB3F24
:1029F000000000000000000000F0237E2BAAC13F71
:102A0000349938448EA72C3D0000000000A0EB3F15
:102A100000000000000000000080860C61D1C23F71
:102A2000A1B481CB6C9D033D000000000080EB3F12
:102A30000000000000000000009015B0FC65C33FDE
:102A400089724B23A82FC63C000000000040EB3FDA
:102A5000000000000000000000B033833D91C43F3F
:102A600078B6FD547983253D000000000020EB3F3F
:102A7000000000000000000000B0A1E4E527C53F11
:102A8000C77D69E5E833263D0000000000E0EA3F2D
:102A9000000000000000000000108CBE4E57C63F32
:102AA000782E3C2C8BCF193D0000000000C0EA3F7F
:102AB00000000000000000000070758B12F0C63F9F
:102AC000E1219CE58D1125BD0000000000A0EA3F3A
:102AD0000000000000000000005044858D89C73FC1
:102AE0000543917010661CBD000000000060EA3FC5
:102AF0000000000000000000000039EBAFBEC83F3E
:102B0000D12CE9AA543D07BD000000000040EA3F77
:102B100000000000000000000000F7DC5A5AC93F26
:102B20006FFFA05828F2073D000000000000EA3FB8
:102B3000000000000000000000E08A3CED93CA3F66
:102B400069215650437228BD0000000000E0E93FB3
:102B5000000000000000000000D05B57D831CB3FE0
:102B6000AAE1AC4E8D350CBD0000000000C0E93F6D
:102B7000000000000000000000E03B3887D0CB3FA1
:102B8000B6125459C44B2DBD0000000000A0E93F0F
:102B900000000000000000000010F0C6FB6FCC3FFA
:102BA000D22B96C572ECF1BC000000000060E93F3A
:102BB00000000000000000000090D4B03DB1CD3F07
:102BC00035B015F72AFF2ABD000000000040E93F9C
:102BD00000000000000000000010E7FF0E53CE3F91
:102BE00030F441602712C23C000000000020E93FA1
:102BF00000000000000000000000DDE4ADF5CE3F65
:102C0000118EBB651521CABC000000000000E93F21
:102C1000000000000000000000B0B36C1C99CF3F22
:102C200030DF0CCAECCB1B3D0000000000C0E83FC9
:102C3000000000000000000000584D603871D03FD7
:102C4000914EED16DB9CF83C0000000000A0E83F30
:102C50000000000000000000006061672DC4D03F4C
:102C6000E9EA3C168B18273D000000000080E83F91
:102C7000000000000000000000E827828E17D13F0E
:102C80001CF0A5630E212CBD000000000060E83F91
:102C9000000000000000000000F8ACCB5C6BD13FEE
:102CA0008116A5F7CD9A2B3D000000000040E83FBB
:102CB000000000000000000000685A6399BFD13F87
:102CC000B7BD4751EDA62C3D000000000020E83FB5
:102CD000000000000000000000B80E6D4514D23F57
:102CE000EABA46BADE870A3D0000000000E0E73F8E
:102CF00000000000000000000090DC7CF0BED23F2D
:102D0000F404504AFA9C2A3D0000000000C0E73F4E
:102D100000000000000000000060D3E1F114D33F88
:102D2000B83C21D37AE228BD0000000000A0E73FB4
:102D300000000000000000000010BE76676BD33F6B
:102D4000C877F1B0CD6E113D000000000080E73F74
:102D500000000000000000000030337752C2D33F73
:102D60005CBD06B6543B183D000000000060E73F24
:102D7000000000000000000000E8D523B419D43F93
:102D80009DE090EC36E4083D000000000040E73F85
:102D9000000000000000000000C871C28D71D43F27
:102DA00075D66709CE272FBD000000000020E73F41
:102DB00000000000000000000030179EE0C9D43F72
:102DC000A4D80A1B89202EBD000000000000E73FA8
:102DD000000000000000000000A03807AE22D53F30
:102DE00059C7648170BE2E3D0000000000E0E63F40
:102DF000000000000000000000D0C853F77BD53F62
:102E0000EF405DEEEDAD1F3D0000000000C0E63F6D
:102E10000000000000000000006059DFBDD5D53F74
:102E2000DC65A4082A0B0ABD000000000000008039
:102E3000182D4454FB210940182D4454FB2109C08E
:102E4000182D4454FB21E9BFD221337F7CD90240A5
:102E5000D221337F7CD902C00000000000000000B6
:102E60000000000000000080FB21F93FFB21094029
:102E70007CD91240FB2119407A6A1F407CD922403C
:102E8000BBFD2540FB2129403A462C407A6A2F4061
:102E90005C4731407CD932409C6B3440BBFD3540AF
:102EA000DB8F3740FB2139401BB43A403A463C4067
:102EB0005AD83D407A6A3F404C7E40405C47414092
:102EC0006C1042407CD942408CA243409C6B4440F1
:102ED000AC344540BBFD4540CBC64640DB8F474048
:102EE000EB584840FB21494083F9A200444E6E0054
:102EF000FC291500D1572700DD34F50062DBC00046
:102F00003C999500419043006351FE00BBDEAB004D
:102F1000B761C5003A6E2400D24D42004906E00078
:102F200009EA2E001C92D100EB1DFE0029B11C0005
:102F3000E83EA700F535820044BB2E009CE98400E2
:102F4000B4267000417E5F00D6913900538339006A
:102F50009CF439008B5F840028F9BD00F81F3B000A
:102F6000DEFF97000F980500112FEF000A5A8B0023
:102F70006D1F6D00CF7E360009CB2700464FB7008E
:102F80009E663F002DEA5F00BA277500E5EBC7009B
:102F90003D7BF100F739070092528A00FB6BEA0093
:102FA0001FB15F00085D8D00300356007BFC4600BA
:102FB000F0AB6B0020BCCF0036F49A00E3A91D00F3
:102FC0005E619100081BE60085996500A0145F0012
:102FD0008D40680080D8FF0027734D000606310041
:102FE000CA561500C9A873007BE260006B8CC00054
:102FF000000000000000F03F748515D3B0D9EF3F0A
:103000000F89F96C58B5EF3F515B12D00193EF3F38
:103010007B517D3CB872EF3FAAB968318754EF3FCE
:103020003862756E7A38EF3FE1DE1FF59D1EEF3F87
:1030300015B7310AFE06EF3FCBA93A37A7F1EE3FAD
:103040002234124CA6DEEE3F2D89616008CEEE3FA1
:10305000272A36D5DABFEE3F824F9D562BB4EE3F7E
:10306000295448DD07ABEE3F85553AB07EA4EE3FCC
:10307000CD3B7F669EA0EE3F745FECE8759FEE3F10
:103080008701EB7314A1EE3F13CE4C9989A5EE3F57
:10309000DBA02A42E5ACEE3FE5C5CDB037B7EE3F49
:1030A00090F0A38291C4EE3F5D253EB203D5EE3F82
:1030B000ADD35A999FE8EE3F475EFBF276FFEE3FB5
:1030C0009C5285DD9B19EF3F6990EFDC2037EF3F85
:1030D00087A4FBDC1858EF3F5F9B7B33977CEF3F67
:1030E000DA90A4A2AFA4EF3F40456E5B76D0EF3FED
:1030F000000000000000E8429423914BF86AAC3FC6
:10310000F3C4FA50CEBFCE3FD6520CFF422EE63F5C
:103110000000000000003843FE822B654715474041
:103120009423914BF86ABC3EF3C4FA50CEBF2E3FB5
:10313000D6520CFF422E963FBEF3F879EC61F63F73
:103140001930965BC6FEDEBF3D88AF4AED71F53F94
:10315000A4FCD432680BDBBFB010F0F03995F43F1B
:103160007BB71F0A8B41D7BF8503B8B095C9F33F22
:103170007BCF6D1AE99DD3BFA564880C190DF33F71
:1031800031B6F2F39B1DD0BFA08E0B7B225EF23FC7
:10319000F07A3B1B1D7CC9BF3F341A4A4ABBF13F42
:1031A0009F3CAF93E3F9C2BFBAE58AF05823F13FE1
:1031B0005C8D78BFCB60B9BFA70099413F95F03FC8
:1031C000CE5F47B69D6FAABF000000000000F03F31
:1031D0000000000000000000AC479AFD8C60EE3F4C
:1031E0003DF5249FCA38B33FA06A021FB3A4EC3F49
:1031F000BA913854A976C43FE6FC6A573620EB3FB3
:10320000D2E4C44A0B84CE3F2DAAA163D1C2E93FC8
:103210001C65C6F04506D43FED417803E686E83FDD
:10322000F89F1B2C9C8ED83F624853F5DC67E73F24
:10323000CC7BB14EA4E0DC3F0B6E49C91676D23F81
:103240007AC675A06919D7BFDDBAA76C0AC7DE3F79
:10325000C8F6BE484715E7BF2BB82A654715F73FA4
:1032600000000040FB21F93F000000002D44743EA7
:10327000000000809846F83C0000006051CC783B8C
:1032800000000080831BF0390000004020257A38C0
:10329000000000802282E336000000001DF3693543
:1032A000020000000300000004000000060000000F
:1032B0002C2066756E6374696F6E3A2000617373BB
:1032C000657274696F6E2022257322206661696CB5
:1032D00065643A2066696C6520222573222C206C77
:1032E000696E65202564257325730A00494E4600E2
:1032F000696E66004E414E006E616E0030313233B1
:10330000343536373839414243444546003031324E
:1033100033343536373839616263646566000000DE
:10332000000000001F0000003B0000005A000000E9
:103330007800000097000000B5000000D4000000F5
:10334000F300000011010000300100004E010000F8
:103350001F0000001C0000001F0000001E000000F5
:103360001F0000001E0000001F0000001F000000E2
:103370001E0000001F0000001E0000001F000000D3
:103380001F0000001C0000001F0000001E000000C5
:103390001F0000001E0000001F0000001F000000B2
:1033A0001E0000001F0000001E0000001F000000A3
:1033B0001F0000001D0000001F0000001E00000094
:1033C0001F0000001E0000001F0000001F00000082
:1033D0001E0000001F0000001E0000001F00000073
:1033E000545A00474D54002531315B2D2B302D3977
:1033F000412D5A612D7A5D256E002531315B412DBD
:103400005A612D7A5D256E004D256875256E2E2535
:103410006875256E2E256875256E002F2568752523
:103420006E3A256875256E3A256875256E00496ED9
:1034300066696E697479004E614E005245454E547E
:10344000206D616C6C6F6320737563636565646583
:1034500064002F646174612F6A656E6B696E732FEF
:10346000776F726B73706163652F474E552D746F64
:103470006F6C636861696E2F61726D2D31322F73CD
:1034800072632F6E65776C69622D63796777696EF9
:103490002F6E65776C69622F6C6962632F73746439
:1034A0006C69622F64746F612E630042616C6C6F93
:1034B0006320737563636565646564002F6461747C
:1034C000612F6A656E6B696E732F776F726B7370A5
:1034D0006163652F474E552D746F6F6C636861692A
:1034E0006E2F61726D2D31322F7372632F6E65777F
:1034F0006C69622D63796777696E2F6E65776C6989
:10350000622F6C6962632F7374646C69622F6D70D3
:103510007265632E630000000500000019000000C2
:103520007D000000000000000080E03779C34143C7
:10353000176E05B5B5B89346F5F93FE9034F384D19
:10354000321D30F94877825A3CBF737FDD4F1575C5
:10355000000000000000F03F0000000000002440D8
:1035600000000000000059400000000000408F40B3
:10357000000000000088C34000000000006AF8401E
:103580000000000080842E4100000000D012634142
:103590000000000084D797410000000065CDCD41B8
:1035A000000000205FA00242000000E87648374299
:1035B000000000A2941A6D42000040E59C30A24237
:1035C0000000901EC4BCD64200003426F56B0C43AC
:1035D0000080E03779C3414300A0D8855734764353
:1035E00000C84E676DC1AB43003D9160E458E143B4
:1035F000408CB5781DAF154450EFE2D6E41A4B4429
:1036000092D54D06CFF08044F64AE1C7022DB5446D
:10361000B49DD9794378EA4400202020202020203E
:103620002020282828282820202020202020202072
:103630002020202020202020208810101010101082
:1036400010101010101010101004040404040404CE
:103650000404041010101010101041414141414168
:10366000010101010101010101010101010101014A
:10367000010101011010101010104242424242425A
:10368000020202020202020202020202020202021A
:1036900002020202101010102000000000000000C2
:1036A000000000000000000000000000000000001A
:1036B000000000000000000000000000000000000A
:1036C00000000000000000000000000000000000FA
:1036D00000000000000000000000000000000000EA
:1036E00000000000000000000000000000000000DA
:1036F00000000000000000000000000000000000CA
:1037000000000000000000000000000000000000B9
:10371000000000000000000000232D302B20006876
:103720006C4C00656667454647004300504F53495F
:1037300058002E00412D46612D6638393031323324
:10374000343536375D002B2D0030300078580000BE
:08375000FA92FF7F0100000066
:04375800994D04087B
:04375C00714D04089F
:103760000A000000B01901240090D0030090D0039B
:10377000F0F0F0F001000000100000000000000078
:103780007B14AE47E17A743F050000000000211071
:10379000422063308440A550C660E77008812991BB
:1037A0004AA16BB18CC1ADD1CEE1EFF13112100263
:1037B00073325222B5529442F772D662399318830B
:1037C0007BB35AA3BDD39CC3FFF3DEE3622443342F
:1037D00020040114E664C774A44485546AA54BB55B
:1037E00028850995EEE5CFF5ACC58DD55336722603
:1037F00011163006D776F6669556B4465BB77AA7AB
:1038000019973887DFF7FEE79DD7BCC7C448E5584E
:103810008668A7784008611802282338CCC9EDD9FA
:103820008EE9AFF9488969990AA92BB9F55AD44AA2
:10383000B77A966A711A500A333A122AFDDBDCCB4A
:10384000BFFB9EEB799B588B3BBB1AABA66C877C6E
:10385000E44CC55C222C033C600C411CAEED8FFD9A
:10386000ECCDCDDD2AAD0BBD688D499D977EB66E42
:10387000D55EF44E133E322E511E700E9FFFBEEFEA
:10388000DDDFFCCF1BBF3AAF599F788F8891A981AC
:10389000CAB1EBA10CD12DC14EF16FE18010A10096
:1038A000C230E3200450254046706760B983989386
:1038B000FBA3DAB33DC31CD37FE35EF3B1029012E6
:1038C000F322D2323542145277625672EAB5CBA552
:1038D000A89589856EF54FE52CD50DC5E234C32436
:1038E000A01481046674476424540544DBA7FAB726
:1038F0009987B8975FE77EF71DC73CD7D326F23686
:103900009106B01657667676154634564CD96DC971
:103910000EF92FE9C899E9898AB9ABA944586548D5
:1039200006782768C018E1088238A3287DCB5CDBC5
:103930003FEB1EFBF98BD89BBBAB9ABB754A545A25
:10394000376A167AF10AD01AB32A923A2EFD0FED91
:103950006CDD4DCDAABD8BADE89DC98D267C076C75
:10396000645C454CA23C832CE01CC10C1FEF3EFF65
:103970005DCF7CDF9BAFBABFD98FF89F176E367EC5
:10398000554E745E932EB23ED10EF01E00070E0906
:103990001C1B1215383F363124232A2D70777E796F
:1039A0006C6B6265484F464154535A5DE0E7EEE95F
:1039B000FCFBF2F5D8DFD6D1C4C3CACD90979E994F
:1039C0008C8B8285A8AFA6A1B4B3BABDC7C0C9CE3F
:1039D000DBDCD5D2FFF8F1F6E3E4EDEAB7B0B9BE2F
:1039E000ABACA5A28F88818693949D9A2720292E1F
:1039F0003B3C35321F18111603040D0A5750595E0F
:103A00004B4C45426F68616673747D7A898E8780FE
:103A100095929B9CB1B6BFB8ADAAA3A4F9FEF7F0EE
:103A2000E5E2EBECC1C6CFC8DDDAD3D4696E6760DE
:103A300075727B7C51565F584D4A4344191E1710CE
:103A400005020B0C21262F283D3A33344E494047BE
:103A500052555C5B7671787F6A6D64633E393037AE
:103A600022252C2B0601080F1A1D1413AEA9A0A79E
:103A7000B2B5BCBB9691989F8A8D8483DED9D0D78E
:103A8000C2C5CCCBE6E1E8EFFAFDF4F32C28022422
:103A90006D736E50616F4944010000002C280224B0
:103AA0006D736E4775614944010000002C280224A3
:103AB0006D736E4772704944010000002C28022487
:103AC0006D736E4465764944010000002C28022481
:103AD0006D736E4C65616400010000002C280224A7
:103AE0006175746F53746570010000002C28022406
:103AF0007061796C6F647470010000002C280224DE
:103B000057505F6375720000010000002C280224EA
:103B10007461724C6F6E0000040000002C280224B7
:103B20007461724C61740000040000002C280224AF
:103B3000746172416C740000020000002C280224A1
:103B40006D736E436F6D6D31010000002C280224EF
:103B50006D736E436F6D6D3201000000902E022474
:103B6000696D75577800000004000000902E022453
:103B7000696D75577900000004000000902E022442
:103B8000696D75577A00000004000000902E022431
:103B9000696D75417800000004000000902E022439
:103BA000696D75417900000004000000902E022428
:103BB000696D75417A00000004000000902E022417
:103BC0006770734C6F6E000004000000902E02249A
:103BD0006770734C6174000004000000902E022492
:103BE000677073416C74000002000000902E022484
:103BF000677073566E00000002000000902E0224D1
:103C0000677073567300000002000000902E0224BB
:103C1000677073566500000002000000902E0224B9
:103C2000677073596561720001000000902E0224D4
:103C30006770734D6F6E746801000000902E02244F
:103C4000677073446179000001000000902E022427
:103C5000677073486F75720001000000902E022497
:103C60006770734D696E697401000000902E022424
:103C7000677073536563000001000000902E0224FA
:103C80006770734D5365630001000000902E02249D
:103C9000646972456666656301000000902E022427
:103CA000677073446972000002000000902E0224C5
:103CB0006770735363436E7401000000902E0224FA
:103CC0006E61764C6F6E000004000000902E02249E
:103CD0006E61764C6174000004000000902E022496
:103CE0006E6176486967680004000000902E022427
:103CF0006E6176566E00000002000000902E0224D5
:103D00006E6176567300000002000000902E0224BF
:103D10006E6176566500000002000000902E0224BD
:103D20006E6176506974636802000000902E022470
:103D30006E6176446972000002000000902E022439
:103D40006E6176526F6C6C0002000000902E0224AF
:103D50006E6176537461746501000000D401022421
:103D60006E6176580000000004000000D4010224B7
:103D70006E6176590000000004000000D4010224A6
:103D80006E61765A0000000004000000D401022495
:103D90006E6176567800000002000000D401022413
:103DA0006E6176567900000002000000D401022402
:103DB0006E6176567A00000002000000641B022447
:103DC000416972507265737302000000641B022423
:103DD000416972537064000002000000641B0224F9
:103DE000477264537064000002000000641B0224E8
:103DF000416972486967680002000000641B022480
:103E0000736571556D62000001000000641B02249F
:103E100073657144726F700001000000641B02241E
:103E2000736571536163310001000000641B02245B
:103E3000736571536163320001000000D4010224F4
:103E4000616472635F4D780002000000D4010224B7
:103E5000456E67696E65527002000000D40102244D
:103E600067616D61436D640002000000D4010224AB
:103E70007468657461436D6402000000D40102241B
:103E80006E7963436D64000002000000D4010224D7
:103E900068696768436D640004000000D40102246F
:103EA00061635F644C00000004000000D401022440
:103EB00061635F645A00000002000000D401022424
:103EC000746F6B656E6C6F6E01000000D40102248C
:103ED000746F6B656E6C617401000000D401022484
:103EE00061635F645200000002000000D4010224FC
:103EF000746865746176000002000000D401022439
:103F000056636D640000000002000000D40102242A
:103F10006E79436D6400000002000000D4010224A9
:103F20006E7A436D6400000002000000D401022498
:103F30004462734C656E000004000000D40102244A
:103F4000414452430000000002000000D40102245A
:103F50007363744D6F4C640001000000D4010224AF
:103F6000736374436865636B01000000D40102242D
:103F70007363744C6F636B0001000000D401022472
:103F8000736374506974636802000000D4010224F2
:103F9000736374596177000002000000D4010224A9
:103FA000765069746368537002000000D4010224E3
:103FB000765961775370000002000000D40102249A
:103FC000665069746368537002000000D4010224D3
:103FD000665961775370000002000000D40102248A
:103FE0007069746368436D6402000000D4010224A8
:103FF000726F6C6C436D640002000000D4010224F7
:10400000796177436D64000002000000D40102244E
:1040100064526E000000000002000000D40102247F
:10402000645275000000000002000000D401022468
:10403000645265000000000002000000D401022468
:10404000506974636850726502000000D401022454
:104050005961775072650000020000009C0E022436
:10406000537231436D640000020000009C0E022474
:10407000537232436D640000020000009C0E022463
:10408000537233436D640000020000009C0E022452
:10409000537234436D640000020000009C0E022441
:1040A000537235436D640000020000009C0E022430
:1040B000537236436D640000020000009C0E02241F
:1040C0005372315265616400020000009C0E0224AC
:1040D0005372325265616400020000009C0E02249B
:1040E0005372335265616400020000009C0E02248A
:1040F0005372345265616400020000009C0E022479
:104100005372355265616400020000009C0E022467
:10411000537236526561640002000000641B022481
:10412000526563764C756E6301000000641B0224C7
:104130007374617274466C7901000000641B022480
:104140006C75616E4D6F646501000000641B022494
:104150006C756E6354696D6504000000641B022475
:10416000636F6D6D4E61760001000000641B0224D8
:10417000636F6D6D4563750001000000641B0224D0
:10418000636F6D6D4261747401000000641B022452
:10419000636F6D6D5077720001000000641B022494
:1041A000636F6D6D496D750001000000641B022492
:1041B000636F6D6D53636F7401000000641B022414
:1041C000636F6D6D5372760001000000641B022462
:1041D000636F6D6D4675736501000000641B0224FA
:1041E0007463436D6400000001000000D4010224E8
:1041F000446174614C6F6E0004000000D40102241D
:10420000446174614C61740004000000D401022414
:10421000446174614869676802000000D4010224A7
:10422000446174614469720002000000641B02244E
:10423000736453746174650001000000641B022400
:1042400073636F757431000002000000641B022468
:1042500073636F757432000002000000641B022457
:1042600073636F757433000002000000641B022446
:1042700073636F757434000002000000641B022435
:10428000667573654D6F646501000000641B022450
:10429000667573653234560001000000641B022409
:1042A000667573654163747601000000641B022427
:1042B000667573654249540001000000641B0224C6
:1042C000667573653556000002000000641B022409
:1042D000667573657566000002000000641B0224A9
:1042E0006675736554656D7002000000641B0224DE
:1042F000667573656178000004000000641B022489
:10430000667573656179000004000000641B022477
:1043100066757365617A000004000000641B022466
:1043200063707554656D700002000000641B022408
:1043300063707554656D7032020000000015022430
:104340006D637554656D7000020000000015022455
:1043500042617474323856000200000000150224D5
:1043600042617474323841000200000000150224DA
:1043700056436F6D62696E00020000000015022452
:1043800041436F6D62696E00020000000015022457
:104390005646697265000000020000000015022404
:1043A00041666972650000000200000000150224E9
:1043B000507772436D640000010000000015022474
:1043C00046697265436D6400010000000015022417
:1043D00070777254656D70000200000070FB01245C
:1043E0006E617657780000000400000070FB012425
:1043F0006E617657790000000400000070FB012414
:104400006E6176577A0000000400000070FB012402
:104410006E617641780000000400000070FB01240A
:104420006E617641790000000400000070FB0124F9
:104430006E6176417A0000000400000070FB0124E8
:104440006E617657783200000400000070FB012492
:104450006E617657793200000400000070FB012481
:104460006E6176577A3200000400000070FB012470
:104470006E617641783200000400000070FB012478
:104480006E617641793200000400000070FB012467
:104490006E6176417A3200000400000070FB012456
:1044A0006770734D6F6400000100000070FB012411
:1044B0006770734C6F6E00000400000070FB0124F5
:1044C0006770734C617400000400000070FB0124ED
:1044D00067707348696768000200000070FB012480
:1044E000677073566E0000000200000070FB01242C
:1044F00067707356730000000200000070FB012417
:1045000067707356650000000200000070FB012414
:1045100067707350646F70000200000070FB01242C
:10452000677073556C6F61640100000070FB0124BB
:1045300067707359656172000100000070FB01240F
:104540006770734D6F6E74680100000070FB01248A
:1045500067707344617900000100000070FB012462
:10456000677073486F7572000100000070FB0124D2
:104570006770734D696E69740100000070FB01245F
:1045800067707353656300000100000070FB012435
:104590006770734D730000000200000070FB01247F
:1045A000677073547261636B0200000070FB01243A
:1045B00067707344697200000200000070FB012400
:1045C0006770734469724F4B0100000070FB012457
:1045D0006770734C6F436E740100000070FB012420
:1045E0006770734C6F4D61730100000070FB012414
:1045F0006770734C6F536C610100000070FB012405
:104600006E61764C6F6E00000400000070FB0124A8
:104610006E61764C617400000400000070FB0124A0
:104620006E617648696768000400000070FB012431
:104630006E6176566E0000000200000070FB0124DF
:104640006E617656730000000200000070FB0124CA
:104650006E617656650000000200000070FB0124C8
:104660006E617650697463680200000070FB01247B
:104670006E6176526F6C6C000200000070FB0124CA
:104680006E617644697200000200000070FB012434
:104690006E6176537461746501000000641B02242E
:1046A000656E67536574527002000000641B02243B
:1046B000656375536574527002000000641B022428
:1046C000656375476574527002000000641B022424
:1046D00065637554656D700002000000641B022460
:1046E000656375323456000002000000641B02242A
:1046F000656375323441000002000000641B02242F
:10470000656375537461746501000000641B0224C5
:104710006563754572726F7201000000641B0224AC
:104720006675656C5261746502000000641B0224AA
:10473000666C794572726F72010000009C0E022453
:104740005372314100000000020000009C0E022460
:104750005372324100000000020000009C0E02244F
:104760005372334100000000020000009C0E02243E
:104770005372344100000000020000009C0E02242D
:104780005372354100000000020000009C0E02241C
:1047900053723641000000000200000001000000DA
:1047A00098BADCFE000000000000000000000000DD
:1047B00000000000000100000000000000000000F8
:1047C00000000000000000000000000000000000E9
:1047D00000000000000000000000000000000000D9
:1047E00000000000000000000000000000000000C9
:1047F00000000000000000000000000000000000B9
:1048000000000000000000000000000000000000A8
:104810000000000000000000000000000000000098
:104820000000000000000000000000000000000088
:1048300000000000000000000000000098BADCFE4C
:1048400001000000008000000000000000000000E7
:104850000001000000000000000000000000000057
:104860000000000000000000000000000000000048
:104870000000000000000000000000000000000038
:104880000000000000000000000000000000000028
:104890000000000000000000000000000000000018
:1048A0000000000000000000000000000000000008
:1048B00000000000000000000000000000000000F8
:1048C00000000000000000000000000000000000E8
:1048D000000000000000000098BADCFE02000000AA
:1048E00000000100000000000000000000010000C6
:1048F00000000000000000000000000000000000B8
:1049000000000000000000000000000000000000A7
:104910000000000000000000000000000000000097
:104920000000000000000000000000000000000087
:104930000000000000000000000000000000000077
:104940000000000000000000000000000000000067
:104950000000000000000000000000000000000057
:104960000000000000000000000000000000000047
:104970000000000098BADCFE030000000080010087
:104980000000000000000000000100000000000026
:104990000000000000000000000000000000000017
:1049A0000000000000000000000000000000000007
:1049B00000000000000000000000000000000000F7
:1049C00000000000000000000000000000000000E7
:1049D00000000000000000000000000000000000D7
:1049E00000000000000000000000000000000000C7
:1049F00000000000000000000000000000000000B7
:104A000000000000000000000000000000000000A6
:104A100098BADCFE04000000000002000000000064
:104A20000000000000010000000000000000000085
:104A30000000000000000000000000000000000076
:104A40000000000000000000000000000000000066
:104A50000000000000000000000000000000000056
:104A60000000000000000000000000000000000046
:104A70000000000000000000000000000000000036
:104A80000000000000000000000000000000000026
:104A90000000000000000000000000000000000016
:104AA00000000000000000000000000098BADCFEDA
:104AB000050000000080020000000000000000006F
:104AC00000010000000000000000000000000000E5
:104AD00000000000000000000000000000000000D6
:104AE00000000000000000000000000000000000C6
:104AF00000000000000000000000000000000000B6
:104B000000000000000000000000000000000000A5
:104B10000000000000000000000000000000000095
:104B20000000000000000000000000000000000085
:104B30000000000000000000000000000000000075
:104B4000000000000000000098BADCFEB000000089
:104B50000000030000000000000000000001000051
:104B60000000000000000000000000000000000045
:104B70000000000000000000000000000000000035
:104B80000000000000000000000000000000000025
:104B90000000000000000000000000000000000015
:104BA0000000000000000000000000000000000005
:104BB00000000000000000000000000000000000F5
:104BC00000000000000000000000000000000000E5
:104BD00000000000000000000000000000000000D5
:104BE000000000002200000005000000010000009D
:104BF0002800030306000000020000002800030351
:104C00000700000004000000280003030800000063
:104C10000800000028000303090000001000000045
:104C20002800030300000000000000000000000056
:104C30000020000000800000544D446174612E6427
:104C4000617400000046697265412E63737600004E
:104C500000004750532E6373760000000000004DA3
:104C6000656D732E63737600000000006E61765AE6
:104C70002E6373760000000000544D466C6967682F
:104C8000742E6461740000000AD7A33B0000803ECC
:104C900001010101010101010000A04000002041CB
:104CA0000200000074AC052460AD0524010101FF81
:104CB000FF00000000000000030000008CE4052459
:104CC000E3330808E33308086C19002000000000F3
:104CD0008CE40524F4E405245CE5052400000000D0
:104CE00000000000000000000000000000000000C4
:104CF00000000000000000000000000000000000B4
:104D000000000000000000000000000000000000A3
:104D10000000000000000000010000000000000092
:104D20004A00000000000000000000000000000039
:104D30000000000000000000000000000000000073
:104D400000000000000000004A0000000000000019
:104D50000000000000000000000000000000000053
:104D60000000000000000000000000000000000043
:104D700043000000000000000000000000000000F0
:104D80000000000000000000000000000000000023
:104D900043000000000000000000000000000000D0
:104DA0000000000000000000000000000000000003
:104DB00043000000000000000000000000000000B0
:104DC00000000000000000000000000000000000E3
:104DD0004300000000000000000000000000000090
:104DE00000000000000000000000000000000000C3
:104DF0004300000000000000000000000000000070
:104E000000000000000000000000000000000000A2
:104E1000430000000000000000000000000000004F
:104E20000000000000000000000000000000000082
:104E3000430000000000000000000000000000002F
:104E40000000000000000000000000000000000062
:104E5000C5EB070845EB07080000000018360808F6
:104E600032370808EB320808EB320808EB32080842
:104E7000EB320808EB320808EB320808EB3208087E
:104E8000EB320808EB320808FFFFFFFFFFFFFFFFD0
:104E9000FFFFFFFFFFFF00000100415343494900AE
:104EA0000000000000000000000000000000000002
:104EB0000000000000000000000041534349490089
:104EC00000000000000000000000000000000000E2
:0C4ED000000000000000000000000000D6
:104EDC0000000000000000000000000000000000C6
:104EEC0000000000000000000000000000000000B6
:104EFC0000000000000000000000000000000000A6
:104F0C000000000000000000000000000000000095
:104F1C000000000000000000000000000000000085
:104F2C000000000000000000000000000000000075
:104F3C000000000000000000000000000000000065
:104F4C000000000000000000000000000000000055
:104F5C000000000000000000000000000000000045
:104F6C000000000000000000000000000000000035
:104F7C000000000000000000000000000000000025
:104F8C000000000000000000000000000000000015
:104F9C000000000000000000000000000000000005
:104FAC0000000000000000000000000000000000F5
:104FBC0000000000000000000000000000000000E5
:104FCC0000000000000000000000000000000000D5
:104FDC0000000000000000000000000000000000C5
:104FEC0000000000000000000000000000000000B5
:104FFC0000000000000000000000000000000000A5
:10500C000000000000000000000000000000000094
:10501C000000000000000000000000000000000084
:10502C000000000000000000000000000000000074
:10503C000000000000000000000000000000000064
:10504C000000000000000000000000000000000054
:10505C000000000000000000000000000000000044
:10506C000000000000000000000000000000000034
:10507C000000000000000000000000000000000024
:10508C000000000000000000000000000000000014
:10509C000000000000000000000000000000000004
:1050AC0000000000000000000000000000000000F4
:1050BC0000000000000000000000000000000000E4
:1050CC0000000000000000000000000000000000D4
:1050DC0000000000000000000000000000000000C4
:1050EC0000000000000000000000000000000000B4
:1050FC0000000000000000000000000000000000A4
:10510C000000000000000000000000000000000093
:10511C000000000000000000000000000000000083
:10512C000000000000000000000000000000000073
:10513C000000000000000000000000000000000063
:10514C000000000000000000000000000000000053
:10515C000000000000000000000000000000000043
:10516C000000000000000000000000000000000033
:10517C000000000000000000000000000000000023
:10518C000000000000000000000000000000000013
:10519C000000000000000000000000000000000003
:1051AC0000000000000000000000000000000000F3
:1051BC0000000000000000000000000000000000E3
:1051CC0000000000000000000000000000000000D3
:1051DC0000000000000000000000000000000000C3
:1051EC0000000000000000000000000000000000B3
:1051FC0000000000000000000000000000000000A3
:10520C000000000000000000000000000000000092
:10521C000000000000000000000000000000000082
:10522C000000000000000000000000000000000072
:10523C000000000000000000000000000000000062
:10524C000000000000000000000000000000000052
:10525C000000000000000000000000000000000042
:10526C000000000000000000000000000000000032
:10527C000000000000000000000000000000000022
:10528C000000000000000000000000000000000012
:10529C000000000000000000000000000000000002
:1052AC0000000000000000000000000000000000F2
:1052BC0000000000000000000000000000000000E2
:1052CC0000000000000000000000000000000000D2
:1052DC0000000000000000000000000000000000C2
:1052EC0000000000000000000000000000000000B2
:1052FC0000000000000000000000000000000000A2
:10530C000000000000000000000000000000000091
:10531C000000000000000000000000000000000081
:10532C000000000000000000000000000000000071
:10533C000000000000000000000000000000000061
:10534C000000000000000000000000000000000051
:10535C000000000000000000000000000000000041
:10536C000000000000000000000000000000000031
:10537C000000000000000000000000000000000021
:10538C000000000000000000000000000000000011
:10539C000000000000000000000000000000000001
:1053AC0000000000000000000000000000000000F1
:1053BC0000000000000000000000000000000000E1
:1053CC0000000000000000000000000000000000D1
:1053DC0000000000000000000000000000000000C1
:1053EC0000000000000000000000000000000000B1
:1053FC0000000000000000000000000000000000A1
:10540C000000000000000000000000000000000090
:10541C000000000000000000000000000000000080
:10542C000000000000000000000000000000000070
:10543C000000000000000000000000000000000060
:10544C000000000000000000000000000000000050
:10545C000000000000000000000000000000000040
:10546C000000000000000000000000000000000030
:10547C000000000000000000000000000000000020
:10548C000000000000000000000000000000000010
:10549C000000000000000000000000000000000000
:1054AC0000000000000000000000000000000000F0
:1054BC0000000000000000000000000000000000E0
:1054CC0000000000000000000000000000000000D0
:1054DC0000000000000000000000000000000000C0
:1054EC0000000000000000000000000000000000B0
:1054FC0000000000000000000000000000000000A0
:10550C00000000000000000000000000000000008F
:10551C00000000000000000000000000000000007F
:10552C00000000000000000000000000000000006F
:10553C00000000000000000000000000000000005F
:10554C00000000000000000000000000000000004F
:10555C00000000000000000000000000000000003F
:10556C00000000000000000000000000000000002F
:10557C00000000000000000000000000000000001F
:10558C00000000000000000000000000000000000F
:10559C0000000000000000000000000000000000FF
:1055AC0000000000000000000000000000000000EF
:1055BC0000000000000000000000000000000000DF
:1055CC0000000000000000000000000000000000CF
:1055DC0000000000000000000000000000000000BF
:1055EC0000000000000000000000000000000000AF
:1055FC00000000000000000000000000000000009F
:10560C00000000000000000000000000000000008E
:10561C00000000000000000000000000000000007E
:10562C00000000000000000000000000000000006E
:10563C00000000000000000000000000000000005E
:10564C00000000000000000000000000000000004E
:10565C00000000000000000000000000000000003E
:10566C00000000000000000000000000000000002E
:10567C00000000000000000000000000000000001E
:10568C00000000000000000000000000000000000E
:10569C0000000000000000000000000000000000FE
:1056AC0000000000000000000000000000000000EE
:1056BC0000000000000000000000000000000000DE
:1056CC0000000000000000000000000000000000CE
:1056DC0000000000000000000000000000000000BE
:1056EC0000000000000000000000000000000000AE
:1056FC00000000000000000000000000000000009E
:10570C00000000000000000000000000000000008D
:10571C00000000000000000000000000000000007D
:10572C00000000000000000000000000000000006D
:10573C00000000000000000000000000000000005D
:10574C00000000000000000000000000000000004D
:10575C00000000000000000000000000000000003D
:10576C00000000000000000000000000000000002D
:10577C00000000000000000000000000000000001D
:10578C00000000000000000000000000000000000D
:10579C0000000000000000000000000000000000FD
:1057AC0000000000000000000000000000000000ED
:1057BC0000000000000000000000000000000000DD
:1057CC0000000000000000000000000000000000CD
:1057DC0000000000000000000000000000000000BD
:1057EC0000000000000000000000000000000000AD
:1057FC00000000000000000000000000000000009D
:10580C00000000000000000000000000000000008C
:10581C00000000000000000000000000000000007C
:10582C00000000000000000000000000000000006C
:10583C00000000000000000000000000000000005C
:10584C00000000000000000000000000000000004C
:10585C00000000000000000000000000000000003C
:10586C00000000000000000000000000000000002C
:10587C00000000000000000000000000000000001C
:10588C00000000000000000000000000000000000C
:10589C0000000000000000000000000000000000FC
:1058AC0000000000000000000000000000000000EC
:1058BC0000000000000000000000000000000000DC
:1058CC0000000000000000000000000000000000CC
:1058DC0000000000000000000000000000000000BC
:1058EC0000000000000000000000000000000000AC
:1058FC00000000000000000000000000000000009C
:10590C00000000000000000000000000000000008B
:10591C00000000000000000000000000000000007B
:10592C00000000000000000000000000000000006B
:10593C00000000000000000000000000000000005B
:10594C00000000000000000000000000000000004B
:10595C00000000000000000000000000000000003B
:10596C00000000000000000000000000000000002B
:10597C00000000000000000000000000000000001B
:10598C00000000000000000000000000000000000B
:10599C0000000000000000000000000000000000FB
:1059AC0000000000000000000000000000000000EB
:1059BC0000000000000000000000000000000000DB
:1059CC0000000000000000000000000000000000CB
:1059DC0000000000000000000000000000000000BB
:1059EC0000000000000000000000000000000000AB
:1059FC00000000000000000000000000000000009B
:105A0C00000000000000000000000000000000008A
:105A1C00000000000000000000000000000000007A
:105A2C00000000000000000000000000000000006A
:105A3C00000000000000000000000000000000005A
:105A4C00000000000000000000000000000000004A
:105A5C00000000000000000000000000000000003A
:105A6C00000000000000000000000000000000002A
:105A7C00000000000000000000000000000000001A
:105A8C00000000000000000000000000000000000A
:105A9C0000000000000000000000000000000000FA
:105AAC0000000000000000000000000000000000EA
:105ABC0000000000000000000000000000000000DA
:105ACC0000000000000000000000000000000000CA
:105ADC0000000000000000000000000000000000BA
:105AEC0000000000000000000000000000000000AA
:105AFC00000000000000000000000000000000009A
:105B0C000000000000000000000000000000000089
:105B1C000000000000000000000000000000000079
:105B2C000000000000000000000000000000000069
:105B3C000000000000000000000000000000000059
:105B4C000000000000000000000000000000000049
:105B5C000000000000000000000000000000000039
:105B6C000000000000000000000000000000000029
:105B7C000000000000000000000000000000000019
:105B8C000000000000000000000000000000000009
:105B9C0000000000000000000000000000000000F9
:105BAC0000000000000000000000000000000000E9
:105BBC0000000000000000000000000000000000D9
:105BCC0000000000000000000000000000000000C9
:105BDC0000000000000000000000000000000000B9
:105BEC0000000000000000000000000000000000A9
:105BFC000000000000000000000000000000000099
:105C0C000000000000000000000000000000000088
:105C1C000000000000000000000000000000000078
:105C2C000000000000000000000000000000000068
:105C3C000000000000000000000000000000000058
:105C4C000000000000000000000000000000000048
:105C5C000000000000000000000000000000000038
:105C6C000000000000000000000000000000000028
:105C7C000000000000000000000000000000000018
:105C8C000000000000000000000000000000000008
:105C9C0000000000000000000000000000000000F8
:105CAC0000000000000000000000000000000000E8
:105CBC0000000000000000000000000000000000D8
:105CCC0000000000000000000000000000000000C8
:105CDC0000000000000000000000000000000000B8
:105CEC0000000000000000000000000000000000A8
:105CFC000000000000000000000000000000000098
:105D0C000000000000000000000000000000000087
:105D1C000000000000000000000000000000000077
:105D2C000000000000000000000000000000000067
:105D3C000000000000000000000000000000000057
:105D4C000000000000000000000000000000000047
:105D5C000000000000000000000000000000000037
:105D6C000000000000000000000000000000000027
:105D7C000000000000000000000000000000000017
:105D8C000000000000000000000000000000000007
:105D9C0000000000000000000000000000000000F7
:105DAC0000000000000000000000000000000000E7
:105DBC0000000000000000000000000000000000D7
:105DCC0000000000000000000000000000000000C7
:105DDC0000000000000000000000000000000000B7
:105DEC0000000000000000000000000000000000A7
:105DFC000000000000000000000000000000000097
:105E0C000000000000000000000000000000000086
:105E1C000000000000000000000000000000000076
:105E2C000000000000000000000000000000000066
:105E3C000000000000000000000000000000000056
:105E4C000000000000000000000000000000000046
:105E5C000000000000000000000000000000000036
:105E6C000000000000000000000000000000000026
:105E7C000000000000000000000000000000000016
:105E8C000000000000000000000000000000000006
:105E9C0000000000000000000000000000000000F6
:105EAC0000000000000000000000000000000000E6
:105EBC0000000000000000000000000000000000D6
:105ECC0000000000000000000000000000000000C6
:105EDC0000000000000000000000000000000000B6
:105EEC0000000000000000000000000000000000A6
:105EFC000000000000000000000000000000000096
:105F0C000000000000000000000000000000000085
:105F1C000000000000000000000000000000000075
:105F2C000000000000000000000000000000000065
:105F3C000000000000000000000000000000000055
:105F4C000000000000000000000000000000000045
:105F5C000000000000000000000000000000000035
:105F6C000000000000000000000000000000000025
:105F7C000000000000000000000000000000000015
:105F8C000000000000000000000000000000000005
:105F9C0000000000000000000000000000000000F5
:105FAC0000000000000000000000000000000000E5
:105FBC0000000000000000000000000000000000D5
:105FCC0000000000000000000000000000000000C5
:105FDC0000000000000000000000000000000000B5
:105FEC0000000000000000000000000000000000A5
:105FFC000000000000000000000000000000000095
:10600C000000000000000000000000000000000084
:10601C000000000000000000000000000000000074
:10602C000000000000000000000000000000000064
:10603C000000000000000000000000000000000054
:10604C000000000000000000000000000000000044
:10605C000000000000000000000000000000000034
:10606C000000000000000000000000000000000024
:10607C000000000000000000000000000000000014
:10608C000000000000000000000000000000000004
:10609C0000000000000000000000000000000000F4
:1060AC0000000000000000000000000000000000E4
:1060BC0000000000000000000000000000000000D4
:1060CC0000000000000000000000000000000000C4
:1060DC0000000000000000000000000000000000B4
:1060EC0000000000000000000000000000000000A4
:1060FC000000000000000000000000000000000094
:10610C000000000000000000000000000000000083
:10611C000000000000000000000000000000000073
:10612C000000000000000000000000000000000063
:10613C000000000000000000000000000000000053
:10614C000000000000000000000000000000000043
:10615C000000000000000000000000000000000033
:10616C000000000000000000000000000000000023
:10617C000000000000000000000000000000000013
:10618C000000000000000000000000000000000003
:10619C0000000000000000000000000000000000F3
:1061AC0000000000000000000000000000000000E3
:1061BC0000000000000000000000000000000000D3
:1061CC0000000000000000000000000000000000C3
:1061DC0000000000000000000000000000000000B3
:1061EC0000000000000000000000000000000000A3
:1061FC000000000000000000000000000000000093
:10620C000000000000000000000000000000000082
:10621C000000000000000000000000000000000072
:10622C000000000000000000000000000000000062
:10623C000000000000000000000000000000000052
:10624C000000000000000000000000000000000042
:10625C000000000000000000000000000000000032
:10626C000000000000000000000000000000000022
:10627C000000000000000000000000000000000012
:10628C000000000000000000000000000000000002
:10629C0000000000000000000000000000000000F2
:1062AC0000000000000000000000000000000000E2
:1062BC0000000000000000000000000000000000D2
:1062CC0000000000000000000000000000000000C2
:1062DC0000000000000000000000000000000000B2
:1062EC0000000000000000000000000000000000A2
:1062FC000000000000000000000000000000000092
:10630C000000000000000000000000000000000081
:10631C000000000000000000000000000000000071
:10632C000000000000000000000000000000000061
:10633C000000000000000000000000000000000051
:10634C000000000000000000000000000000000041
:10635C000000000000000000000000000000000031
:10636C000000000000000000000000000000000021
:10637C000000000000000000000000000000000011
:10638C000000000000000000000000000000000001
:10639C0000000000000000000000000000000000F1
:1063AC0000000000000000000000000000000000E1
:1063BC0000000000000000000000000000000000D1
:1063CC0000000000000000000000000000000000C1
:1063DC0000000000000000000000000000000000B1
:1063EC0000000000000000000000000000000000A1
:1063FC000000000000000000000000000000000091
:10640C000000000000000000000000000000000080
:10641C000000000000000000000000000000000070
:10642C000000000000000000000000000000000060
:10643C000000000000000000000000000000000050
:10644C000000000000000000000000000000000040
:10645C000000000000000000000000000000000030
:10646C000000000000000000000000000000000020
:10647C000000000000000000000000000000000010
:10648C000000000000000000000000000000000000
:10649C0000000000000000000000000000000000F0
:1064AC0000000000000000000000000000000000E0
:1064BC0000000000000000000000000000000000D0
:1064CC0000000000000000000000000000000000C0
:1064DC0000000000000000000000000000000000B0
:1064EC0000000000000000000000000000000000A0
:1064FC000000000000000000000000000000000090
:10650C00000000000000000000000000000000007F
:10651C00000000000000000000000000000000006F
:10652C00000000000000000000000000000000005F
:10653C00000000000000000000000000000000004F
:10654C00000000000000000000000000000000003F
:10655C00000000000000000000000000000000002F
:10656C00000000000000000000000000000000001F
:10657C00000000000000000000000000000000000F
:10658C0000000000000000000000000000000000FF
:10659C0000000000000000000000000000000000EF
:1065AC0000000000000000000000000000000000DF
:1065BC0000000000000000000000000000000000CF
:1065CC0000000000000000000000000000000000BF
:1065DC0000000000000000000000000000000000AF
:1065EC00000000000000000000000000000000009F
:1065FC00000000000000000000000000000000008F
:10660C00000000000000000000000000000000007E
:10661C00000000000000000000000000000000006E
:10662C00000000000000000000000000000000005E
:10663C00000000000000000000000000000000004E
:10664C00000000000000000000000000000000003E
:10665C00000000000000000000000000000000002E
:10666C00000000000000000000000000000000001E
:10667C00000000000000000000000000000000000E
:10668C0000000000000000000000000000000000FE
:10669C0000000000000000000000000000000000EE
:1066AC0000000000000000000000000000000000DE
:1066BC0000000000000000000000000000000000CE
:1066CC0000000000000000000000000000000000BE
:1066DC0000000000000000000000000000000000AE
:1066EC00000000000000000000000000000000009E
:1066FC00000000000000000000000000000000008E
:10670C00000000000000000000000000000000007D
:10671C00000000000000000000000000000000006D
:10672C00000000000000000000000000000000005D
:10673C00000000000000000000000000000000004D
:10674C00000000000000000000000000000000003D
:10675C00000000000000000000000000000000002D
:10676C00000000000000000000000000000000001D
:10677C00000000000000000000000000000000000D
:10678C0000000000000000000000000000000000FD
:10679C0000000000000000000000000000000000ED
:1067AC0000000000000000000000000000000000DD
:1067BC0000000000000000000000000000000000CD
:1067CC0000000000000000000000000000000000BD
:1067DC0000000000000000000000000000000000AD
:1067EC00000000000000000000000000000000009D
:1067FC00000000000000000000000000000000008D
:10680C00000000000000000000000000000000007C
:10681C00000000000000000000000000000000006C
:10682C00000000000000000000000000000000005C
:10683C00000000000000000000000000000000004C
:10684C00000000000000000000000000000000003C
:10685C00000000000000000000000000000000002C
:10686C00000000000000000000000000000000001C
:10687C00000000000000000000000000000000000C
:10688C0000000000000000000000000000000000FC
:10689C0000000000000000000000000000000000EC
:1068AC0000000000000000000000000000000000DC
:1068BC0000000000000000000000000000000000CC
:1068CC0000000000000000000000000000000000BC
:1068DC0000000000000000000000000000000000AC
:1068EC00000000000000000000000000000000009C
:1068FC00000000000000000000000000000000008C
:10690C00000000000000000000000000000000007B
:10691C00000000000000000000000000000000006B
:10692C00000000000000000000000000000000005B
:10693C00000000000000000000000000000000004B
:10694C00000000000000000000000000000000003B
:10695C00000000000000000000000000000000002B
:10696C00000000000000000000000000000000001B
:10697C00000000000000000000000000000000000B
:10698C0000000000000000000000000000000000FB
:10699C0000000000000000000000000000000000EB
:1069AC0000000000000000000000000000000000DB
:1069BC0000000000000000000000000000000000CB
:1069CC0000000000000000000000000000000000BB
:1069DC0000000000000000000000000000000000AB
:1069EC00000000000000000000000000000000009B
:1069FC00000000000000000000000000000000008B
:106A0C00000000000000000000000000000000007A
:106A1C00000000000000000000000000000000006A
:106A2C00000000000000000000000000000000005A
:106A3C00000000000000000000000000000000004A
:106A4C00000000000000000000000000000000003A
:106A5C00000000000000000000000000000000002A
:106A6C00000000000000000000000000000000001A
:106A7C00000000000000000000000000000000000A
:106A8C0000000000000000000000000000000000FA
:106A9C0000000000000000000000000000000000EA
:106AAC0000000000000000000000000000000000DA
:106ABC0000000000000000000000000000000000CA
:106ACC0000000000000000000000000000000000BA
:106ADC0000000000000000000000000000000000AA
:106AEC00000000000000000000000000000000009A
:106AFC00000000000000000000000000000000008A
:106B0C000000000000000000000000000000000079
:106B1C000000000000000000000000000000000069
:106B2C000000000000000000000000000000000059
:106B3C000000000000000000000000000000000049
:106B4C000000000000000000000000000000000039
:106B5C000000000000000000000000000000000029
:106B6C000000000000000000000000000000000019
:106B7C000000000000000000000000000000000009
:106B8C0000000000000000000000000000000000F9
:106B9C0000000000000000000000000000000000E9
:106BAC0000000000000000000000000000000000D9
:106BBC0000000000000000000000000000000000C9
:106BCC0000000000000000000000000000000000B9
:106BDC0000000000000000000000000000000000A9
:106BEC000000000000000000000000000000000099
:106BFC000000000000000000000000000000000089
:106C0C000000000000000000000000000000000078
:106C1C000000000000000000000000000000000068
:106C2C000000000000000000000000000000000058
:106C3C000000000000000000000000000000000048
:106C4C000000000000000000000000000000000038
:106C5C000000000000000000000000000000000028
:106C6C000000000000000000000000000000000018
:106C7C000000000000000000000000000000000008
:106C8C0000000000000000000000000000000000F8
:106C9C0000000000000000000000000000000000E8
:106CAC0000000000000000000000000000000000D8
:106CBC0000000000000000000000000000000000C8
:106CCC0000000000000000000000000000000000B8
:106CDC0000000000000000000000000000000000A8
:106CEC000000000000000000000000000000000098
:106CFC000000000000000000000000000000000088
:106D0C000000000000000000000000000000000077
:106D1C000000000000000000000000000000000067
:106D2C000000000000000000000000000000000057
:106D3C000000000000000000000000000000000047
:106D4C000000000000000000000000000000000037
:106D5C000000000000000000000000000000000027
:106D6C000000000000000000000000000000000017
:106D7C000000000000000000000000000000000007
:106D8C0000000000000000000000000000000000F7
:106D9C0000000000000000000000000000000000E7
:106DAC0000000000000000000000000000000000D7
:106DBC0000000000000000000000000000000000C7
:106DCC0000000000000000000000000000000000B7
:106DDC0000000000000000000000000000000000A7
:106DEC000000000000000000000000000000000097
:106DFC000000000000000000000000000000000087
:106E0C000000000000000000000000000000000076
:106E1C000000000000000000000000000000000066
:106E2C000000000000000000000000000000000056
:106E3C000000000000000000000000000000000046
:106E4C000000000000000000000000000000000036
:106E5C000000000000000000000000000000000026
:106E6C000000000000000000000000000000000016
:106E7C000000000000000000000000000000000006
:106E8C0000000000000000000000000000000000F6
:106E9C0000000000000000000000000000000000E6
:106EAC0000000000000000000000000000000000D6
:106EBC0000000000000000000000000000000000C6
:106ECC0000000000000000000000000000000000B6
:106EDC0000000000000000000000000000000000A6
:106EEC000000000000000000000000000000000096
:106EFC000000000000000000000000000000000086
:106F0C000000000000000000000000000000000075
:106F1C000000000000000000000000000000000065
:106F2C000000000000000000000000000000000055
:106F3C000000000000000000000000000000000045
:106F4C000000000000000000000000000000000035
:106F5C000000000000000000000000000000000025
:106F6C000000000000000000000000000000000015
:106F7C000000000000000000000000000000000005
:106F8C0000000000000000000000000000000000F5
:106F9C0000000000000000000000000000000000E5
:106FAC0000000000000000000000000000000000D5
:106FBC0000000000000000000000000000000000C5
:106FCC0000000000000000000000000000000000B5
:106FDC0000000000000000000000000000000000A5
:106FEC000000000000000000000000000000000095
:106FFC000000000000000000000000000000000085
:10700C000000000000000000000000000000000074
:10701C000000000000000000000000000000000064
:10702C000000000000000000000000000000000054
:10703C000000000000000000000000000000000044
:10704C000000000000000000000000000000000034
:10705C000000000000000000000000000000000024
:10706C000000000000000000000000000000000014
:10707C000000000000000000000000000000000004
:10708C0000000000000000000000000000000000F4
:10709C0000000000000000000000000000000000E4
:1070AC0000000000000000000000000000000000D4
:1070BC0000000000000000000000000000000000C4
:1070CC0000000000000000000000000000000000B4
:1070DC0000000000000000000000000000000000A4
:1070EC000000000000000000000000000000000094
:1070FC000000000000000000000000000000000084
:10710C000000000000000000000000000000000073
:10711C000000000000000000000000000000000063
:10712C000000000000000000000000000000000053
:10713C000000000000000000000000000000000043
:10714C000000000000000000000000000000000033
:10715C000000000000000000000000000000000023
:10716C000000000000000000000000000000000013
:10717C000000000000000000000000000000000003
:10718C0000000000000000000000000000000000F3
:10719C0000000000000000000000000000000000E3
:1071AC0000000000000000000000000000000000D3
:1071BC0000000000000000000000000000000000C3
:1071CC0000000000000000000000000000000000B3
:1071DC0000000000000000000000000000000000A3
:1071EC000000000000000000000000000000000093
:1071FC000000000000000000000000000000000083
:10720C000000000000000000000000000000000072
:10721C000000000000000000000000000000000062
:10722C000000000000000000000000000000000052
:10723C000000000000000000000000000000000042
:10724C000000000000000000000000000000000032
:10725C000000000000000000000000000000000022
:10726C000000000000000000000000000000000012
:10727C000000000000000000000000000000000002
:10728C0000000000000000000000000000000000F2
:10729C0000000000000000000000000000000000E2
:1072AC0000000000000000000000000000000000D2
:1072BC0000000000000000000000000000000000C2
:1072CC0000000000000000000000000000000000B2
:1072DC0000000000000000000000000000000000A2
:1072EC000000000000000000000000000000000092
:1072FC000000000000000000000000000000000082
:10730C000000000000000000000000000000000071
:10731C000000000000000000000000000000000061
:10732C000000000000000000000000000000000051
:10733C000000000000000000000000000000000041
:10734C000000000000000000000000000000000031
:10735C000000000000000000000000000000000021
:10736C000000000000000000000000000000000011
:10737C000000000000000000000000000000000001
:10738C0000000000000000000000000000000000F1
:10739C0000000000000000000000000000000000E1
:1073AC0000000000000000000000000000000000D1
:1073BC0000000000000000000000000000000000C1
:1073CC0000000000000000000000000000000000B1
:1073DC0000000000000000000000000000000000A1
:1073EC000000000000000000000000000000000091
:1073FC000000000000000000000000000000000081
:10740C000000000000000000000000000000000070
:10741C000000000000000000000000000000000060
:10742C000000000000000000000000000000000050
:10743C000000000000000000000000000000000040
:10744C000000000000000000000000000000000030
:10745C000000000000000000000000000000000020
:10746C000000000000000000000000000000000010
:10747C000000000000000000000000000000000000
:10748C0000000000000000000000000000000000F0
:10749C0000000000000000000000000000000000E0
:1074AC0000000000000000000000000000000000D0
:1074BC0000000000000000000000000000000000C0
:1074CC0000000000000000000000000000000000B0
:1074DC0000000000000000000000000000000000A0
:1074EC000000000000000000000000000000000090
:1074FC000000000000000000000000000000000080
:10750C00000000000000000000000000000000006F
:10751C00000000000000000000000000000000005F
:10752C00000000000000000000000000000000004F
:10753C00000000000000000000000000000000003F
:10754C00000000000000000000000000000000002F
:10755C00000000000000000000000000000000001F
:10756C00000000000000000000000000000000000F
:10757C0000000000000000000000000000000000FF
:10758C0000000000000000000000000000000000EF
:10759C0000000000000000000000000000000000DF
:1075AC0000000000000000000000000000000000CF
:1075BC0000000000000000000000000000000000BF
:1075CC0000000000000000000000000000000000AF
:1075DC00000000000000000000000000000000009F
:1075EC00000000000000000000000000000000008F
:1075FC00000000000000000000000000000000007F
:10760C00000000000000000000000000000000006E
:10761C00000000000000000000000000000000005E
:10762C00000000000000000000000000000000004E
:10763C00000000000000000000000000000000003E
:10764C00000000000000000000000000000000002E
:10765C00000000000000000000000000000000001E
:10766C00000000000000000000000000000000000E
:10767C0000000000000000000000000000000000FE
:10768C0000000000000000000000000000000000EE
:10769C0000000000000000000000000000000000DE
:1076AC0000000000000000000000000000000000CE
:1076BC0000000000000000000000000000000000BE
:1076CC0000000000000000000000000000000000AE
:1076DC00000000000000000000000000000000009E
:1076EC00000000000000000000000000000000008E
:1076FC00000000000000000000000000000000007E
:10770C00000000000000000000000000000000006D
:10771C00000000000000000000000000000000005D
:10772C00000000000000000000000000000000004D
:10773C00000000000000000000000000000000003D
:10774C00000000000000000000000000000000002D
:10775C00000000000000000000000000000000001D
:10776C00000000000000000000000000000000000D
:10777C0000000000000000000000000000000000FD
:10778C0000000000000000000000000000000000ED
:10779C0000000000000000000000000000000000DD
:1077AC0000000000000000000000000000000000CD
:1077BC0000000000000000000000000000000000BD
:1077CC0000000000000000000000000000000000AD
:1077DC00000000000000000000000000000000009D
:1077EC00000000000000000000000000000000008D
:1077FC00000000000000000000000000000000007D
:10780C00000000000000000000000000000000006C
:10781C00000000000000000000000000000000005C
:10782C00000000000000000000000000000000004C
:10783C00000000000000000000000000000000003C
:10784C00000000000000000000000000000000002C
:10785C00000000000000000000000000000000001C
:10786C00000000000000000000000000000000000C
:10787C0000000000000000000000000000000000FC
:10788C0000000000000000000000000000000000EC
:10789C0000000000000000000000000000000000DC
:1078AC0000000000000000000000000000000000CC
:1078BC0000000000000000000000000000000000BC
:1078CC0000000000000000000000000000000000AC
:1078DC00000000000000000000000000000000009C
:1078EC00000000000000000000000000000000008C
:1078FC00000000000000000000000000000000007C
:10790C00000000000000000000000000000000006B
:10791C00000000000000000000000000000000005B
:10792C00000000000000000000000000000000004B
:10793C00000000000000000000000000000000003B
:10794C00000000000000000000000000000000002B
:10795C00000000000000000000000000000000001B
:10796C00000000000000000000000000000000000B
:10797C0000000000000000000000000000000000FB
:10798C0000000000000000000000000000000000EB
:10799C0000000000000000000000000000000000DB
:1079AC0000000000000000000000000000000000CB
:1079BC0000000000000000000000000000000000BB
:1079CC0000000000000000000000000000000000AB
:1079DC00000000000000000000000000000000009B
:1079EC00000000000000000000000000000000008B
:1079FC00000000000000000000000000000000007B
:107A0C00000000000000000000000000000000006A
:107A1C00000000000000000000000000000000005A
:107A2C00000000000000000000000000000000004A
:107A3C00000000000000000000000000000000003A
:107A4C00000000000000000000000000000000002A
:107A5C00000000000000000000000000000000001A
:107A6C00000000000000000000000000000000000A
:107A7C0000000000000000000000000000000000FA
:107A8C0000000000000000000000000000000000EA
:107A9C0000000000000000000000000000000000DA
:107AAC0000000000000000000000000000000000CA
:107ABC0000000000000000000000000000000000BA
:107ACC0000000000000000000000000000000000AA
:107ADC00000000000000000000000000000000009A
:107AEC00000000000000000000000000000000008A
:107AFC00000000000000000000000000000000007A
:107B0C000000000000000000000000000000000069
:107B1C000000000000000000000000000000000059
:107B2C000000000000000000000000000000000049
:107B3C000000000000000000000000000000000039
:107B4C000000000000000000000000000000000029
:107B5C000000000000000000000000000000000019
:107B6C000000000000000000000000000000000009
:107B7C0000000000000000000000000000000000F9
:107B8C0000000000000000000000000000000000E9
:107B9C0000000000000000000000000000000000D9
:107BAC0000000000000000000000000000000000C9
:107BBC0000000000000000000000000000000000B9
:107BCC0000000000000000000000000000000000A9
:107BDC000000000000000000000000000000000099
:107BEC000000000000000000000000000000000089
:107BFC000000000000000000000000000000000079
:107C0C000000000000000000000000000000000068
:107C1C000000000000000000000000000000000058
:107C2C000000000000000000000000000000000048
:107C3C000000000000000000000000000000000038
:107C4C000000000000000000000000000000000028
:107C5C000000000000000000000000000000000018
:107C6C000000000000000000000000000000000008
:107C7C0000000000000000000000000000000000F8
:107C8C0000000000000000000000000000000000E8
:107C9C0000000000000000000000000000000000D8
:107CAC0000000000000000000000000000000000C8
:107CBC0000000000000000000000000000000000B8
:107CCC0000000000000000000000000000000000A8
:107CDC000000000000000000000000000000000098
:107CEC000000000000000000000000000000000088
:107CFC000000000000000000000000000000000078
:107D0C000000000000000000000000000000000067
:107D1C000000000000000000000000000000000057
:107D2C000000000000000000000000000000000047
:107D3C000000000000000000000000000000000037
:107D4C000000000000000000000000000000000027
:107D5C000000000000000000000000000000000017
:107D6C000000000000000000000000000000000007
:107D7C0000000000000000000000000000000000F7
:107D8C0000000000000000000000000000000000E7
:107D9C0000000000000000000000000000000000D7
:107DAC0000000000000000000000000000000000C7
:107DBC0000000000000000000000000000000000B7
:107DCC0000000000000000000000000000000000A7
:107DDC000000000000000000000000000000000097
:107DEC000000000000000000000000000000000087
:107DFC000000000000000000000000000000000077
:107E0C000000000000000000000000000000000066
:107E1C000000000000000000000000000000000056
:107E2C000000000000000000000000000000000046
:107E3C000000000000000000000000000000000036
:107E4C000000000000000000000000000000000026
:107E5C000000000000000000000000000000000016
:107E6C000000000000000000000000000000000006
:107E7C0000000000000000000000000000000000F6
:107E8C0000000000000000000000000000000000E6
:107E9C0000000000000000000000000000000000D6
:107EAC0000000000000000000000000000000000C6
:107EBC0000000000000000000000000000000000B6
:107ECC0000000000000000000000000000000000A6
:107EDC000000000000000000000000000000000096
:107EEC000000000000000000000000000000000086
:107EFC000000000000000000000000000000000076
:107F0C000000000000000000000000000000000065
:107F1C000000000000000000000000000000000055
:107F2C000000000000000000000000000000000045
:107F3C000000000000000000000000000000000035
:107F4C000000000000000000000000000000000025
:0400000508048A253C
:00000001FF
